form_code,protocol_code,ordinal,source_page,source_locator,source_refs,original_text,text_digest,proposal_id,proposed_risk_band,proposed_risk_domain,safety_critical_proposal,source_mapping_state,source_authority_state,risk_classification_state,decision_state
"FSS-AGA-FORM-002","AGA 002.101","1","1","raw PDF page 1; AGA 002.101; Protocol question column","NAMCARs 139.10.2 | NAMCATS 139.10.2","Has the applicant determined the equivalent of civilian aerodrome reference code for the military aerodrome?","sha256:60e3f5c234faaa7ba1ba40636cbbbd116965c8df9066b186f272c6b0c4c61a4a","all-forms-preview-002-0001","PROPOSED_CONTROL_ASSURANCE","GOVERNANCE_AND_RECORDS","false","SOURCE_MAPPING_REQUIRED","NOT_ATTESTED","CANDIDATE_INTERPRETATION_REQUIRES_EXPERT_REVIEW","NOT_SUPPLIED"
"FSS-AGA-FORM-002","AGA 002.102","2","1","raw PDF page 1; AGA 002.102; Protocol question column","NAMCARs 139.10.2 | NAMCATS 139.10.2","Does the selected aerodrome reference code correspond to the outer main gear wheel span of the civilian aircraft intended to be used?","sha256:34f9bdf4e2421dddc2ad958ba4fd4ea9c4bc7f91ce0486adedf81a93f5459c83","all-forms-preview-002-0002","PROPOSED_SAFETY_CRITICAL","AERODROME_OPERATIONAL_SAFETY","true","SOURCE_MAPPING_REQUIRED","NOT_ATTESTED","CANDIDATE_INTERPRETATION_REQUIRES_EXPERT_REVIEW","NOT_SUPPLIED"
"FSS-AGA-FORM-002","AGA 002.103","3","1","raw PDF page 1; AGA 002.103; Protocol question column","NAMCARs 139.10.2 | NAMCATS 139.10.2","Are the dimensions of the runway of the military aerodrome compatible with the type of aircraft the applicant intends to use?","sha256:4092fe3924529c77aa2041eff21926cb0bf63ddf67415f16c4df5d7de363eaf2","all-forms-preview-002-0003","PROPOSED_SAFETY_CRITICAL","AERODROME_OPERATIONAL_SAFETY","true","SOURCE_MAPPING_REQUIRED","NOT_ATTESTED","CANDIDATE_INTERPRETATION_REQUIRES_EXPERT_REVIEW","NOT_SUPPLIED"
"FSS-AGA-FORM-002","AGA 002.104","4","2","raw PDF page 2; AGA 002.104; Protocol question column","NAMCARs 139.09.9 | NAMCATS 139.09.9","Has the organization declared distances for each runway?","sha256:4143e582fbe43af38b924161d597a9377729984a92d9e64107626d77a369a8c7","all-forms-preview-002-0004","PROPOSED_SAFETY_CRITICAL","AERODROME_OPERATIONAL_SAFETY","true","SOURCE_MAPPING_REQUIRED","NOT_ATTESTED","CANDIDATE_INTERPRETATION_REQUIRES_EXPERT_REVIEW","NOT_SUPPLIED"
"FSS-AGA-FORM-002","AGA 002.105","5","2","raw PDF page 2; AGA 002.105; Protocol question column","NAMCARs 139.09.9 | NAMCATS 139.09.9","Are the declared distances for the runways intended to civil aircraft compatible with the type of aircraft the applicant intends to use?","sha256:cc61a5d090f86aafd0facb5ea33234d71429df978d1b492a8732d43ec4756f23","all-forms-preview-002-0005","PROPOSED_SAFETY_CRITICAL","AERODROME_OPERATIONAL_SAFETY","true","SOURCE_MAPPING_REQUIRED","NOT_ATTESTED","CANDIDATE_INTERPRETATION_REQUIRES_EXPERT_REVIEW","NOT_SUPPLIED"
"FSS-AGA-FORM-002","AGA 002.106","6","2","raw PDF page 2; AGA 002.106; Protocol question column","NAMCARs 139.09.9 | NAMCATS 139.09.9 | NAMCARs 139.10.4 | NAMCATS 139.10.4","Are the runways intended for civil aircraft provided with turn pad?","sha256:db85f759d0b36a36d4096f0c10c5bb7b3b6943af9f7634a9dc195ff58d7b2827","all-forms-preview-002-0006","PROPOSED_SAFETY_CRITICAL","AERODROME_OPERATIONAL_SAFETY","true","SOURCE_MAPPING_REQUIRED","NOT_ATTESTED","CANDIDATE_INTERPRETATION_REQUIRES_EXPERT_REVIEW","NOT_SUPPLIED"
"FSS-AGA-FORM-002","AGA 002.108","7","2","raw PDF page 2; AGA 002.108; Protocol question column","NAMCARs 139.10.4 | NAMCATS 139.10.4 | NAMCARs 139.10.8 | NAMCATS 139.10.8 | NAMCARs 139.10.5 | NAMCATS 139.10.5","Is the runway and any associated stopways included in an adequate strip?","sha256:ee85aba0b0a10132754f4ab05600015e557330b1d5ca228647d33ae92b055d8a","all-forms-preview-002-0007","PROPOSED_SAFETY_CRITICAL","AERODROME_OPERATIONAL_SAFETY","true","SOURCE_MAPPING_REQUIRED","NOT_ATTESTED","CANDIDATE_INTERPRETATION_REQUIRES_EXPERT_REVIEW","NOT_SUPPLIED"
"FSS-AGA-FORM-002","AGA 002.109","8","2","raw PDF page 2; AGA 002.109; Protocol question column","NAMCARs 139.10.4 | NAMCATS 139.10.4 | NAMCARs 139.10.8 | NAMCATS 139.10.8 | NAMCARs 139.10.5 | NAMCATS 139.10.5 | NAMCARs 139.10.6","Is the runway strip free from fixed object, other than frangible visual aids required for air navigation purposes?","sha256:1ca8a53bb9cd307636d748d2da354dde7b61a304a4e502ce6dcae405c0fe7f49","all-forms-preview-002-0008","PROPOSED_SAFETY_CRITICAL","AERODROME_OPERATIONAL_SAFETY","true","SOURCE_MAPPING_REQUIRED","NOT_ATTESTED","CANDIDATE_INTERPRETATION_REQUIRES_EXPERT_REVIEW","NOT_SUPPLIED"
"FSS-AGA-FORM-002","AGA 002.110","9","2","raw PDF page 2; AGA 002.110; Protocol question column","NAMCARs 139.10.8 | NAMCATS 139.10.8 | NAMCARs 139.10.5 | NAMCATS 139.10.5 | NAMCARs 139.10.6 | NAMCATS 139.10.6","Are the runways strips intended to civil aircraft provided with runway end safety area?","sha256:0406401f6ee73e9b9545e872aca5aa4400fdf9ca8fc6c0af4ff6d4b4974941f3","all-forms-preview-002-0009","PROPOSED_SAFETY_CRITICAL","AERODROME_OPERATIONAL_SAFETY","true","SOURCE_MAPPING_REQUIRED","NOT_ATTESTED","CANDIDATE_INTERPRETATION_REQUIRES_EXPERT_REVIEW","NOT_SUPPLIED"
"FSS-AGA-FORM-002","AGA 002.111","10","3","raw PDF page 3; AGA 002.111; Protocol question column","NAMCARs 139.10.6 | NAMCATS 139.10.6 | NAMCARs 139.10.10 | NAMCATS 139.10.10","Are the dimensions of the taxiways of the military aerodrome compatible with the type of aircraft the applicant intends to use?","sha256:22a948189fa429c8d4da8ed2bae5f0b0e70142b3f1f20d33fc10efa79b4e4503","all-forms-preview-002-0010","PROPOSED_SAFETY_CRITICAL","AERODROME_OPERATIONAL_SAFETY","true","SOURCE_MAPPING_REQUIRED","NOT_ATTESTED","CANDIDATE_INTERPRETATION_REQUIRES_EXPERT_REVIEW","NOT_SUPPLIED"
"FSS-AGA-FORM-002","AGA 002.112","11","3","raw PDF page 3; AGA 002.112; Protocol question column","NAMCARs 139.10.10 | NAMCATS 139.10.10","Are the separations distances between taxiways centre line and runway centre line compatible with the civilian code of the aerodrome?","sha256:8b939fb74d6ad219d81318707d8adc113acf8988522f5c920945e5636c5a1424","all-forms-preview-002-0011","PROPOSED_SAFETY_CRITICAL","AERODROME_OPERATIONAL_SAFETY","true","SOURCE_MAPPING_REQUIRED","NOT_ATTESTED","CANDIDATE_INTERPRETATION_REQUIRES_EXPERT_REVIEW","NOT_SUPPLIED"
"FSS-AGA-FORM-002","AGA 002.113","12","3","raw PDF page 3; AGA 002.113; Protocol question column","NAMCARs 139.10.10 | NAMCATS 139.10.10","Are the separations distances between taxiways centre line to taxiway centreline compatible with the civilian code of the aerodrome?","sha256:6346ec4525e90d8882959c88764b04c1c530e95ceba36cf91da28024e0dbfef9","all-forms-preview-002-0012","PROPOSED_CONTROL_ASSURANCE","GOVERNANCE_AND_RECORDS","false","SOURCE_MAPPING_REQUIRED","NOT_ATTESTED","CANDIDATE_INTERPRETATION_REQUIRES_EXPERT_REVIEW","NOT_SUPPLIED"
"FSS-AGA-FORM-002","AGA 002.114","13","3","raw PDF page 3; AGA 002.114; Protocol question column","NAMCARs 139.10.10 | NAMCATS 139.10.10","Are the separations distances between taxiway, other than aircraft stand taxilane, centre line to object compatible with the civilian code of the aerodrome?","sha256:78008bd90f7995365dfd2036c7c53edb7b46c9ce1638be2331884ba2fa07675a","all-forms-preview-002-0013","PROPOSED_SAFETY_CRITICAL","AERODROME_OPERATIONAL_SAFETY","true","SOURCE_MAPPING_REQUIRED","NOT_ATTESTED","CANDIDATE_INTERPRETATION_REQUIRES_EXPERT_REVIEW","NOT_SUPPLIED"
"FSS-AGA-FORM-002","AGA 002.115","14","3","raw PDF page 3; AGA 002.115; Protocol question column","NAMCARs 139.10.10 | NAMCATS 139.10.10","Are the separations distances aircraft stand taxilane, centre line to object compatible with the civilian code of the aerodrome?","sha256:867e2dd433b1d5c6fe0e6d7ea04ba99908cd50a6fdbec482196871d098dbccde","all-forms-preview-002-0014","PROPOSED_SAFETY_CRITICAL","AERODROME_OPERATIONAL_SAFETY","true","SOURCE_MAPPING_REQUIRED","NOT_ATTESTED","CANDIDATE_INTERPRETATION_REQUIRES_EXPERT_REVIEW","NOT_SUPPLIED"
"FSS-AGA-FORM-002","AGA 002.116","15","4","raw PDF page 4; AGA 002.116; Protocol question column","NAMCARs 139.10.10 | NAMCATS 139.10.10 | NAMCARs 139.10.13 | NAMCATS 139.10.13","Are runway-holding positions provided?","sha256:81cecc8eb2430fab75bc9c8c5171ca33ac946f33ba6b5c174587591aaf123e01","all-forms-preview-002-0015","PROPOSED_SAFETY_CRITICAL","AERODROME_OPERATIONAL_SAFETY","true","SOURCE_MAPPING_REQUIRED","NOT_ATTESTED","CANDIDATE_INTERPRETATION_REQUIRES_EXPERT_REVIEW","NOT_SUPPLIED"
"FSS-AGA-FORM-002","AGA 002.117","16","4","raw PDF page 4; AGA 002.117; Protocol question column","NAMCARs 139.10.13 | NAMCATS 139.10.13","Are the locations of the runway- holding positions compatible with the requirements for protection of navigation aids?","sha256:b7848653c0a869cdb8596fc3afdd2c7f1c38225331a2ce273f232c006748a5e5","all-forms-preview-002-0016","PROPOSED_SAFETY_CRITICAL","AERODROME_OPERATIONAL_SAFETY","true","SOURCE_MAPPING_REQUIRED","NOT_ATTESTED","CANDIDATE_INTERPRETATION_REQUIRES_EXPERT_REVIEW","NOT_SUPPLIED"
"FSS-AGA-FORM-002","AGA 002.118","17","4","raw PDF page 4; AGA 002.118; Protocol question column","NAMCARs 139.10.13 | NAMCATS 139.10.13 | NAMCARs 139.10.14 | NAMCATS 139.10.14","Is there an apron stand compatible for the use of the type of aircraft the applicant intends to use?","sha256:585bc5700fbdc5189c87ce213055b5462bbe3697e3d006bd0226fc6ce77818e9","all-forms-preview-002-0017","PROPOSED_SAFETY_CRITICAL","AERODROME_OPERATIONAL_SAFETY","true","SOURCE_MAPPING_REQUIRED","NOT_ATTESTED","CANDIDATE_INTERPRETATION_REQUIRES_EXPERT_REVIEW","NOT_SUPPLIED"
"FSS-AGA-FORM-002","AGA 002.201","18","4","raw PDF page 4; AGA 002.201; Protocol question column","NAMCARs 139.10.14 | NAMCATS 139.10.14 | NAMCARs 139.11.4 | NAMCATS 139.11.4","Is the aerodrome provided with conical surfaces?","sha256:05416fe5fb9fa39bf78e887af97f8ea39fd42f1f097f017b33c9f4c3dd463096","all-forms-preview-002-0018","PROPOSED_CONTROL_ASSURANCE","GOVERNANCE_AND_RECORDS","false","SOURCE_MAPPING_REQUIRED","NOT_ATTESTED","CANDIDATE_INTERPRETATION_REQUIRES_EXPERT_REVIEW","NOT_SUPPLIED"
"FSS-AGA-FORM-002","AGA 002.202","19","4","raw PDF page 4; AGA 002.202; Protocol question column","NAMCARs 139.10.14 | NAMCATS 139.10.14 | NAMCARs 139.11.4 | NAMCATS 139.11.4","Is the aerodrome provided with inner horizontal surfaces?","sha256:0ca1ad4c81b3eeed308c5f565a0a3a97f01972d5e19a8287efc91799b1b2b4e2","all-forms-preview-002-0019","PROPOSED_CONTROL_ASSURANCE","GOVERNANCE_AND_RECORDS","false","SOURCE_MAPPING_REQUIRED","NOT_ATTESTED","CANDIDATE_INTERPRETATION_REQUIRES_EXPERT_REVIEW","NOT_SUPPLIED"
"FSS-AGA-FORM-002","AGA 002.203","20","4","raw PDF page 4; AGA 002.203; Protocol question column","NAMCARs 139.11.4 | NAMCATS 139.11.4","Is the aerodrome provided with approach surfaces?","sha256:3b87ffacc2ba6d4c57ed2629322f65bf2921463baf054a2f4ae4071ef7974ecf","all-forms-preview-002-0020","PROPOSED_CONTROL_ASSURANCE","GOVERNANCE_AND_RECORDS","false","SOURCE_MAPPING_REQUIRED","NOT_ATTESTED","CANDIDATE_INTERPRETATION_REQUIRES_EXPERT_REVIEW","NOT_SUPPLIED"
"FSS-AGA-FORM-002","AGA 002.204","21","4","raw PDF page 4; AGA 002.204; Protocol question column","NAMCARs 139.11.4 | NAMCATS 139.11.4","is the aerodrome provided with transitional surfaces?","sha256:eac83a9f03dac143f59284fa17cb9f570ee089f3acd8a4eb7c483b562090c9ec","all-forms-preview-002-0021","PROPOSED_CONTROL_ASSURANCE","GOVERNANCE_AND_RECORDS","false","SOURCE_MAPPING_REQUIRED","NOT_ATTESTED","CANDIDATE_INTERPRETATION_REQUIRES_EXPERT_REVIEW","NOT_SUPPLIED"
"FSS-AGA-FORM-002","AGA 002.205","22","5","raw PDF page 5; AGA 002.205; Protocol question column","NAMCARs 139.11.4 | NAMCATS 139.11.4","is the aerodrome provided with inner approach surfaces?","sha256:80cb4ef9bef47aaec6f437ee0308b8bb93aa1be7c1a3846e78ea2e2cf3848e16","all-forms-preview-002-0022","PROPOSED_CONTROL_ASSURANCE","GOVERNANCE_AND_RECORDS","false","SOURCE_MAPPING_REQUIRED","NOT_ATTESTED","CANDIDATE_INTERPRETATION_REQUIRES_EXPERT_REVIEW","NOT_SUPPLIED"
"FSS-AGA-FORM-002","AGA 002.206","23","5","raw PDF page 5; AGA 002.206; Protocol question column","NAMCARs 139.11.4 | NAMCATS 139.11.4","is the aerodrome provided with balk landing surfaces?","sha256:7ed47f3f4ce490ebd4b0f5519a8e55bd9de5e8e919010695e277122227e91db4","all-forms-preview-002-0023","PROPOSED_CONTROL_ASSURANCE","GOVERNANCE_AND_RECORDS","false","SOURCE_MAPPING_REQUIRED","NOT_ATTESTED","CANDIDATE_INTERPRETATION_REQUIRES_EXPERT_REVIEW","NOT_SUPPLIED"
"FSS-AGA-FORM-002","AGA 002.207","24","5","raw PDF page 5; AGA 002.207; Protocol question column","NAMCARs 139.11.4 | NAMCATS 139.11.4","is the aerodrome provided with take-off climb surfaces?","sha256:799dc48fd9f76298c3419c1a8408d9b203fd1c4560b92b52e5567377b816a932","all-forms-preview-002-0024","PROPOSED_CONTROL_ASSURANCE","GOVERNANCE_AND_RECORDS","false","SOURCE_MAPPING_REQUIRED","NOT_ATTESTED","CANDIDATE_INTERPRETATION_REQUIRES_EXPERT_REVIEW","NOT_SUPPLIED"
"FSS-AGA-FORM-002","AGA 002.209","25","5","raw PDF page 5; AGA 002.209; Protocol question column","NAMCARs 139.11.4 | NAMCATS 139.11.4 | NAMCARs 139.1","is the aerodrome provided with an obstacle’s protection surface?","sha256:0c1a0717362006aa7c3d459ac9180b0afbc837981fc174ef4d475de4426be789","all-forms-preview-002-0025","PROPOSED_SAFETY_CRITICAL","AERODROME_OPERATIONAL_SAFETY","true","SOURCE_MAPPING_REQUIRED","NOT_ATTESTED","CANDIDATE_INTERPRETATION_REQUIRES_EXPERT_REVIEW","NOT_SUPPLIED"
"FSS-AGA-FORM-002","AGA 002.301","26","5","raw PDF page 5; AGA 002.301; Protocol question column","NAMCARs 139.11.4 | NAMCATS 139.11.4 | NAMCARs 139.12.2 | NAMCATS 139.12.2","Is the aerodrome provided with wind direction indicator?","sha256:45ead6095b2d239cc8f8bece88d410682de95651e0829c60d4781539b24fc622","all-forms-preview-002-0026","PROPOSED_CONTROL_ASSURANCE","GOVERNANCE_AND_RECORDS","false","SOURCE_MAPPING_REQUIRED","NOT_ATTESTED","CANDIDATE_INTERPRETATION_REQUIRES_EXPERT_REVIEW","NOT_SUPPLIED"
"FSS-AGA-FORM-002","AGA 002.303","27","5","raw PDF page 5; AGA 002.303; Protocol question column","NAMCARs 139.11.4 | NAMCATS 139.11.4 | NAMCARs 139.12.2 | NAMCATS 139.12.2 | NAMCARs 139.12.3 | NAMCATS 139.12.3 | NAMCARs 139.12.4 | NAMCATS 139.12.4","Is the aerodrome provided with landing direction indicator?","sha256:4210257523e0b1fff101c3805fa6ee27537fd8c893ca0f2bad06a91585af73f0","all-forms-preview-002-0027","PROPOSED_CONTROL_ASSURANCE","GOVERNANCE_AND_RECORDS","false","SOURCE_MAPPING_REQUIRED","NOT_ATTESTED","CANDIDATE_INTERPRETATION_REQUIRES_EXPERT_REVIEW","NOT_SUPPLIED"
"FSS-AGA-FORM-002","AGA 002.305","28","5","raw PDF page 5; AGA 002.305; Protocol question column","NAMCARs 139.12.2 | NAMCATS 139.12.2 | NAMCARs 139.12.3 | NAMCATS 139.12.3 | NAMCARs 139.12.4 | NAMCATS 139.12.4 | NAMCARs 139.12.6 | NAMCATS 139.12.6","Is the aerodrome provided with signalling lamp?","sha256:3e1c3cd0267979a384a469f5a561230b9f1eb542c862114f817f1f61fe35fd65","all-forms-preview-002-0028","PROPOSED_CONTROL_ASSURANCE","GOVERNANCE_AND_RECORDS","false","SOURCE_MAPPING_REQUIRED","NOT_ATTESTED","CANDIDATE_INTERPRETATION_REQUIRES_EXPERT_REVIEW","NOT_SUPPLIED"
"FSS-AGA-FORM-002","AGA 002.307","29","5","raw PDF page 5; AGA 002.307; Protocol question column","NAMCARs 139.12.3 | NAMCATS 139.12.3 | NAMCARs 139.12.4 | NAMCATS 139.12.4 | NAMCARs 139.12.6 | NAMCATS 139.12.6","Are runway designation markings provided?","sha256:ccbe4faac099ed0810159538031ce491f6967111177408da9c43f4b643c8769d","all-forms-preview-002-0029","PROPOSED_SAFETY_CRITICAL","AERODROME_OPERATIONAL_SAFETY","true","SOURCE_MAPPING_REQUIRED","NOT_ATTESTED","CANDIDATE_INTERPRETATION_REQUIRES_EXPERT_REVIEW","NOT_SUPPLIED"
"FSS-AGA-FORM-002","AGA 002.308","30","6","raw PDF page 6; AGA 002.308; Protocol question column","NAMCATS 139.12.4 | NAMCARs 139.12.6 | NAMCATS 139.12.6","Are runway centerline markings provided?","sha256:7011f0892e26457399c61c6af79b56db3967289692294b308cea61931fe35562","all-forms-preview-002-0030","PROPOSED_SAFETY_CRITICAL","AERODROME_OPERATIONAL_SAFETY","true","SOURCE_MAPPING_REQUIRED","NOT_ATTESTED","CANDIDATE_INTERPRETATION_REQUIRES_EXPERT_REVIEW","NOT_SUPPLIED"
"FSS-AGA-FORM-002","AGA 002.309","31","6","raw PDF page 6; AGA 002.309; Protocol question column","NAMCARs 139.12.6 | NAMCATS 139.12.6","Are arrows markings provided?","sha256:1795eb0c42ee0eaf4fae513b4c9c213585f8bceafba81e9b1c01a35fa1a9a58b","all-forms-preview-002-0031","PROPOSED_CONTROL_ASSURANCE","GOVERNANCE_AND_RECORDS","false","SOURCE_MAPPING_REQUIRED","NOT_ATTESTED","CANDIDATE_INTERPRETATION_REQUIRES_EXPERT_REVIEW","NOT_SUPPLIED"
"FSS-AGA-FORM-002","AGA 002.311","32","6","raw PDF page 6; AGA 002.311; Protocol question column","NAMCARs 139.12.6 | NAMCATS 139.12.6","Are aiming points markings provided?","sha256:eb7a5bf2953ab96fe09279d1f45da28c387de3f44f9e7e09d5a1d8a5fe381194","all-forms-preview-002-0032","PROPOSED_CONTROL_ASSURANCE","GOVERNANCE_AND_RECORDS","false","SOURCE_MAPPING_REQUIRED","NOT_ATTESTED","CANDIDATE_INTERPRETATION_REQUIRES_EXPERT_REVIEW","NOT_SUPPLIED"
"FSS-AGA-FORM-002","AGA 002.312","33","6","raw PDF page 6; AGA 002.312; Protocol question column","NAMCARs 139.12.6 | NAMCATS 139.12.6","Are touchdown zone markings provided?","sha256:c78837006b31a79df3c0a51d5d40ec7c3e404eeef257789cf4bd5dd4f8a43dc4","all-forms-preview-002-0033","PROPOSED_CONTROL_ASSURANCE","GOVERNANCE_AND_RECORDS","false","SOURCE_MAPPING_REQUIRED","NOT_ATTESTED","CANDIDATE_INTERPRETATION_REQUIRES_EXPERT_REVIEW","NOT_SUPPLIED"
"FSS-AGA-FORM-002","AGA 002.313","34","6","raw PDF page 6; AGA 002.313; Protocol question column","NAMCARs 139.12.6 | NAMCATS 139.12.6","Are runway stripe markings provided?","sha256:494d029acd9ed9923be342f9677ed666f537479ee1a0aec097d94aa9ee214ab3","all-forms-preview-002-0034","PROPOSED_SAFETY_CRITICAL","AERODROME_OPERATIONAL_SAFETY","true","SOURCE_MAPPING_REQUIRED","NOT_ATTESTED","CANDIDATE_INTERPRETATION_REQUIRES_EXPERT_REVIEW","NOT_SUPPLIED"
"FSS-AGA-FORM-002","AGA 002.315","35","6","raw PDF page 6; AGA 002.315; Protocol question column","NAMCARs 139.12.6 | NAMCATS 139.12.6","Are taxiway center-line markings provided?","sha256:51f1a456e8d0b4dca815d52cc5d025856e7c146e61d6f56fe75d28adf792a167","all-forms-preview-002-0035","PROPOSED_CONTROL_ASSURANCE","GOVERNANCE_AND_RECORDS","false","SOURCE_MAPPING_REQUIRED","NOT_ATTESTED","CANDIDATE_INTERPRETATION_REQUIRES_EXPERT_REVIEW","NOT_SUPPLIED"
"FSS-AGA-FORM-002","AGA 002.316","36","6","raw PDF page 6; AGA 002.316; Protocol question column","NAMCARs 139.12.6 | NAMCATS 139.12.6","Are runway turn- pad markings provided?","sha256:e9597ba53a29b036ffc04b82b8232695ed2a8567710848292e11330a5896a124","all-forms-preview-002-0036","PROPOSED_SAFETY_CRITICAL","AERODROME_OPERATIONAL_SAFETY","true","SOURCE_MAPPING_REQUIRED","NOT_ATTESTED","CANDIDATE_INTERPRETATION_REQUIRES_EXPERT_REVIEW","NOT_SUPPLIED"
"FSS-AGA-FORM-002","AGA 002.317","37","6","raw PDF page 6; AGA 002.317; Protocol question column","NAMCARs 139.12.6 | NAMCATS 139.12.6","Are runway holding markings provided?","sha256:8a777d812a2efc659bf1daead398eb617e10ff47340dd4c204382fba4985f307","all-forms-preview-002-0037","PROPOSED_SAFETY_CRITICAL","AERODROME_OPERATIONAL_SAFETY","true","SOURCE_MAPPING_REQUIRED","NOT_ATTESTED","CANDIDATE_INTERPRETATION_REQUIRES_EXPERT_REVIEW","NOT_SUPPLIED"
"FSS-AGA-FORM-002","AGA 002.318","38","7","raw PDF page 7; AGA 002.318; Protocol question column","NAMCARs 139.12.6 | NAMCATS 139.12.6 | NAMCARs 139.12.7 | NAMCATS 139.12.7","Has the organization conducted a survey to identify the non- aeronautical lights that may endanger the safety of aircraft?","sha256:fad8c8cfa251f6934bc880c1bbd403e7939cf8d4a7c2d4b3975e8e5a3462dda7","all-forms-preview-002-0038","PROPOSED_SAFETY_CRITICAL","AERODROME_OPERATIONAL_SAFETY","true","SOURCE_MAPPING_REQUIRED","NOT_ATTESTED","CANDIDATE_INTERPRETATION_REQUIRES_EXPERT_REVIEW","NOT_SUPPLIED"
"FSS-AGA-FORM-002","AGA 002.319","39","7","raw PDF page 7; AGA 002.319; Protocol question column","NAMCARs 139.12.7 | NAMCATS 139.12.7","Are the elevated lights frangible?","sha256:5d0d9d6017723aa53309e06aa00f471c54e14163955a27ca537f2d011f822dfa","all-forms-preview-002-0039","PROPOSED_CONTROL_ASSURANCE","GOVERNANCE_AND_RECORDS","false","SOURCE_MAPPING_REQUIRED","NOT_ATTESTED","CANDIDATE_INTERPRETATION_REQUIRES_EXPERT_REVIEW","NOT_SUPPLIED"
"FSS-AGA-FORM-002","AGA 002.320","40","7","raw PDF page 7; AGA 002.320; Protocol question column","NAMCARs 139.12.7 | NAMCATS 139.12.7","Is the intensity of runway lighting adequate for the minimum conditions of visibility and ambient light in which use of the runway is intended, and compatible with that of the nearest section of the approach lighting system?","sha256:2cfd789df439e098410bc7d704e5caecb5090e7467d1fc948fea4ba06efc3e12","all-forms-preview-002-0040","PROPOSED_SAFETY_CRITICAL","AERODROME_OPERATIONAL_SAFETY","true","SOURCE_MAPPING_REQUIRED","NOT_ATTESTED","CANDIDATE_INTERPRETATION_REQUIRES_EXPERT_REVIEW","NOT_SUPPLIED"
"FSS-AGA-FORM-002","AGA 002.321","41","7","raw PDF page 7; AGA 002.321; Protocol question column","NAMCATS 139.12.7 | NAMCARs 139.12.7","Is an aerodrome beacon or an identification beacon provided?","sha256:6bff91e0d9272dfc81b1116d595a718e186525e843fabc763ec4544bea7afdc0","all-forms-preview-002-0041","PROPOSED_CONTROL_ASSURANCE","GOVERNANCE_AND_RECORDS","false","SOURCE_MAPPING_REQUIRED","NOT_ATTESTED","CANDIDATE_INTERPRETATION_REQUIRES_EXPERT_REVIEW","NOT_SUPPLIED"
"FSS-AGA-FORM-002","AGA 002.323","42","7","raw PDF page 7; AGA 002.323; Protocol question column","NAMCARs 139.12.7 | NAMCATS 139.12.7","Is an approach lighting system provided?","sha256:03ef2456ebd1605745e33d7c103fe97356ef76b3ef1993eec453018ea031e556","all-forms-preview-002-0042","PROPOSED_CONTROL_ASSURANCE","GOVERNANCE_AND_RECORDS","false","SOURCE_MAPPING_REQUIRED","NOT_ATTESTED","CANDIDATE_INTERPRETATION_REQUIRES_EXPERT_REVIEW","NOT_SUPPLIED"
"FSS-AGA-FORM-002","AGA 002.325","43","7","raw PDF page 7; AGA 002.325; Protocol question column","NAMCARs 139.12.7 | NAMCATS 139.12.7","Is a visual approach slope indicator system provided?","sha256:3f74dbb0d25ea6d6971d6e7aa5c4d163a07289f803f28cfde06b27c02f9f3696","all-forms-preview-002-0043","PROPOSED_CONTROL_ASSURANCE","GOVERNANCE_AND_RECORDS","false","SOURCE_MAPPING_REQUIRED","NOT_ATTESTED","CANDIDATE_INTERPRETATION_REQUIRES_EXPERT_REVIEW","NOT_SUPPLIED"
"FSS-AGA-FORM-002","AGA 002.327","44","8","raw PDF page 8; AGA 002.327; Protocol question column","NAMCARs 139.12.7 | NAMCATS 139.12.7","Are runway edge lights provided.?","sha256:f2a022b2a5c6560480cfa7fab4983c0ea5218fea86fd3910a48c2bf582cba0b8","all-forms-preview-002-0044","PROPOSED_SAFETY_CRITICAL","AERODROME_OPERATIONAL_SAFETY","true","SOURCE_MAPPING_REQUIRED","NOT_ATTESTED","CANDIDATE_INTERPRETATION_REQUIRES_EXPERT_REVIEW","NOT_SUPPLIED"
"FSS-AGA-FORM-002","AGA 002.331","45","8","raw PDF page 8; AGA 002.331; Protocol question column","NAMCARs 139.12.7 | NAMCATS 139.12.7","Are wing bar lights provided?","sha256:fa8a54cdb7ca85ca1fb7ee6a13d7ceb0da271c965fe35f5d160ba6592b216b9a","all-forms-preview-002-0045","PROPOSED_CONTROL_ASSURANCE","GOVERNANCE_AND_RECORDS","false","SOURCE_MAPPING_REQUIRED","NOT_ATTESTED","CANDIDATE_INTERPRETATION_REQUIRES_EXPERT_REVIEW","NOT_SUPPLIED"
"FSS-AGA-FORM-002","AGA 002.333","46","8","raw PDF page 8; AGA 002.333; Protocol question column","NAMCARs 139.12.7 | NAMCATS 139.12.7","Are runway centre line lights provided?","sha256:9b72fa3f24f5839dc7feca6000bfd39818c34ef630173a88b0a37c3d4d0dea84","all-forms-preview-002-0046","PROPOSED_SAFETY_CRITICAL","AERODROME_OPERATIONAL_SAFETY","true","SOURCE_MAPPING_REQUIRED","NOT_ATTESTED","CANDIDATE_INTERPRETATION_REQUIRES_EXPERT_REVIEW","NOT_SUPPLIED"
"FSS-AGA-FORM-002","AGA 002.335","47","8","raw PDF page 8; AGA 002.335; Protocol question column","NAMCARs 139.12.7 | NAMCATS 139.12.7","Are touchdown zone lights provided?","sha256:06dddb34a548b8edfa503784458dc88f425008ba9d3bdb3ec0679c3bc46c7d4f","all-forms-preview-002-0047","PROPOSED_CONTROL_ASSURANCE","GOVERNANCE_AND_RECORDS","false","SOURCE_MAPPING_REQUIRED","NOT_ATTESTED","CANDIDATE_INTERPRETATION_REQUIRES_EXPERT_REVIEW","NOT_SUPPLIED"
"FSS-AGA-FORM-002","AGA 002.336","48","8","raw PDF page 8; AGA 002.336; Protocol question column","NAMCARs 139.12.7 | NAMCATS 139.12.7","Are stopway lights provided?","sha256:c9208d0b6e2cdf53fc72d39a79244d24e3c07cb43e6bb6b0ead37d6218ad8b08","all-forms-preview-002-0048","PROPOSED_CONTROL_ASSURANCE","GOVERNANCE_AND_RECORDS","false","SOURCE_MAPPING_REQUIRED","NOT_ATTESTED","CANDIDATE_INTERPRETATION_REQUIRES_EXPERT_REVIEW","NOT_SUPPLIED"
"FSS-AGA-FORM-002","AGA 002.337","49","8","raw PDF page 8; AGA 002.337; Protocol question column","NAMCARs 139.12.7 | NAMCATS 139.12.7","Are taxiway centre line lights provided?","sha256:35f36f1861f5f4c8ff7bcb26069100bc37bb34479436f39098a50777cde29fad","all-forms-preview-002-0049","PROPOSED_CONTROL_ASSURANCE","GOVERNANCE_AND_RECORDS","false","SOURCE_MAPPING_REQUIRED","NOT_ATTESTED","CANDIDATE_INTERPRETATION_REQUIRES_EXPERT_REVIEW","NOT_SUPPLIED"
"FSS-AGA-FORM-002","AGA 002.338","50","9","raw PDF page 9; AGA 002.338; Protocol question column","NAMCARs 139.12.7 | NAMCATS 139.12.7","Are taxiway edge lights provided?","sha256:b645bb8a8411b08108a7d7cee913acfc85589912c46cdc8a5fad0613d86e2f57","all-forms-preview-002-0050","PROPOSED_CONTROL_ASSURANCE","GOVERNANCE_AND_RECORDS","false","SOURCE_MAPPING_REQUIRED","NOT_ATTESTED","CANDIDATE_INTERPRETATION_REQUIRES_EXPERT_REVIEW","NOT_SUPPLIED"
"FSS-AGA-FORM-002","AGA 002.339","51","9","raw PDF page 9; AGA 002.339; Protocol question column","NAMCARs 139.12.7 | NAMCATS 139.12.7","Are runway turn pad lights provided?","sha256:0ab821e26e933ecf2da91f0649de85cdf9d8366930c72b9f19837c2f72e22137","all-forms-preview-002-0051","PROPOSED_SAFETY_CRITICAL","AERODROME_OPERATIONAL_SAFETY","true","SOURCE_MAPPING_REQUIRED","NOT_ATTESTED","CANDIDATE_INTERPRETATION_REQUIRES_EXPERT_REVIEW","NOT_SUPPLIED"
"FSS-AGA-FORM-002","AGA 002.341","52","9","raw PDF page 9; AGA 002.341; Protocol question column","NAMCARs 139.12.7 | NAMCATS 139.12.7 | NAMCARs 139.12.8 | NAMCATS 139.12.8","Are stop bars provided?","sha256:1d2d5bad4d6a4bc5414cab5d49d3dd62d9d8eaafab22630e693ee3410f70536a","all-forms-preview-002-0052","PROPOSED_CONTROL_ASSURANCE","GOVERNANCE_AND_RECORDS","false","SOURCE_MAPPING_REQUIRED","NOT_ATTESTED","CANDIDATE_INTERPRETATION_REQUIRES_EXPERT_REVIEW","NOT_SUPPLIED"
"FSS-AGA-FORM-002","AGA 002.343","53","9","raw PDF page 9; AGA 002.343; Protocol question column","NAMCARs 139.12.7 | NAMCATS 139.12.7 | NAMCARs 139.12.8 | NAMCATS 139.12.8","Are adequate signs provided at points needed to convey instruction, information on a specific location or destination on a movement area or to provide other information?","sha256:b26dbb2ec6146eb767bfc081aedd6431a5c7ff6ef59b52759777e7de37d9d58b","all-forms-preview-002-0053","PROPOSED_CONTROL_ASSURANCE","GOVERNANCE_AND_RECORDS","false","SOURCE_MAPPING_REQUIRED","NOT_ATTESTED","CANDIDATE_INTERPRETATION_REQUIRES_EXPERT_REVIEW","NOT_SUPPLIED"
"FSS-AGA-FORM-002","AGA 002.345","54","9","raw PDF page 9; AGA 002.345; Protocol question column","NAMCATS 139.12.7 | NAMCARs 139.12.8 | NAMCATS 139.12.8 | NAMCARs 139.13.3 | NAMCATS 139.13.3","Are fixed obstacles in the approach or transitional surface or within 3 000 m of the inner edge of the approach surface marked and lighted?","sha256:d29ab0512022fe047eeb91519eba2c732d59c11baeedb7cb7e2a08e5ed5211f2","all-forms-preview-002-0054","PROPOSED_SAFETY_CRITICAL","AERODROME_OPERATIONAL_SAFETY","true","SOURCE_MAPPING_REQUIRED","NOT_ATTESTED","CANDIDATE_INTERPRETATION_REQUIRES_EXPERT_REVIEW","NOT_SUPPLIED"
"FSS-AGA-FORM-002","AGA 002.347","55","9","raw PDF page 9; AGA 002.347; Protocol question column","NAMCARs 139.13.3 | NAMCATS 139.13.3","Are vehicles and other mobile objects, excluding aircraft, on the movement marked and lighted?","sha256:c86132f52345bb35a4f0a003b301c6b9a282b89beae6e8cebdda84b4c54b84aa","all-forms-preview-002-0055","PROPOSED_SAFETY_CRITICAL","AERODROME_OPERATIONAL_SAFETY","true","SOURCE_MAPPING_REQUIRED","NOT_ATTESTED","CANDIDATE_INTERPRETATION_REQUIRES_EXPERT_REVIEW","NOT_SUPPLIED"
"FSS-AGA-FORM-002","AGA 002.349","56","10","raw PDF page 10; AGA 002.349; Protocol question column","NAMCARs 139.13.3 | NAMCATS 139.13.3 | NAMCARs 139.14.2 | NAMCATS 139.14.2","Are closed marking displayed on a runway or taxiway or portion thereof permanently closed to the use of all aircraft?","sha256:d3d0faffc5e77f02b1234ff80d91040454724f3c90cb5eb58e5d1da7c5c2088c","all-forms-preview-002-0056","PROPOSED_SAFETY_CRITICAL","AERODROME_OPERATIONAL_SAFETY","true","SOURCE_MAPPING_REQUIRED","NOT_ATTESTED","CANDIDATE_INTERPRETATION_REQUIRES_EXPERT_REVIEW","NOT_SUPPLIED"
"FSS-AGA-FORM-002","AGA 002.348","57","11","raw PDF page 11; AGA 002.348; Protocol question column","NAMCARs 139.16.11 | NAMCATS 139.16.11","Is a fence or other suitable barrier provided on the aerodrome to deter the inadvertent or premeditated access of an unauthorized person onto a non-public area of the aerodrome?","sha256:015997e01745cd01e10c974aaed45fc0a6f8471a6a8031b79ad85bb0f914b2a4","all-forms-preview-002-0057","PROPOSED_CONTROL_ASSURANCE","GOVERNANCE_AND_RECORDS","false","SOURCE_MAPPING_REQUIRED","NOT_ATTESTED","CANDIDATE_INTERPRETATION_REQUIRES_EXPERT_REVIEW","NOT_SUPPLIED"
"FSS-AGA-FORM-002","AGA 002.401","58","12","raw PDF page 12; AGA 002.401; Protocol question column","NAMCARs 139.16.11 | NAMCATS 139.16.11 | NAMCARs 139.16.2 | NAMCATS 139.16.2","Has the aerodrome operator established an aerodrome emergency management plan?","sha256:fc07cf1aaf2338d3f0bf00c75860128c66b3dc1a77983f29d3c2134d6fe80f72","all-forms-preview-002-0058","PROPOSED_SAFETY_CRITICAL","AERODROME_OPERATIONAL_SAFETY","true","SOURCE_MAPPING_REQUIRED","NOT_ATTESTED","CANDIDATE_INTERPRETATION_REQUIRES_EXPERT_REVIEW","NOT_SUPPLIED"
"FSS-AGA-FORM-002","AGA 002.403","59","12","raw PDF page 12; AGA 002.403; Protocol question column","NAMCARs 139.16.2 | NAMCATS 139.16.2","Does the emergency management plan provide for all types of emergencies, likely to take place on, in the vicinity of, the aerodrome?","sha256:598fddf0b79f77a119fa0b9a7c93ff680e7bf1302f0d9671079fb87b756ec4e1","all-forms-preview-002-0059","PROPOSED_SAFETY_CRITICAL","AERODROME_OPERATIONAL_SAFETY","true","SOURCE_MAPPING_REQUIRED","NOT_ATTESTED","CANDIDATE_INTERPRETATION_REQUIRES_EXPERT_REVIEW","NOT_SUPPLIED"
"FSS-AGA-FORM-002","AGA 002.405","60","12","raw PDF page 12; AGA 002.405; Protocol question column","NAMCARs 139.16.2 | NAMCATS 139.16.2","Does the emergency management plan include call- out procedures for prompt response to the emergencies planned for?","sha256:c80d8ac268badecf869fe57349294db5db38ae70a87ce8d0b8ff3d32c236e68f","all-forms-preview-002-0060","PROPOSED_SAFETY_CRITICAL","AERODROME_OPERATIONAL_SAFETY","true","SOURCE_MAPPING_REQUIRED","NOT_ATTESTED","CANDIDATE_INTERPRETATION_REQUIRES_EXPERT_REVIEW","NOT_SUPPLIED"
"FSS-AGA-FORM-002","AGA 002.406","61","13","raw PDF page 13; AGA 002.406; Protocol question column","NAMCARs 139.16.2 | NAMCATS 139.16.2","Does the emergency management plan include the list of persons involved in executing the allocated tasks?","sha256:e35421a117e6adc03e0f15052cd6588d8bf4aaedc750179f8d2ca8cac80e545e","all-forms-preview-002-0061","PROPOSED_SAFETY_CRITICAL","AERODROME_OPERATIONAL_SAFETY","true","SOURCE_MAPPING_REQUIRED","NOT_ATTESTED","CANDIDATE_INTERPRETATION_REQUIRES_EXPERT_REVIEW","NOT_SUPPLIED"
"FSS-AGA-FORM-002","AGA 002.407","62","13","raw PDF page 13; AGA 002.407; Protocol question column","NAMCARs 139.16.2 | NAMCATS 139.16.2","Does the emergency management plan include sufficient detail to provide adequate guidance to each person responsible for executing such system?","sha256:18d37626a17b6acf6b806ae1b68b253c3702e4e5459427119da2a3e0b31c7a43","all-forms-preview-002-0062","PROPOSED_SAFETY_CRITICAL","AERODROME_OPERATIONAL_SAFETY","true","SOURCE_MAPPING_REQUIRED","NOT_ATTESTED","CANDIDATE_INTERPRETATION_REQUIRES_EXPERT_REVIEW","NOT_SUPPLIED"
"FSS-AGA-FORM-002","AGA 002.408","63","13","raw PDF page 13; AGA 002.408; Protocol question column","NAMCARs 139.16.2 | NAMCATS 139.16.2","Does the emergency management plan include the provision of a fully equipped emergency operations centre and command post for each type of emergency?","sha256:ce79361bfea9b9dbeebb1e39f498cc122f7c5c5aa88a6ce9b2fccdcaa6f26b36","all-forms-preview-002-0063","PROPOSED_SAFETY_CRITICAL","AERODROME_OPERATIONAL_SAFETY","true","SOURCE_MAPPING_REQUIRED","NOT_ATTESTED","CANDIDATE_INTERPRETATION_REQUIRES_EXPERT_REVIEW","NOT_SUPPLIED"
"FSS-AGA-FORM-002","AGA 002.409","64","13","raw PDF page 13; AGA 002.409; Protocol question column","NAMCARs 139.16.2 | NAMCATS 139.16.2","Does the emergency management plan include a description of all available rescue and medical equipment and the location of such equipment?","sha256:8fc1069361f59fdae9e782986a4c1b3bb47bd6277c447a9dc3f0a917d7a29c64","all-forms-preview-002-0064","PROPOSED_SAFETY_CRITICAL","AERODROME_OPERATIONAL_SAFETY","true","SOURCE_MAPPING_REQUIRED","NOT_ATTESTED","CANDIDATE_INTERPRETATION_REQUIRES_EXPERT_REVIEW","NOT_SUPPLIED"
"FSS-AGA-FORM-002","AGA 002.410","65","14","raw PDF page 14; AGA 002.410; Protocol question column","NAMCARs 139.16.2 | NAMCATS 139.16.2","Does the emergency management plan include information on the particulars of personnel or persons to be contacted in the case of a particular emergency?","sha256:32636fe3bf40dbfe7ae3666d4e06e77e3a11153de6965ec4183a27661e32c2ea","all-forms-preview-002-0065","PROPOSED_SAFETY_CRITICAL","AERODROME_OPERATIONAL_SAFETY","true","SOURCE_MAPPING_REQUIRED","NOT_ATTESTED","CANDIDATE_INTERPRETATION_REQUIRES_EXPERT_REVIEW","NOT_SUPPLIED"
"FSS-AGA-FORM-002","AGA 002.411","66","14","raw PDF page 14; AGA 002.411; Protocol question column","NAMCARs 139.16.2 | NAMCATS 139.16.2","Does the emergency management plan include a grid map of the aerodrome and its immediate vicinity up to a radius of at least 10 kms?","sha256:a2dabf738eda648825a9b9e60295992b1413f0557ee14841ea114ce06cd4b18e","all-forms-preview-002-0066","PROPOSED_SAFETY_CRITICAL","AERODROME_OPERATIONAL_SAFETY","true","SOURCE_MAPPING_REQUIRED","NOT_ATTESTED","CANDIDATE_INTERPRETATION_REQUIRES_EXPERT_REVIEW","NOT_SUPPLIED"
"FSS-AGA-FORM-002","AGA 002.415","67","14","raw PDF page 14; AGA 002.415; Protocol question column","NAMCARs 139.16.2 | NAMCATS 139.16.2","Does the organization coordinate the emergency management plan with all personnel and persons who have allocated responsibilities in terms of the system?","sha256:3a5ab0cb435d70ff142514a0243684bada0c174187e34dc5d033d53d55720963","all-forms-preview-002-0067","PROPOSED_SAFETY_CRITICAL","AERODROME_OPERATIONAL_SAFETY","true","SOURCE_MAPPING_REQUIRED","NOT_ATTESTED","CANDIDATE_INTERPRETATION_REQUIRES_EXPERT_REVIEW","NOT_SUPPLIED"
"FSS-AGA-FORM-002","AGA 002.501","68","14","raw PDF page 14; AGA 002.501; Protocol question column","NAMCARs 139.16.2 | NAMCATS 139.16.2 | NAMCARs 139.16.3 | NAMCATS 139.16.3","Is the aerodrome provided with rescue and firefighting equipment and services?","sha256:04e8f37cdb8c6526d1ff010d647701ec69ad2cc28f2695c66fc291f4eaa758a5","all-forms-preview-002-0068","PROPOSED_SAFETY_CRITICAL","AERODROME_OPERATIONAL_SAFETY","true","SOURCE_MAPPING_REQUIRED","NOT_ATTESTED","CANDIDATE_INTERPRETATION_REQUIRES_EXPERT_REVIEW","NOT_SUPPLIED"
"FSS-AGA-FORM-002","AGA 002.503","69","15","raw PDF page 15; AGA 002.503; Protocol question column","NAMCARs 139.16.3 | NAMCATS 139.16.3","If the aerodrome is located close to water/swampy areas, or difficult terrain, and where a significant portion of approach or departure operations takes place over these areas, are specialist rescue services and firefighting equipment appropriate to the hazard and risk?","sha256:a3e82c5fa50f06abddff3d0a9b81fa146b80de13140b78c200b9972ac24848eb","all-forms-preview-002-0069","PROPOSED_SAFETY_CRITICAL","AERODROME_OPERATIONAL_SAFETY","true","SOURCE_MAPPING_REQUIRED","NOT_ATTESTED","CANDIDATE_INTERPRETATION_REQUIRES_EXPERT_REVIEW","NOT_SUPPLIED"
"FSS-AGA-FORM-002","AGA 002.505","70","15","raw PDF page 15; AGA 002.505; Protocol question column","NAMCARs 139.16.3 | NAMCATS 139.16.3","Has the organization determined the aerodrome category for rescue and firefighting?","sha256:4350c7a377206220985d8cfaf584d90e14139a3c0e3190849d7e89ffd3c88a70","all-forms-preview-002-0070","PROPOSED_SAFETY_CRITICAL","AERODROME_OPERATIONAL_SAFETY","true","SOURCE_MAPPING_REQUIRED","NOT_ATTESTED","CANDIDATE_INTERPRETATION_REQUIRES_EXPERT_REVIEW","NOT_SUPPLIED"
"FSS-AGA-FORM-002","AGA 002.507","71","15","raw PDF page 15; AGA 002.507; Protocol question column","NAMCARs 139.16.3 | NAMCATS 139.16.3","Are the amount of water and foam and discharge rate commensurate to the aerodrome category for rescue and firefighting?","sha256:76d2d8fda15a0def1adc768805ba30bdebc784437d70da7e0e0bb37ae3b53aa4","all-forms-preview-002-0071","PROPOSED_SAFETY_CRITICAL","AERODROME_OPERATIONAL_SAFETY","true","SOURCE_MAPPING_REQUIRED","NOT_ATTESTED","CANDIDATE_INTERPRETATION_REQUIRES_EXPERT_REVIEW","NOT_SUPPLIED"
"FSS-AGA-FORM-002","AGA 002.509","72","15","raw PDF page 15; AGA 002.509; Protocol question column","NAMCARs 139.16.3 | NAMCATS 139.16.3","Are the amount of water and foam and discharge rate commensurate to the aerodrome category for rescue and firefighting?","sha256:76d2d8fda15a0def1adc768805ba30bdebc784437d70da7e0e0bb37ae3b53aa4","all-forms-preview-002-0072","PROPOSED_SAFETY_CRITICAL","AERODROME_OPERATIONAL_SAFETY","true","SOURCE_MAPPING_REQUIRED","NOT_ATTESTED","CANDIDATE_INTERPRETATION_REQUIRES_EXPERT_REVIEW","NOT_SUPPLIED"
"FSS-AGA-FORM-002","AGA 002.511","73","16","raw PDF page 16; AGA 002.511; Protocol question column","NAMCARs 139.16.3 | NAMCATS 139.16.3","Are all rescue and firefighting personnel properly trained to perform their duties in an efficient manner?","sha256:534b681cb96f1392621ee5de0dbb7db9f5f7b28c0ce136cb4aac5706445dee07","all-forms-preview-002-0073","PROPOSED_SAFETY_CRITICAL","AERODROME_OPERATIONAL_SAFETY","true","SOURCE_MAPPING_REQUIRED","NOT_ATTESTED","CANDIDATE_INTERPRETATION_REQUIRES_EXPERT_REVIEW","NOT_SUPPLIED"
"FSS-AGA-FORM-002","AGA 002.513","74","16","raw PDF page 16; AGA 002.513; Protocol question column","NAMCARs 139.16.3 | NAMCATS 139.16.3","Do all rescue and firefighting personnel participate in live fire drills commensurate with the types of aircraft and type of rescue and firefighting equipment in use at the aerodrome, including pressure-fed fuel fires?","sha256:7b155100a79526560244eac586e0570a1ddc264e519442cd94579c9a6d46fc44","all-forms-preview-002-0074","PROPOSED_SAFETY_CRITICAL","AERODROME_OPERATIONAL_SAFETY","true","SOURCE_MAPPING_REQUIRED","NOT_ATTESTED","CANDIDATE_INTERPRETATION_REQUIRES_EXPERT_REVIEW","NOT_SUPPLIED"
"FSS-AGA-FORM-002","AGA 002.520","75","16","raw PDF page 16; AGA 002.520; Protocol question column","NAMCARs 139.16.3 | NAMCATS 139.16.3 | NAMCARs 139.16.4 | NAMCATS 139.16.4","Has the applicant established arrangements for the removal of disabled aircraft?","sha256:c3bf395705410783472d9a63abdd02e5b54a9e766c364525617b5d4c0f7261e6","all-forms-preview-002-0075","PROPOSED_SAFETY_CRITICAL","AERODROME_OPERATIONAL_SAFETY","true","SOURCE_MAPPING_REQUIRED","NOT_ATTESTED","CANDIDATE_INTERPRETATION_REQUIRES_EXPERT_REVIEW","NOT_SUPPLIED"
"FSS-AGA-FORM-002","AGA 002.601","76","16","raw PDF page 16; AGA 002.601; Protocol question column","NAMCARs 139.16.4 | NAMCATS 139.16.4 | NAMCARs 139.08.15 | NAMCATS 139.08.15","Does the organization conduct an evaluation of the wildlife hazard on, and in the vicinity of the aerodrome?","sha256:ad46abe580523c965907f20b011607d94c37f07bb78397ecdedfc29629eba986","all-forms-preview-002-0076","PROPOSED_SAFETY_CRITICAL","AERODROME_OPERATIONAL_SAFETY","true","SOURCE_MAPPING_REQUIRED","NOT_ATTESTED","CANDIDATE_INTERPRETATION_REQUIRES_EXPERT_REVIEW","NOT_SUPPLIED"
"FSS-AGA-FORM-002","AGA 002.603","77","17","raw PDF page 17; AGA 002.603; Protocol question column","NAMCARs 139.08.15 | NAMCATS 139.08.15","Has the organization established the hazard or potential hazard presented by bird and wildlife on, and in the vicinity of the aerodrome?","sha256:c95f79c5e1c13bcb56985aa9d440674040d03ef1662d1ce54bf08305ad667440","all-forms-preview-002-0077","PROPOSED_SAFETY_CRITICAL","AERODROME_OPERATIONAL_SAFETY","true","SOURCE_MAPPING_REQUIRED","NOT_ATTESTED","CANDIDATE_INTERPRETATION_REQUIRES_EXPERT_REVIEW","NOT_SUPPLIED"
"FSS-AGA-FORM-002","AGA 002.605","78","17","raw PDF page 17; AGA 002.605; Protocol question column","NAMCARs 139.08.15 | NAMCATS 139.08.15","Has the organization developed an environment management programme to minimize the effects of such hazard or potential hazard?","sha256:85209cd327ab3b35ac54250f834c818b1690704f915a26747724026fe38583c6","all-forms-preview-002-0078","PROPOSED_CONTROL_ASSURANCE","GOVERNANCE_AND_RECORDS","false","SOURCE_MAPPING_REQUIRED","NOT_ATTESTED","CANDIDATE_INTERPRETATION_REQUIRES_EXPERT_REVIEW","NOT_SUPPLIED"
"FSS-AGA-FORM-002","AGA 002.607","79","17","raw PDF page 17; AGA 002.607; Protocol question column","NAMCARs 139.08.15 | NAMCATS 139.08.15 | NAMCARs 139.16.5 | NAMCATS 139.16.5 | NAMCARs 139.09.2 | NAMCATS 139.09","Has the organization established a procedure for collecting, recording, and reporting wildlife strikes to aircraft?","sha256:0b0d2dc31ff6642d36b92ba60dd88661fb3bd106d0572f582ad761480a7bd542","all-forms-preview-002-0079","PROPOSED_SAFETY_CRITICAL","AERODROME_OPERATIONAL_SAFETY","true","SOURCE_MAPPING_REQUIRED","NOT_ATTESTED","CANDIDATE_INTERPRETATION_REQUIRES_EXPERT_REVIEW","NOT_SUPPLIED"
"FSS-AGA-FORM-002","AGA 002.701","80","17","raw PDF page 17; AGA 002.701; Protocol question column","NAMCARs 139.16.5 | NAMCATS 139.16.5 | NAMCARs 139.09.2 | NAMCATS 139.09.2","Has the aerodrome operator established a mean to avail the aerodrome data to the users?","sha256:4b7cb535d00ac2cfe1196a577513a45cc638bba7e09cef30beb9f44f9d8be7ca","all-forms-preview-002-0080","PROPOSED_HIGH_OPERATIONAL","OPERATIONAL_ASSURANCE","false","SOURCE_MAPPING_REQUIRED","NOT_ATTESTED","CANDIDATE_INTERPRETATION_REQUIRES_EXPERT_REVIEW","NOT_SUPPLIED"
"FSS-AGA-FORM-002","AGA 002.703","81","17","raw PDF page 17; AGA 002.703; Protocol question column","NAMCARs 139.16.5 | NAMCATS 139.16.5 | NAMCARs 139.09.2 | NAMCATS 139.09.2","Does the aerodrome operator have a process to verify the accuracy of aerodrome data?","sha256:f5fb5502d6b04c4db8f27bc823b5f39fa1d6b1485968668cb5d99190b35aa887","all-forms-preview-002-0081","PROPOSED_HIGH_OPERATIONAL","OPERATIONAL_ASSURANCE","false","SOURCE_MAPPING_REQUIRED","NOT_ATTESTED","CANDIDATE_INTERPRETATION_REQUIRES_EXPERT_REVIEW","NOT_SUPPLIED"
"FSS-AGA-FORM-002","AGA 002.705","82","18","raw PDF page 18; AGA 002.705; Protocol question column","NAMCARs 139.09.2 | NAMCATS 139.09.2 | NAMCATS 139.09","Has the aerodrome operator established coordination with users to ensure up-to- date information of aerodrome safety-related conditions?","sha256:f6d1d88319ae0246092d477a573f6907813af3927f43237e9e880d7d625de3c5","all-forms-preview-002-0082","PROPOSED_CONTROL_ASSURANCE","GOVERNANCE_AND_RECORDS","false","SOURCE_MAPPING_REQUIRED","NOT_ATTESTED","CANDIDATE_INTERPRETATION_REQUIRES_EXPERT_REVIEW","NOT_SUPPLIED"
"FSS-AGA-FORM-002","AGA 002.707","83","18","raw PDF page 18; AGA 002.707; Protocol question column","NAMCARs 139.09.2 | NAMCATS 139.09.2","Does the aerodrome Operator have a quality system in place for ensuring that the accuracy, integrity, and protection requirements for aeronautical data are met?","sha256:5b8fcc54b802332e03c8c71d1a1374f3baa87c4349312446c311d3b6e837e8f4","all-forms-preview-002-0083","PROPOSED_HIGH_OPERATIONAL","OPERATIONAL_ASSURANCE","false","SOURCE_MAPPING_REQUIRED","NOT_ATTESTED","CANDIDATE_INTERPRETATION_REQUIRES_EXPERT_REVIEW","NOT_SUPPLIED"
"FSS-AGA-FORM-002","AGA 002.709","84","18","raw PDF page 18; AGA 002.709; Protocol question column","NAMCATS 139.09.2 | NAMCARs 139.09.2 | NAMCARs 139.09.7 | NAMCATS 139.09.7","Has the aerodrome operator established procedure for the determination and reporting of pavement bearing strengths?","sha256:571fe25b6253c5c535dc916c45a1cd45daecc9fe35adabfcf3e5f279201b2425","all-forms-preview-002-0084","PROPOSED_CONTROL_ASSURANCE","GOVERNANCE_AND_RECORDS","false","SOURCE_MAPPING_REQUIRED","NOT_ATTESTED","CANDIDATE_INTERPRETATION_REQUIRES_EXPERT_REVIEW","NOT_SUPPLIED"
"FSS-AGA-FORM-002","AGA 002.711","85","18","raw PDF page 18; AGA 002.711; Protocol question column","NAMCARs 139.09.7 | NAMCATS 139.09.7 | NAMCARs 139.09.10 | NAMCATS 139.09.10","Does the organization monitor and report the condition of the movement areas and related facilities?","sha256:38b7a9c79f879d978cea09a05f976ec02f5bcf284e84fccb89385cd044c378a6","all-forms-preview-002-0085","PROPOSED_CONTROL_ASSURANCE","GOVERNANCE_AND_RECORDS","false","SOURCE_MAPPING_REQUIRED","NOT_ATTESTED","CANDIDATE_INTERPRETATION_REQUIRES_EXPERT_REVIEW","NOT_SUPPLIED"
"FSS-AGA-FORM-006","AGA 006.101","1","1","raw PDF page 1; AGA 006.101; Protocol question column","NAMCARs 139.08.3 | NAMCARs 140.03.1 | NAMCARs 139.08.4","Does the Organization employ or contract a senior person identified as the senior accountable manager?","sha256:b2078dfeacf50d06764078be3b779063277b2b1644b340f29b966164634ab6fd","all-forms-preview-006-0001","PROPOSED_HIGH_OPERATIONAL","OPERATIONAL_ASSURANCE","false","SOURCE_MAPPING_REQUIRED","NOT_ATTESTED","CANDIDATE_INTERPRETATION_REQUIRES_EXPERT_REVIEW","NOT_SUPPLIED"
"FSS-AGA-FORM-006","AGA 006.111","2","1","raw PDF page 1; AGA 006.111; Protocol question column","NAMCARs 139.08.3 | NAMCARs 140.03.1 | NAMCARs 139.08.4","Does the Organization employ or contract a competent person who is responsible for quality management system?","sha256:9f88d52f104931ae53f23548873af12fb68b884806ccc99073e0a0c660100dc8","all-forms-preview-006-0002","PROPOSED_HIGH_OPERATIONAL","OPERATIONAL_ASSURANCE","false","SOURCE_MAPPING_REQUIRED","NOT_ATTESTED","CANDIDATE_INTERPRETATION_REQUIRES_EXPERT_REVIEW","NOT_SUPPLIED"
"FSS-AGA-FORM-006","AGA 006.121","3","1","raw PDF page 1; AGA 006.121; Protocol question column","NAMCARs 139.08.3 | NAMCARs 140.03.1 | NAMCARs 139.08.4","Does the Organization employ or contract a person responsible for the management of each aerodrome?","sha256:fbd27ddd4056a6d35f8b53f9827fa172d901d7984d008747fe12308fad1a7b0d","all-forms-preview-006-0003","PROPOSED_HIGH_OPERATIONAL","OPERATIONAL_ASSURANCE","false","SOURCE_MAPPING_REQUIRED","NOT_ATTESTED","CANDIDATE_INTERPRETATION_REQUIRES_EXPERT_REVIEW","NOT_SUPPLIED"
"FSS-AGA-FORM-006","AGA 006.201","4","1","raw PDF page 1; AGA 006.201; Protocol question column","NAMCARs 139.08.3 | NAMCARs 140.03.1","Are the duties of the senior accountable manager reflected in the job description of the person appointed to carry out that role?","sha256:0ae7c936897199dcc4da269c507e94f9f894a4e69fa6da0ac042a2afdb76402d","all-forms-preview-006-0004","PROPOSED_HIGH_OPERATIONAL","OPERATIONAL_ASSURANCE","false","SOURCE_MAPPING_REQUIRED","NOT_ATTESTED","CANDIDATE_INTERPRETATION_REQUIRES_EXPERT_REVIEW","NOT_SUPPLIED"
"FSS-AGA-FORM-006","AGA 006.203","5","1","raw PDF page 1; AGA 006.203; Protocol question column","NAMCARs 139.08.3 | NAMCARs 140.03.1","Does the senior accountable manager have contractual authority to ensure that all activities Yes No Check FSS-AGA-FORM- 003 and attachment Verify contractual authority and/or powers Satisfactory Not satisfactory Reg. ref. Protocol question Reply Guidance for review of protocol question Status of implementation Comments Yes/Sat: Yes/Not Sat: No/Not Sat: N/A: FSS–AGA–FORM 006 31 March 2023 2 of 16 undertaken by the organization are carried out in accordance with the applicable requirements of NAMCARs 139?","sha256:44a2748d0d195e183cc4382317f5a79e504ec9c330c4369f836ca5141c653db2","all-forms-preview-006-0005","PROPOSED_HIGH_OPERATIONAL","OPERATIONAL_ASSURANCE","false","SOURCE_MAPPING_REQUIRED","NOT_ATTESTED","CANDIDATE_INTERPRETATION_REQUIRES_EXPERT_REVIEW","NOT_SUPPLIED"
"FSS-AGA-FORM-006","AGA 006.205","6","2","raw PDF page 2; AGA 006.205; Protocol question column","NAMCARs 139.08.3 | NAMCARs 140.03.1 | NAMCARs 139.02.05","Does the senior accountable manager have unrestricted access to work performed or activities undertaken by all other persons as employees of, and other persons rendering service under contract with, the organisation?","sha256:9f8304547a32e73d76de95b8f4ee0ed619f268536c43f6e051f23d7d86230ccd","all-forms-preview-006-0006","PROPOSED_HIGH_OPERATIONAL","OPERATIONAL_ASSURANCE","false","SOURCE_MAPPING_REQUIRED","NOT_ATTESTED","CANDIDATE_INTERPRETATION_REQUIRES_EXPERT_REVIEW","NOT_SUPPLIED"
"FSS-AGA-FORM-006","AGA 006.207","7","2","raw PDF page 2; AGA 006.207; Protocol question column","NAMCARs 139.02.05 | NAMCARs 139.08.3 | NAMCARs 140.03.1","Does the senior accountable manager have full rights of consultation with any person as an employee of, and other person rendering service under contract with, the organisation in respect of compliance by him or her?","sha256:ad351998dc533bb8b42ca4be64f93a20381251841e30b151b086e7f9a7be82a3","all-forms-preview-006-0007","PROPOSED_HIGH_OPERATIONAL","OPERATIONAL_ASSURANCE","false","SOURCE_MAPPING_REQUIRED","NOT_ATTESTED","CANDIDATE_INTERPRETATION_REQUIRES_EXPERT_REVIEW","NOT_SUPPLIED"
"FSS-AGA-FORM-006","AGA 006.209","8","2","raw PDF page 2; AGA 006.209; Protocol question column","NAMCARs 139.08.3 | NAMCARs 140.03.1 | NAMCARs 139.0","Does the senior accountable manager have the powers to order the cessation of any activity where regulatory compliance is affected?","sha256:951cb63b3188fe1977e5aafb804b792aca9d95f0895dad1ca648a4191ec79c1f","all-forms-preview-006-0008","PROPOSED_HIGH_OPERATIONAL","OPERATIONAL_ASSURANCE","false","SOURCE_MAPPING_REQUIRED","NOT_ATTESTED","CANDIDATE_INTERPRETATION_REQUIRES_EXPERT_REVIEW","NOT_SUPPLIED"
"FSS-AGA-FORM-006","AGA 006.213","9","2","raw PDF page 2; AGA 006.213; Protocol question column","NAMCARs 139.08.3 | NAMCARs 140.03.1","Does the senior accountable manager have powers to report directly to the management of the organisation on his or her investigations and consultations?","sha256:75960608a712878b1830a844952b77a203ce97cd0d39a710499e8cd17b09afad","all-forms-preview-006-0009","PROPOSED_HIGH_OPERATIONAL","OPERATIONAL_ASSURANCE","false","SOURCE_MAPPING_REQUIRED","NOT_ATTESTED","CANDIDATE_INTERPRETATION_REQUIRES_EXPERT_REVIEW","NOT_SUPPLIED"
"FSS-AGA-FORM-006","AGA 006.222","10","3","raw PDF page 3; AGA 006.222; Protocol question column","NAMCARs 139.08.3 | NAMCARs 140.03.1 | NAMCARs 139.08.4","Are the duties of the person responsible for quality management system reflected in the job description of the person appointed to carry out that role?","sha256:a7f2c97b29362ed07dfc753d5e58ffc9ace05d56bc7bf45682949a6ffaf632d3","all-forms-preview-006-0010","PROPOSED_HIGH_OPERATIONAL","OPERATIONAL_ASSURANCE","false","SOURCE_MAPPING_REQUIRED","NOT_ATTESTED","CANDIDATE_INTERPRETATION_REQUIRES_EXPERT_REVIEW","NOT_SUPPLIED"
"FSS-AGA-FORM-006","AGA 006.224","11","3","raw PDF page 3; AGA 006.224; Protocol question column","NAMCARs 139.08.3 | NAMCARs 139.08.4","Does the person responsible for quality management system have contractual authority to manage the Quality Management system System implementation plan on behalf of the senior accountable manager?","sha256:fcdf1c64b47a222382f1f95eb1ac06a0c660527ed8b4c0a1693a9b8977728302","all-forms-preview-006-0011","PROPOSED_HIGH_OPERATIONAL","OPERATIONAL_ASSURANCE","false","SOURCE_MAPPING_REQUIRED","NOT_ATTESTED","CANDIDATE_INTERPRETATION_REQUIRES_EXPERT_REVIEW","NOT_SUPPLIED"
"FSS-AGA-FORM-006","AGA 006.226","12","3","raw PDF page 3; AGA 006.226; Protocol question column","NAMCARs 139.08.3 | NAMCARs 139.08.4 | NAMCATS 139.08.4","Do the duties of the person responsible for quality management system include the facilitation of definition of the level of quality, indicators, and their management?","sha256:a991d6cd3bb60ca9520fa7ce2e28c66e4c0d91a674233a207dba487aacdd4c75","all-forms-preview-006-0012","PROPOSED_HIGH_OPERATIONAL","OPERATIONAL_ASSURANCE","false","SOURCE_MAPPING_REQUIRED","NOT_ATTESTED","CANDIDATE_INTERPRETATION_REQUIRES_EXPERT_REVIEW","NOT_SUPPLIED"
"FSS-AGA-FORM-006","AGA 006.232","13","3","raw PDF page 3; AGA 006.232; Protocol question column","NAMCARs 139.08.3 | NAMCARs 139.08.4 | NAMCATS 139.08.4 | NAMCARs 139.02.05 | NAMCARs 139.03.05","Do the duties of the person responsible for quality management system include the provision of periodic reports on quality performance?","sha256:9615deb9f619e289db111815c45889116909d6008887664f9e7e90a6e463c8f1","all-forms-preview-006-0013","PROPOSED_HIGH_OPERATIONAL","OPERATIONAL_ASSURANCE","false","SOURCE_MAPPING_REQUIRED","NOT_ATTESTED","CANDIDATE_INTERPRETATION_REQUIRES_EXPERT_REVIEW","NOT_SUPPLIED"
"FSS-AGA-FORM-006","AGA 006.236","14","3","raw PDF page 3; AGA 006.236; Protocol question column","NAMCARs 139.02.05 | NAMCARs 139.03.05","Do the duties of the person responsible for quality management system include recording the findings and communicating them to management?","sha256:9414f757bea5591282404c1538ed301cb3609b6925de439d34b4b311885393a4","all-forms-preview-006-0014","PROPOSED_HIGH_OPERATIONAL","OPERATIONAL_ASSURANCE","false","SOURCE_MAPPING_REQUIRED","NOT_ATTESTED","CANDIDATE_INTERPRETATION_REQUIRES_EXPERT_REVIEW","NOT_SUPPLIED"
"FSS-AGA-FORM-006","AGA 006.238","15","3","raw PDF page 3; AGA 006.238; Protocol question column","NAMCARs 139.02.05 | NAMCARs 139.03.05","Do the duties of the person responsible for quality management system include the planning and organization of staff safety training?","sha256:3e92b1b7865204c1d1a64d2b164f460cf617d9f2e491310766598d0ce34b404b","all-forms-preview-006-0015","PROPOSED_HIGH_OPERATIONAL","OPERATIONAL_ASSURANCE","false","SOURCE_MAPPING_REQUIRED","NOT_ATTESTED","CANDIDATE_INTERPRETATION_REQUIRES_EXPERT_REVIEW","NOT_SUPPLIED"
"FSS-AGA-FORM-006","AGA 006.242","16","4","raw PDF page 4; AGA 006.242; Protocol question column","NAMCARs 139.02.05 | NAMCARs 139.03.05 | NAMCARs 139.08.3 | NAMCARs 139.08.21","Are the duties of an aerodrome manager clearly defined and reflected in his/her job description?","sha256:3eff26874563684d480c6a6168d6cf4f31c58f29d35c8972cf29c82a436d6418","all-forms-preview-006-0016","PROPOSED_HIGH_OPERATIONAL","OPERATIONAL_ASSURANCE","false","SOURCE_MAPPING_REQUIRED","NOT_ATTESTED","CANDIDATE_INTERPRETATION_REQUIRES_EXPERT_REVIEW","NOT_SUPPLIED"
"FSS-AGA-FORM-006","AGA 006.243","17","4","raw PDF page 4; AGA 006.243; Protocol question column","NAMCARs 139.02.05 | NAMCARs 139.03.05 | NAMCARs 139.08.3 | NAMCARs 139.08.21","Do the functions and responsibilities of the aerodrome manager cover all obligations of the aerodrome operator at the aerodrome level?","sha256:d7f5fa6ccb7dc8240481362959911a56a859baa71d33d360a562d5fceab919aa","all-forms-preview-006-0017","PROPOSED_HIGH_OPERATIONAL","OPERATIONAL_ASSURANCE","false","SOURCE_MAPPING_REQUIRED","NOT_ATTESTED","CANDIDATE_INTERPRETATION_REQUIRES_EXPERT_REVIEW","NOT_SUPPLIED"
"FSS-AGA-FORM-006","AGA 006.244","18","4","raw PDF page 4; AGA 006.244; Protocol question column","NAMCARs 139.08.3 | NAMCARs 139.08.21","if the answer to AGA 006.243 is NO, is there any other person assigned to cover the other activities?","sha256:692bddfbbc53ad81c5252b24907d3883baa779c62c65c93864de2a1c6dbd7516","all-forms-preview-006-0018","PROPOSED_HIGH_OPERATIONAL","OPERATIONAL_ASSURANCE","false","SOURCE_MAPPING_REQUIRED","NOT_ATTESTED","CANDIDATE_INTERPRETATION_REQUIRES_EXPERT_REVIEW","NOT_SUPPLIED"
"FSS-AGA-FORM-006","AGA 006.245","19","4","raw PDF page 4; AGA 006.245; Protocol question column","NAMCARs 139.08.3 | NAMCARs 139.08.21","Does the aerodrome manager have contractual authority to supervise the operation and maintenance of (Name of the aerodrome ) under the jurisdiction of the applicant?","sha256:99cce0992f2e53a845a775d5dd7fd3f1465457bd86c3de1dba588c7e0b87f5aa","all-forms-preview-006-0019","PROPOSED_HIGH_OPERATIONAL","OPERATIONAL_ASSURANCE","false","SOURCE_MAPPING_REQUIRED","NOT_ATTESTED","CANDIDATE_INTERPRETATION_REQUIRES_EXPERT_REVIEW","NOT_SUPPLIED"
"FSS-AGA-FORM-006","AGA 006.246","20","4","raw PDF page 4; AGA 006.246; Protocol question column","NAMCARs 139.08.3","Does the aerodrome manager has delegated powers from the senior accountable manager for unrestricted access to work performed or activities undertaken by all other persons as employees of, and other persons rendering services under contract at (Name of the aerodrome)?","sha256:7c857ad802a86ddc46fae88d253999ad91308d72799569aed64b7eb8c8356f69","all-forms-preview-006-0020","PROPOSED_HIGH_OPERATIONAL","OPERATIONAL_ASSURANCE","false","SOURCE_MAPPING_REQUIRED","NOT_ATTESTED","CANDIDATE_INTERPRETATION_REQUIRES_EXPERT_REVIEW","NOT_SUPPLIED"
"FSS-AGA-FORM-006","AGA 006.248","21","5","raw PDF page 5; AGA 006.248; Protocol question column","NAMCARs 139.08.3","Does the aerodrome manager has delegated powers from the senior accountable manager for full rights of consultation with all other persons as employees of, and other persons performing activities or rendering services under contract at (Name of the aerodrome )?","sha256:4c81e7beee36a07ea1664bc3d3f55e2838455e21a08c6d174cec8182afa9c768","all-forms-preview-006-0021","PROPOSED_HIGH_OPERATIONAL","OPERATIONAL_ASSURANCE","false","SOURCE_MAPPING_REQUIRED","NOT_ATTESTED","CANDIDATE_INTERPRETATION_REQUIRES_EXPERT_REVIEW","NOT_SUPPLIED"
"FSS-AGA-FORM-006","AGA 006.250","22","5","raw PDF page 5; AGA 006.250; Protocol question column","NAMCARs 139.08.3","Does the aerodrome manager have powers to report to the senior accountable manager on his or her investigation and consultations generally at (Name of the aerodrome)?","sha256:176eaa019006f4ed645bfbab326b5ac542e65af5ed8a8543918c51a602576c41","all-forms-preview-006-0022","PROPOSED_HIGH_OPERATIONAL","OPERATIONAL_ASSURANCE","false","SOURCE_MAPPING_REQUIRED","NOT_ATTESTED","CANDIDATE_INTERPRETATION_REQUIRES_EXPERT_REVIEW","NOT_SUPPLIED"
"FSS-AGA-FORM-006","AGA 006.252","23","5","raw PDF page 5; AGA 006.252; Protocol question column","NAMCARs 139.08.3","Is the aerodrome manager included in the list of responsible persons for the quality management system applicable at (Name of the aerodrome)?","sha256:5cd32513ca8f57e1abac752617cdc7f37f90ddf71cf6fa390783171417fb3fe8","all-forms-preview-006-0023","PROPOSED_HIGH_OPERATIONAL","OPERATIONAL_ASSURANCE","false","SOURCE_MAPPING_REQUIRED","NOT_ATTESTED","CANDIDATE_INTERPRETATION_REQUIRES_EXPERT_REVIEW","NOT_SUPPLIED"
"FSS-AGA-FORM-006","AGA 006.254","24","5","raw PDF page 5; AGA 006.254; Protocol question column","NAMCARs 139.08.3","Do all operations and maintenance personnel at (Name of the aerodrome) report to the aerodrome manager?","sha256:b10a89b31de940f4af7e5651254a81b812a646afadc4fe306808f8c7d6df606a","all-forms-preview-006-0024","PROPOSED_HIGH_OPERATIONAL","OPERATIONAL_ASSURANCE","false","SOURCE_MAPPING_REQUIRED","NOT_ATTESTED","CANDIDATE_INTERPRETATION_REQUIRES_EXPERT_REVIEW","NOT_SUPPLIED"
"FSS-AGA-FORM-006","AGA 006.256","25","5","raw PDF page 5; AGA 006.256; Protocol question column","NAMCARs 139.08.3","Does the personnel involved in the operations and maintenance of physical characteristics, obstacles limitation surfaces, visual aids, equipment and installations at (Name of the aerodrome) report to the aerodrome manager?","sha256:2c83e9b4036f67444b2a81bce1ac7ac480ac5585eb922aba31e50721cd14b841","all-forms-preview-006-0025","PROPOSED_SAFETY_CRITICAL","AERODROME_OPERATIONAL_SAFETY","true","SOURCE_MAPPING_REQUIRED","NOT_ATTESTED","CANDIDATE_INTERPRETATION_REQUIRES_EXPERT_REVIEW","NOT_SUPPLIED"
"FSS-AGA-FORM-006","AGA 006.258","26","5","raw PDF page 5; AGA 006.258; Protocol question column","NAMCARs 139.08.3","Does the personnel involved in the implementation of the activities in the aerodrome manual at (Name of the aerodrome) report to the aerodrome manager?","sha256:d2037959f44c7a92d7958ae6e9f7b1a50ce2a33cb95e5de6d1dfe02bfc82c079","all-forms-preview-006-0026","PROPOSED_HIGH_OPERATIONAL","OPERATIONAL_ASSURANCE","false","SOURCE_MAPPING_REQUIRED","NOT_ATTESTED","CANDIDATE_INTERPRETATION_REQUIRES_EXPERT_REVIEW","NOT_SUPPLIED"
"FSS-AGA-FORM-006","AGA 006.260","27","5","raw PDF page 5; AGA 006.260; Protocol question column","NAMCARs 139.08.3","Does the personnel involved in the implementation of the activities in the quality Yes No Verify organizational structure Verify quality management system Satisfactory Not satisfactory Reg. ref. Protocol question Reply Guidance for review of protocol question Status of implementation Comments Yes/Sat: Yes/Not Sat: No/Not Sat: N/A: FSS–AGA–FORM 006 31 March 2023 6 of 16 management system at (Name of the aerodrome) report to the aerodrome manager?","sha256:0982754187b875a8d0280b879ac816398342df5c909e9cfe68881b04517ab532","all-forms-preview-006-0027","PROPOSED_HIGH_OPERATIONAL","OPERATIONAL_ASSURANCE","false","SOURCE_MAPPING_REQUIRED","NOT_ATTESTED","CANDIDATE_INTERPRETATION_REQUIRES_EXPERT_REVIEW","NOT_SUPPLIED"
"FSS-AGA-FORM-006","AGA 006.262","28","6","raw PDF page 6; AGA 006.262; Protocol question column","NAMCARs 139.08.3","Does the personnel involved in the operations of the aerodrome emergency planning at (Name of the aerodrome) report to the aerodrome manager?","sha256:003d09f592e620fa7e6ded32ba773492cc9b5776a7418bdb1a11b2aa448c828b","all-forms-preview-006-0028","PROPOSED_SAFETY_CRITICAL","AERODROME_OPERATIONAL_SAFETY","true","SOURCE_MAPPING_REQUIRED","NOT_ATTESTED","CANDIDATE_INTERPRETATION_REQUIRES_EXPERT_REVIEW","NOT_SUPPLIED"
"FSS-AGA-FORM-006","AGA 006.264","29","6","raw PDF page 6; AGA 006.264; Protocol question column","NAMCARs 139.08.3","Does the personnel involved in the operations and maintenance of rescue and fire fighting at (Name of the aerodrome) report to the aerodrome manager?","sha256:488af5a3590ed3a3f7127dc015427ee9a7a2d79e3dbb8229a54281219b107292","all-forms-preview-006-0029","PROPOSED_SAFETY_CRITICAL","AERODROME_OPERATIONAL_SAFETY","true","SOURCE_MAPPING_REQUIRED","NOT_ATTESTED","CANDIDATE_INTERPRETATION_REQUIRES_EXPERT_REVIEW","NOT_SUPPLIED"
"FSS-AGA-FORM-006","AGA 006.266","30","6","raw PDF page 6; AGA 006.266; Protocol question column","NAMCARs 139.08.3","Does the personnel involved in the operations of the environmental management programme at (Name of the aerodrome) report to the aerodrome manager?","sha256:0c106cee43ae4f09778ad3afc1826a11b58924dae4870b70202da0f1f8f12a48","all-forms-preview-006-0030","PROPOSED_HIGH_OPERATIONAL","OPERATIONAL_ASSURANCE","false","SOURCE_MAPPING_REQUIRED","NOT_ATTESTED","CANDIDATE_INTERPRETATION_REQUIRES_EXPERT_REVIEW","NOT_SUPPLIED"
"FSS-AGA-FORM-006","AGA 006.268","31","6","raw PDF page 6; AGA 006.268; Protocol question column","NAMCARs 139.08.3 | NAMCARs 139.01","Does the personnel involved in the notification of data and information at (Name of the aerodrome) report to the aerodrome manager?","sha256:a4f88206fca06f12e07069a9a0e82625c542c30f69b03baa78d50a3850716c39","all-forms-preview-006-0031","PROPOSED_HIGH_OPERATIONAL","OPERATIONAL_ASSURANCE","false","SOURCE_MAPPING_REQUIRED","NOT_ATTESTED","CANDIDATE_INTERPRETATION_REQUIRES_EXPERT_REVIEW","NOT_SUPPLIED"
"FSS-AGA-FORM-006","AGA 006.269","32","6","raw PDF page 6; AGA 006.269; Protocol question column","NAMCARs 139.08.3 | NAMCARs 139.01.42","Does the personnel involved in the operations of low visibility at (Name of the aerodrome) report to the aerodrome manager?","sha256:e92de4717bc0f97f4b477e498b1b2d1049552b71da1b2a984af4df6aaa02ff9a","all-forms-preview-006-0032","PROPOSED_HIGH_OPERATIONAL","OPERATIONAL_ASSURANCE","false","SOURCE_MAPPING_REQUIRED","NOT_ATTESTED","CANDIDATE_INTERPRETATION_REQUIRES_EXPERT_REVIEW","NOT_SUPPLIED"
"FSS-AGA-FORM-006","AGA 006.270","33","6","raw PDF page 6; AGA 006.270; Protocol question column","NAMCARs 139.08.3 | NAMCARs 139.01.42","Does the personnel involved in the implementation of the inspection programme at (Name of the aerodrome) report to the aerodrome manager?","sha256:3fc90931cd76c1dac3e600ab155f651e22647f8b5719438ad8c0b1f4b1902a19","all-forms-preview-006-0033","PROPOSED_HIGH_OPERATIONAL","OPERATIONAL_ASSURANCE","false","SOURCE_MAPPING_REQUIRED","NOT_ATTESTED","CANDIDATE_INTERPRETATION_REQUIRES_EXPERT_REVIEW","NOT_SUPPLIED"
"FSS-AGA-FORM-006","AGA 006.272","34","6","raw PDF page 6; AGA 006.272; Protocol question column","NAMCARs 139.01.42 | NAMCARs 139.08.3","Does the personnel involved in the operations and maintenance of systems for control of entry into a restricted area at (Name of the aerodrome) report to the aerodrome manager?","sha256:d83122a4b6be842f92440d1cdf8ccf68e829ba05629931ec1f13f9bbe4bf2d2d","all-forms-preview-006-0034","PROPOSED_HIGH_OPERATIONAL","OPERATIONAL_ASSURANCE","false","SOURCE_MAPPING_REQUIRED","NOT_ATTESTED","CANDIDATE_INTERPRETATION_REQUIRES_EXPERT_REVIEW","NOT_SUPPLIED"
"FSS-AGA-FORM-006","AGA 006.274","35","7","raw PDF page 7; AGA 006.274; Protocol question column","NAMCARs 139.08.3","Does the personnel involved in the safety measures against fire at (Name of the aerodrome) report to the aerodrome manager?","sha256:f30ff5545b02e66a9f543c3e1007c11ace3681b47d038b88fc65c68975686e61","all-forms-preview-006-0035","PROPOSED_SAFETY_CRITICAL","AERODROME_OPERATIONAL_SAFETY","true","SOURCE_MAPPING_REQUIRED","NOT_ATTESTED","CANDIDATE_INTERPRETATION_REQUIRES_EXPERT_REVIEW","NOT_SUPPLIED"
"FSS-AGA-FORM-006","AGA 006.276","36","7","raw PDF page 7; AGA 006.276; Protocol question column","NAMCARs 139.08.3","Does the personnel involved in the operations and maintenance of systems for access of ground vehicles to movement area at (Name of the aerodrome) report to the aerodrome manager?","sha256:4f93e51a9d9e0ae16f7c99292ac14f3c25f3e898a9437a92232132b311b50368","all-forms-preview-006-0036","PROPOSED_HIGH_OPERATIONAL","OPERATIONAL_ASSURANCE","false","SOURCE_MAPPING_REQUIRED","NOT_ATTESTED","CANDIDATE_INTERPRETATION_REQUIRES_EXPERT_REVIEW","NOT_SUPPLIED"
"FSS-AGA-FORM-006","AGA 006.278","37","7","raw PDF page 7; AGA 006.278; Protocol question column","NAMCARs 139.08.3","Does the personnel involved in the operations and maintenance of systems of protection of navaids at (Name of the aerodrome) report to the aerodrome manager?","sha256:de1d30ab8136aec15a7c6956ec456d4b05b8cd38fa0f8cc7dfa463689b9fac71","all-forms-preview-006-0037","PROPOSED_HIGH_OPERATIONAL","OPERATIONAL_ASSURANCE","false","SOURCE_MAPPING_REQUIRED","NOT_ATTESTED","CANDIDATE_INTERPRETATION_REQUIRES_EXPERT_REVIEW","NOT_SUPPLIED"
"FSS-AGA-FORM-006","AGA 006.279","38","7","raw PDF page 7; AGA 006.279; Protocol question column","NAMCARs 139.08.3","Does the personnel involved in the operations of the runway safety programme at (Name of the aerodrome) report to the aerodrome manager?","sha256:39a4ffac3ce11963779260a41fbbf6fe3371749c9b17040225dd5d06271e0536","all-forms-preview-006-0038","PROPOSED_SAFETY_CRITICAL","AERODROME_OPERATIONAL_SAFETY","true","SOURCE_MAPPING_REQUIRED","NOT_ATTESTED","CANDIDATE_INTERPRETATION_REQUIRES_EXPERT_REVIEW","NOT_SUPPLIED"
"FSS-AGA-FORM-006","AGA 006.280","39","7","raw PDF page 7; AGA 006.280; Protocol question column","NAMCARs 139.08.3","Does the organization employ other persons (e.g. corporate managers) with a role in the activities related to the operations and maintenance of aerodromes?","sha256:2e250898208065fd537e543b3dc69acd20e5b85b84c25455bdaf93e3dde9783d","all-forms-preview-006-0039","PROPOSED_HIGH_OPERATIONAL","OPERATIONAL_ASSURANCE","false","SOURCE_MAPPING_REQUIRED","NOT_ATTESTED","CANDIDATE_INTERPRETATION_REQUIRES_EXPERT_REVIEW","NOT_SUPPLIED"
"FSS-AGA-FORM-006","AGA 006.282","40","7","raw PDF page 7; AGA 006.282; Protocol question column","NAMCARs 139.08.3","Is there a clear delineation of the corporate and operational functions?","sha256:ba9a183e151eccfe4a44b0789903ae94066a6abfd51f5590a330f518e5047ebc","all-forms-preview-006-0040","PROPOSED_HIGH_OPERATIONAL","OPERATIONAL_ASSURANCE","false","SOURCE_MAPPING_REQUIRED","NOT_ATTESTED","CANDIDATE_INTERPRETATION_REQUIRES_EXPERT_REVIEW","NOT_SUPPLIED"
"FSS-AGA-FORM-006","AGA 006.284","41","8","raw PDF page 8; AGA 006.284; Protocol question column","NAMCARs 139.08.3","Are the corporate managers included in the list of responsible persons for quality management system?","sha256:1a921512016265b077db7cddec86f01349acbfac7f875621202db623515357a7","all-forms-preview-006-0041","PROPOSED_HIGH_OPERATIONAL","OPERATIONAL_ASSURANCE","false","SOURCE_MAPPING_REQUIRED","NOT_ATTESTED","CANDIDATE_INTERPRETATION_REQUIRES_EXPERT_REVIEW","NOT_SUPPLIED"
"FSS-AGA-FORM-006","AGA 006.301","42","8","raw PDF page 8; AGA 006.301; Protocol question column","NAMCARs 139.08.3","Has the applicant established the number of personnel required for the operation and maintenance of each aerodrome or heliport and its services and facilities according to the requirements of NAMCARs 139?","sha256:08b2470f5b8a43127563208683b2eb70e63bfb9e78ffea228de4a367422d3bda","all-forms-preview-006-0042","PROPOSED_HIGH_OPERATIONAL","OPERATIONAL_ASSURANCE","false","SOURCE_MAPPING_REQUIRED","NOT_ATTESTED","CANDIDATE_INTERPRETATION_REQUIRES_EXPERT_REVIEW","NOT_SUPPLIED"
"FSS-AGA-FORM-006","AGA 006.303","43","8","raw PDF page 8; AGA 006.303; Protocol question column","NAMCARs 139.08.3 | NAMCATS 139.08.3","Is the established number of personnel required for the operation and maintenance of each aerodrome based on evaluation of the needs for each component of the aerodrome?","sha256:8a0c3f2bc1f961f49e8ecae3ee28664f961c6a233ec84df42297b520f61514ca","all-forms-preview-006-0043","PROPOSED_HIGH_OPERATIONAL","OPERATIONAL_ASSURANCE","false","SOURCE_MAPPING_REQUIRED","NOT_ATTESTED","CANDIDATE_INTERPRETATION_REQUIRES_EXPERT_REVIEW","NOT_SUPPLIED"
"FSS-AGA-FORM-006","AGA 006.305","44","8","raw PDF page 8; AGA 006.305; Protocol question column","NAMCARs 139.08.3 | NAMCATS 139.08.3","Does the applicant employ, engage, or contract adequate personnel for the operations and maintenance of physical characteristics, obstacles limitation surfaces, visual aids, equipment and installations at (Name of the aerodrome)?","sha256:446ec43af339d6a77d47cadf4c3267d58033847229f90b94e5e17a5d2c0ab0c2","all-forms-preview-006-0044","PROPOSED_SAFETY_CRITICAL","AERODROME_OPERATIONAL_SAFETY","true","SOURCE_MAPPING_REQUIRED","NOT_ATTESTED","CANDIDATE_INTERPRETATION_REQUIRES_EXPERT_REVIEW","NOT_SUPPLIED"
"FSS-AGA-FORM-006","AGA 006.309","45","8","raw PDF page 8; AGA 006.309; Protocol question column","NAMCARs 139.08.3","Does the applicant employ, engage, or contract adequate personnel for the implementation of the activities in the aerodrome manual at (Name of the aerodrome)?","sha256:2845a37ccaf0a80f47fe36ecb7999e0dc29a3f39864fa7dd4d31f1fc2e51bd9c","all-forms-preview-006-0045","PROPOSED_HIGH_OPERATIONAL","OPERATIONAL_ASSURANCE","false","SOURCE_MAPPING_REQUIRED","NOT_ATTESTED","CANDIDATE_INTERPRETATION_REQUIRES_EXPERT_REVIEW","NOT_SUPPLIED"
"FSS-AGA-FORM-006","AGA 006.311","46","8","raw PDF page 8; AGA 006.311; Protocol question column","NAMCARs 139.08.3","Does the applicant employ, engage, Yes No Check FSS-AGA-FORM- 008 and Satisfactory Not Reg. ref. Protocol question Reply Guidance for review of protocol question Status of implementation Comments Yes/Sat: Yes/Not Sat: No/Not Sat: N/A: FSS–AGA–FORM 006 31 March 2023 9 of 16 or contract adequate personnel for the implementation of the activities in the quality management system at (Name of the aerodrome)?","sha256:8792fb5c67d0dc3406fdadd0519ec77ef60b4e9d5673e1ceaecc4a7e7386052b","all-forms-preview-006-0046","PROPOSED_HIGH_OPERATIONAL","OPERATIONAL_ASSURANCE","false","SOURCE_MAPPING_REQUIRED","NOT_ATTESTED","CANDIDATE_INTERPRETATION_REQUIRES_EXPERT_REVIEW","NOT_SUPPLIED"
"FSS-AGA-FORM-006","AGA 006.313","47","9","raw PDF page 9; AGA 006.313; Protocol question column","NAMCARs 139.08.3","Does the applicant employ, engage, or contract adequate personnel for the operations of the aerodrome emergency planning at (Name of the aerodrome)?","sha256:722100e060b9ee76ec7361cfeed0418e7e129696c60aaaa109bd5d729d017712","all-forms-preview-006-0047","PROPOSED_SAFETY_CRITICAL","AERODROME_OPERATIONAL_SAFETY","true","SOURCE_MAPPING_REQUIRED","NOT_ATTESTED","CANDIDATE_INTERPRETATION_REQUIRES_EXPERT_REVIEW","NOT_SUPPLIED"
"FSS-AGA-FORM-006","AGA 006.315","48","9","raw PDF page 9; AGA 006.315; Protocol question column","NAMCARs 139.08.3","Does the applicant employ, engage, or contract adequate personnel for the operations and maintenance of rescue and fire fighting services at (Name of the aerodrome)?","sha256:798d9b3679ae4c37658a05142fdddd13df99ef075261f41890127583656c999d","all-forms-preview-006-0048","PROPOSED_SAFETY_CRITICAL","AERODROME_OPERATIONAL_SAFETY","true","SOURCE_MAPPING_REQUIRED","NOT_ATTESTED","CANDIDATE_INTERPRETATION_REQUIRES_EXPERT_REVIEW","NOT_SUPPLIED"
"FSS-AGA-FORM-006","AGA 006.317","49","9","raw PDF page 9; AGA 006.317; Protocol question column","NAMCARs 139.08.3","Does the applicant employ, engage, or contract adequate personnel operations of the environmental management programme at (Name of the aerodrome)?","sha256:2080bd33057c8128ba01979427080efab5e47077f9ab79f311551461af8607ab","all-forms-preview-006-0049","PROPOSED_HIGH_OPERATIONAL","OPERATIONAL_ASSURANCE","false","SOURCE_MAPPING_REQUIRED","NOT_ATTESTED","CANDIDATE_INTERPRETATION_REQUIRES_EXPERT_REVIEW","NOT_SUPPLIED"
"FSS-AGA-FORM-006","AGA 006.318","50","9","raw PDF page 9; AGA 006.318; Protocol question column","NAMCARs 139.08.3","Does the applicant employ, engage, or contract adequate personnel for the low visibility operations at (Name of the aerodrome)?","sha256:9dcb09cee2b2995d409a8054c272cc36b48a250685c8421208dcd0c725a12616","all-forms-preview-006-0050","PROPOSED_HIGH_OPERATIONAL","OPERATIONAL_ASSURANCE","false","SOURCE_MAPPING_REQUIRED","NOT_ATTESTED","CANDIDATE_INTERPRETATION_REQUIRES_EXPERT_REVIEW","NOT_SUPPLIED"
"FSS-AGA-FORM-006","AGA 006.319","51","9","raw PDF page 9; AGA 006.319; Protocol question column","NAMCARs 139.08.3","Does the applicant employ, engage, or contract adequate personnel for the notification of data and information at (Name of the aerodrome)?","sha256:84ab1935a4571de719cfbe87e6021f86e3530d7c37a2503e3325d750276c6239","all-forms-preview-006-0051","PROPOSED_HIGH_OPERATIONAL","OPERATIONAL_ASSURANCE","false","SOURCE_MAPPING_REQUIRED","NOT_ATTESTED","CANDIDATE_INTERPRETATION_REQUIRES_EXPERT_REVIEW","NOT_SUPPLIED"
"FSS-AGA-FORM-006","AGA 006.321","52","9","raw PDF page 9; AGA 006.321; Protocol question column","NAMCARs 139.08.3","Does the applicant employ, engage, or contract adequate personnel for the Yes No Check FSS-AGA-FORM- 008 and attachment Verify organizational structure Satisfactory Not satisfactory Reg. ref. Protocol question Reply Guidance for review of protocol question Status of implementation Comments Yes/Sat: Yes/Not Sat: No/Not Sat: N/A: FSS–AGA–FORM 006 31 March 2023 10 of 16 implementation of the inspection programme at (Name of the aerodrome)?","sha256:18c7f87a34779a73947efc938e9106befbf4bfeaad7ba340dec296891231b073","all-forms-preview-006-0052","PROPOSED_HIGH_OPERATIONAL","OPERATIONAL_ASSURANCE","false","SOURCE_MAPPING_REQUIRED","NOT_ATTESTED","CANDIDATE_INTERPRETATION_REQUIRES_EXPERT_REVIEW","NOT_SUPPLIED"
"FSS-AGA-FORM-006","AGA 006.323","53","10","raw PDF page 10; AGA 006.323; Protocol question column","NAMCARs 139.08.3","Does the applicant employ, engage, or contract adequate personnel for the operations and maintenance of systems for control of entry into a restricted area at (Name of the aerodrome)?","sha256:18abf7c3f8b3fa0658f1c77b55a02179c8e55d39e1f3a4ed3997817aaff8b5eb","all-forms-preview-006-0053","PROPOSED_HIGH_OPERATIONAL","OPERATIONAL_ASSURANCE","false","SOURCE_MAPPING_REQUIRED","NOT_ATTESTED","CANDIDATE_INTERPRETATION_REQUIRES_EXPERT_REVIEW","NOT_SUPPLIED"
"FSS-AGA-FORM-006","AGA 006.325","54","10","raw PDF page 10; AGA 006.325; Protocol question column","NAMCARs 139.08.3","Does the applicant employ, engage, or contract adequate personnel for the safety measures against fire at (Name of the aerodrome)?","sha256:ee61f7116965a48088b9aca0c77ea38eb9a0c8de9ed0153309b6de9b0b48c906","all-forms-preview-006-0054","PROPOSED_SAFETY_CRITICAL","AERODROME_OPERATIONAL_SAFETY","true","SOURCE_MAPPING_REQUIRED","NOT_ATTESTED","CANDIDATE_INTERPRETATION_REQUIRES_EXPERT_REVIEW","NOT_SUPPLIED"
"FSS-AGA-FORM-006","AGA 006.327","55","10","raw PDF page 10; AGA 006.327; Protocol question column","NAMCARs 139.08.3","Does the applicant employ, engage, or contract adequate personnel for the operations and maintenance of systems for access of ground vehicles to movement area at (Name of the aerodrome)?","sha256:52feadfd9a54f678fc4d9d575c504909e553582e31534a02b5e000813dd2b734","all-forms-preview-006-0055","PROPOSED_HIGH_OPERATIONAL","OPERATIONAL_ASSURANCE","false","SOURCE_MAPPING_REQUIRED","NOT_ATTESTED","CANDIDATE_INTERPRETATION_REQUIRES_EXPERT_REVIEW","NOT_SUPPLIED"
"FSS-AGA-FORM-006","AGA 006.329","56","10","raw PDF page 10; AGA 006.329; Protocol question column","NAMCARs 139.08.3","Does the applicant employ, engage, or contract adequate personnel for the operations and maintenance of systems of protection of navaids at (Name of the aerodrome)?","sha256:469c0cfc94909aa80567e4a6cde79b26afcccc5477cda9b1900f3f307e8d1eea","all-forms-preview-006-0056","PROPOSED_HIGH_OPERATIONAL","OPERATIONAL_ASSURANCE","false","SOURCE_MAPPING_REQUIRED","NOT_ATTESTED","CANDIDATE_INTERPRETATION_REQUIRES_EXPERT_REVIEW","NOT_SUPPLIED"
"FSS-AGA-FORM-006","AGA 006.402","57","10","raw PDF page 10; AGA 006.402; Protocol question column","NAMCARs 139.08.3","Is the appointment of the senior Yes No Sample documented evidence of the Satisfactory Reg. ref. Protocol question Reply Guidance for review of protocol question Status of implementation Comments Yes/Sat: Yes/Not Sat: No/Not Sat: N/A: FSS–AGA–FORM 006 31 March 2023 11 of 16 accountable manager and his/her role communicated to the staff and stakeholders?","sha256:d8bcc34535d526bf7aa269a5717a59205e50ebc3ecd04ff37e95050baa58ca06","all-forms-preview-006-0057","PROPOSED_HIGH_OPERATIONAL","OPERATIONAL_ASSURANCE","false","SOURCE_MAPPING_REQUIRED","NOT_ATTESTED","CANDIDATE_INTERPRETATION_REQUIRES_EXPERT_REVIEW","NOT_SUPPLIED"
"FSS-AGA-FORM-006","AGA 006.404","58","11","raw PDF page 11; AGA 006.404; Protocol question column","NAMCARs 139.08.3","Is there a procedure in place to ensure that all activities undertaken by the organization are carried out in accordance with the applicable requirements prescribed in NAMCARs 139?","sha256:e689329e7385eaa07342cd736b5e43f2a3cff2c91a9d4edb238fdb2ebd20d4e4","all-forms-preview-006-0058","PROPOSED_HIGH_OPERATIONAL","OPERATIONAL_ASSURANCE","false","SOURCE_MAPPING_REQUIRED","NOT_ATTESTED","CANDIDATE_INTERPRETATION_REQUIRES_EXPERT_REVIEW","NOT_SUPPLIED"
"FSS-AGA-FORM-006","AGA 006.406","59","11","raw PDF page 11; AGA 006.406; Protocol question column","NAMCARs 139.08.3","Does the senior accountable manager have authority over the allocation of resources for operations and maintenance?","sha256:b2609dd79de46e111fee30809afa2329521547437bdae90e587f42075090661e","all-forms-preview-006-0059","PROPOSED_HIGH_OPERATIONAL","OPERATIONAL_ASSURANCE","false","SOURCE_MAPPING_REQUIRED","NOT_ATTESTED","CANDIDATE_INTERPRETATION_REQUIRES_EXPERT_REVIEW","NOT_SUPPLIED"
"FSS-AGA-FORM-006","AGA 006.408","60","11","raw PDF page 11; AGA 006.408; Protocol question column","NAMCARs 139.08.3","Is there a procedure in place to ensure that the allocation of resources for operations and maintenance is in line with the requirements prescribed in NAMCARs 139?","sha256:eaad574ef96d65e3414171ca1a89277df168f480d112c0fac82ec2ca76ba37a7","all-forms-preview-006-0060","PROPOSED_HIGH_OPERATIONAL","OPERATIONAL_ASSURANCE","false","SOURCE_MAPPING_REQUIRED","NOT_ATTESTED","CANDIDATE_INTERPRETATION_REQUIRES_EXPERT_REVIEW","NOT_SUPPLIED"
"FSS-AGA-FORM-006","AGA 006.410","61","11","raw PDF page 11; AGA 006.410; Protocol question column","NAMCARs 139.08.3","Is there a procedure in place to ensure that the senior accountable manager has unrestricted access to work performed or activities undertaken by all other persons as employees of, and other persons rendering service under contract with, the organisation?","sha256:2c9a27aa7c5f370f0954e8312956bd204d79fc34c357e49a79795888d2093107","all-forms-preview-006-0061","PROPOSED_HIGH_OPERATIONAL","OPERATIONAL_ASSURANCE","false","SOURCE_MAPPING_REQUIRED","NOT_ATTESTED","CANDIDATE_INTERPRETATION_REQUIRES_EXPERT_REVIEW","NOT_SUPPLIED"
"FSS-AGA-FORM-006","AGA 006.412","62","11","raw PDF page 11; AGA 006.412; Protocol question column","NAMCARs 139.08.3","Is there a procedure in place for the consultation between the senior accountable manager with any person as an employee of, and other person rendering service under contract with, the organisation in respect of compliance by him or her?","sha256:32f84ccec2fba2acb3dea7faf8c766a02be53232a8531c38c5edcd37c1093f50","all-forms-preview-006-0062","PROPOSED_HIGH_OPERATIONAL","OPERATIONAL_ASSURANCE","false","SOURCE_MAPPING_REQUIRED","NOT_ATTESTED","CANDIDATE_INTERPRETATION_REQUIRES_EXPERT_REVIEW","NOT_SUPPLIED"
"FSS-AGA-FORM-006","AGA 006.416","63","11","raw PDF page 11; AGA 006.416; Protocol question column","NAMCARs 139.08.3","is there a procedure in place for assessing whether activities carried out by the applicant Yes No Verify procedure Check a sample for implementation Satisfactory Not satisfactory Reg. ref. Protocol question Reply Guidance for review of protocol question Status of implementation Comments Yes/Sat: Yes/Not Sat: No/Not Sat: N/A: FSS–AGA–FORM 006 31 March 2023 12 of 16 (third-party) continue to comply with regulations?","sha256:15bf780bbea5813d84e6f7d404cb8808d5c5b0476d7e0175965708c1dc781e69","all-forms-preview-006-0063","PROPOSED_HIGH_OPERATIONAL","OPERATIONAL_ASSURANCE","false","SOURCE_MAPPING_REQUIRED","NOT_ATTESTED","CANDIDATE_INTERPRETATION_REQUIRES_EXPERT_REVIEW","NOT_SUPPLIED"
"FSS-AGA-FORM-006","AGA 006.418","64","12","raw PDF page 12; AGA 006.418; Protocol question column","NAMCARs 139.08.3 | NAMCARs 139.08.4 | NAMCATS 139.08.4 | NAMCARs 139.08.6 | NAMCATS 139.08.6","Does the person responsible for quality management system have direct access to the senior accountable manager on matters affecting the aviation safety programme?","sha256:5ee75d11a89c597d368c7bbb57b5fd5987abe681f3ce6b70d9f5691981dbb46c","all-forms-preview-006-0064","PROPOSED_HIGH_OPERATIONAL","OPERATIONAL_ASSURANCE","false","SOURCE_MAPPING_REQUIRED","NOT_ATTESTED","CANDIDATE_INTERPRETATION_REQUIRES_EXPERT_REVIEW","NOT_SUPPLIED"
"FSS-AGA-FORM-006","AGA 006.420","65","12","raw PDF page 12; AGA 006.420; Protocol question column","NAMCARs 139.08.4 | NAMCATS 139.08.4 | NAMCARs 139.08.6 | NAMCATS 139.08.6 | NAMCARs 139.0","Does the role of the senior accountable manager include interaction with the person responsible for quality management system?","sha256:01d87bd93db61b2ae9a7f3a6e69bc5b01b0327ef9a79306f0a5561790fb6ea2e","all-forms-preview-006-0065","PROPOSED_HIGH_OPERATIONAL","OPERATIONAL_ASSURANCE","false","SOURCE_MAPPING_REQUIRED","NOT_ATTESTED","CANDIDATE_INTERPRETATION_REQUIRES_EXPERT_REVIEW","NOT_SUPPLIED"
"FSS-AGA-FORM-006","AGA 006.422","66","12","raw PDF page 12; AGA 006.422; Protocol question column","NAMCARs 139.08.4 | NAMCATS 139.08.4","Has the applicant conducted a gap analysis on the level of implementation of quality management system in its organization and its aerodrome(s)?","sha256:665578e64e11d4be8d626886968e93063c45cd2343401e3a633d8215e4faf2db","all-forms-preview-006-0066","PROPOSED_HIGH_OPERATIONAL","OPERATIONAL_ASSURANCE","false","SOURCE_MAPPING_REQUIRED","NOT_ATTESTED","CANDIDATE_INTERPRETATION_REQUIRES_EXPERT_REVIEW","NOT_SUPPLIED"
"FSS-AGA-FORM-006","AGA 006.424","67","12","raw PDF page 12; AGA 006.424; Protocol question column","NAMCARs 139.08.4 | NAMCATS 139.08.4","Has the applicant adopted an implementation plan for the implementation of a quality management system in its organization and its aerodrome(s)?","sha256:12cb9d7c370b526b027c5834a85126d1ea4f01915ab57ef1a9f7776c7ce190ab","all-forms-preview-006-0067","PROPOSED_HIGH_OPERATIONAL","OPERATIONAL_ASSURANCE","false","SOURCE_MAPPING_REQUIRED","NOT_ATTESTED","CANDIDATE_INTERPRETATION_REQUIRES_EXPERT_REVIEW","NOT_SUPPLIED"
"FSS-AGA-FORM-006","AGA 006.426","68","12","raw PDF page 12; AGA 006.426; Protocol question column","NAMCATS 139.08.4 | NAMCARs 139.08.4","Does the implementation plan include the definition of the level and quality the applicant intends to achieve?","sha256:8d3999617b62ff4c15961f066d0863b257480e872f049886e39cb9c308b59ec9","all-forms-preview-006-0068","PROPOSED_HIGH_OPERATIONAL","OPERATIONAL_ASSURANCE","false","SOURCE_MAPPING_REQUIRED","NOT_ATTESTED","CANDIDATE_INTERPRETATION_REQUIRES_EXPERT_REVIEW","NOT_SUPPLIED"
"FSS-AGA-FORM-006","AGA 006.430","69","12","raw PDF page 12; AGA 006.430; Protocol question column","NAMCARs 139.08.4 | NAMCATS 139.08.4","Does the implementation plan include the development of a procedure on the level and frequency of internal review?","sha256:6f049d2df35952744e2357eedf3a061b8bcb77d7ea3183c85ff11c139fffe38d","all-forms-preview-006-0069","PROPOSED_HIGH_OPERATIONAL","OPERATIONAL_ASSURANCE","false","SOURCE_MAPPING_REQUIRED","NOT_ATTESTED","CANDIDATE_INTERPRETATION_REQUIRES_EXPERT_REVIEW","NOT_SUPPLIED"
"FSS-AGA-FORM-006","AGA 006.434","70","12","raw PDF page 12; AGA 006.434; Protocol question column","NAMCARs 139.08.4 | NAMCATS 139.08.4","Does the implementation plan include the development of a procedure to record the Yes No Check milestones of the implementation plan and timelines Satisfactory Not satisfactory Reg. ref. Protocol question Reply Guidance for review of protocol question Status of implementation Comments Yes/Sat: Yes/Not Sat: No/Not Sat: N/A: FSS–AGA–FORM 006 31 March 2023 13 of 16 findings and communicate them to management?","sha256:3c3d694b3000c29585585b602919e4d3f09b18025a718ca3e5e04c84b4c7bd46","all-forms-preview-006-0070","PROPOSED_HIGH_OPERATIONAL","OPERATIONAL_ASSURANCE","false","SOURCE_MAPPING_REQUIRED","NOT_ATTESTED","CANDIDATE_INTERPRETATION_REQUIRES_EXPERT_REVIEW","NOT_SUPPLIED"
"FSS-AGA-FORM-006","AGA 006.438","71","13","raw PDF page 13; AGA 006.438; Protocol question column","NAMCARs 139.08.4 | NAMCATS 139.08.4","Does the implementation plan include the appointment of responsible persons?","sha256:12d788605850c86a7f6b26a1e9da7cbd5be08520253ffd8fec6d2b3dbbe4b296","all-forms-preview-006-0071","PROPOSED_HIGH_OPERATIONAL","OPERATIONAL_ASSURANCE","false","SOURCE_MAPPING_REQUIRED","NOT_ATTESTED","CANDIDATE_INTERPRETATION_REQUIRES_EXPERT_REVIEW","NOT_SUPPLIED"
"FSS-AGA-FORM-006","AGA 006.442","72","13","raw PDF page 13; AGA 006.442; Protocol question column","NAMCARs 139.08.4 | NAMCATS 139.08.4","Does the implementation plan include the development of procedures by which quality indicators are brought into the quality management system?","sha256:c0e6cfc978de32b33bf46f498dd8de69c0533d34da7ee19d23bcd52942ebb737","all-forms-preview-006-0072","PROPOSED_HIGH_OPERATIONAL","OPERATIONAL_ASSURANCE","false","SOURCE_MAPPING_REQUIRED","NOT_ATTESTED","CANDIDATE_INTERPRETATION_REQUIRES_EXPERT_REVIEW","NOT_SUPPLIED"
"FSS-AGA-FORM-006","AGA 006.446","73","13","raw PDF page 13; AGA 006.446; Protocol question column","NAMCARs 139.08.4 | NAMCATS 139.08.4","Does the implementation plan include the development of procedures for management review and analysis?","sha256:405e4bad2f5372f3d85b24cf44990f5a403dc5717131fe1cf29a01b942ea6a8d","all-forms-preview-006-0073","PROPOSED_HIGH_OPERATIONAL","OPERATIONAL_ASSURANCE","false","SOURCE_MAPPING_REQUIRED","NOT_ATTESTED","CANDIDATE_INTERPRETATION_REQUIRES_EXPERT_REVIEW","NOT_SUPPLIED"
"FSS-AGA-FORM-006","AGA 006.454","74","13","raw PDF page 13; AGA 006.454; Protocol question column","NAMCARs 139.08.4 | NAMCATS 139.08.4","Does the implementation plan include the development of procedures for documenting the review process?","sha256:40da7a58af4e551121736e70fb54cf46e9e3abe89c967c6b3a393f4d8a10dc00","all-forms-preview-006-0074","PROPOSED_HIGH_OPERATIONAL","OPERATIONAL_ASSURANCE","false","SOURCE_MAPPING_REQUIRED","NOT_ATTESTED","CANDIDATE_INTERPRETATION_REQUIRES_EXPERT_REVIEW","NOT_SUPPLIED"
"FSS-AGA-FORM-006","AGA 006.458","75","13","raw PDF page 13; AGA 006.458; Protocol question column","NAMCARs 139.08.4 | NAMCATS 139.08.4","Does the implementation plan include the development of communications means and education activities to ensure that the system is understood, implemented and complied with at all levels?","sha256:043fa89b354e3c0ce71e386f4f60b8b3ebaca129ec58632c17099c8d43f08900","all-forms-preview-006-0075","PROPOSED_HIGH_OPERATIONAL","OPERATIONAL_ASSURANCE","false","SOURCE_MAPPING_REQUIRED","NOT_ATTESTED","CANDIDATE_INTERPRETATION_REQUIRES_EXPERT_REVIEW","NOT_SUPPLIED"
"FSS-AGA-FORM-006","AGA 006.462","76","13","raw PDF page 13; AGA 006.462; Protocol question column","NAMCARs 139.08.4 | NAMCATS 139.08.4","Does the implementation plan include the inclusion of the quality management system in the aerodromes manual?","sha256:f356950982eed308bb33e9c8a39a41823fbaf8ca312a3fe4bea78fac75a29d3e","all-forms-preview-006-0076","PROPOSED_HIGH_OPERATIONAL","OPERATIONAL_ASSURANCE","false","SOURCE_MAPPING_REQUIRED","NOT_ATTESTED","CANDIDATE_INTERPRETATION_REQUIRES_EXPERT_REVIEW","NOT_SUPPLIED"
"FSS-AGA-FORM-006","AGA 006.466","77","13","raw PDF page 13; AGA 006.466; Protocol question column","NAMCARs 139.08.4 | NAMCATS 139.08.4","Is there a reporting procedure for the aerodrome manager to inform the senior Yes No Verify reporting procedure Cross-check implementation Satisfactory Not satisfactory Reg. ref. Protocol question Reply Guidance for review of protocol question Status of implementation Comments Yes/Sat: Yes/Not Sat: No/Not Sat: N/A: FSS–AGA–FORM 006 31 March 2023 14 of 16 accountable manager on the compliance of operations and maintenance activities with the applicable requirements prescribed in NAMCARs 139?","sha256:9aa3dec6198898246a47ef9796e729cc30c134f1592a8b27d90391d40bf3725a","all-forms-preview-006-0077","PROPOSED_HIGH_OPERATIONAL","OPERATIONAL_ASSURANCE","false","SOURCE_MAPPING_REQUIRED","NOT_ATTESTED","CANDIDATE_INTERPRETATION_REQUIRES_EXPERT_REVIEW","NOT_SUPPLIED"
"FSS-AGA-FORM-006","AGA 006.468","78","14","raw PDF page 14; AGA 006.468; Protocol question column","NAMCARs 139.08.4 | NAMCATS 139.08.4","Is there a reporting procedure for the aerodrome manager to report to the senior accountable manager on work performed or activities undertaken by all other persons as employees of, and other persons rendering service under contract at the aerodrome?","sha256:4f648af05bfc4f3952f5775c69bd202ecad889593129fd2588fc75e74a8ff807","all-forms-preview-006-0078","PROPOSED_HIGH_OPERATIONAL","OPERATIONAL_ASSURANCE","false","SOURCE_MAPPING_REQUIRED","NOT_ATTESTED","CANDIDATE_INTERPRETATION_REQUIRES_EXPERT_REVIEW","NOT_SUPPLIED"
"FSS-AGA-FORM-006","AGA 006.470","79","14","raw PDF page 14; AGA 006.470; Protocol question column","NAMCARs 139.08.4 | NAMCATS 139.08.4","Is there a procedure for the aerodrome manager to report to the senior accountable manager on consultation with person as an employee of, and other person rendering service under contract at the aerodrome in respect of compliance?","sha256:4c9a24b84f131997d9e22798e3a8ea9d206777ab4453729318f77c748f9afd33","all-forms-preview-006-0079","PROPOSED_HIGH_OPERATIONAL","OPERATIONAL_ASSURANCE","false","SOURCE_MAPPING_REQUIRED","NOT_ATTESTED","CANDIDATE_INTERPRETATION_REQUIRES_EXPERT_REVIEW","NOT_SUPPLIED"
"FSS-AGA-FORM-006","AGA 006.474","80","14","raw PDF page 14; AGA 006.474; Protocol question column","NAMCARs 139.08.4 | NAMCATS 139.08.4","Is the aerodrome manager informed and trained in his/her role in the quality management system?","sha256:fc7fc5081d2a2be77a3190e03450ce1c66d31ea7488e9611f5ffb21c15af9dd4","all-forms-preview-006-0080","PROPOSED_HIGH_OPERATIONAL","OPERATIONAL_ASSURANCE","false","SOURCE_MAPPING_REQUIRED","NOT_ATTESTED","CANDIDATE_INTERPRETATION_REQUIRES_EXPERT_REVIEW","NOT_SUPPLIED"
"FSS-AGA-FORM-006","AGA 006.478","81","14","raw PDF page 14; AGA 006.478; Protocol question column","NAMCARs 139.08.4 | NAMCATS 139.08.4","Are the corporate managers informed and trained in their role in the quality management system?","sha256:68304771cea52be8da598202752762bf7fc7052f74aa6c7cef6c6ca547d1ebcd","all-forms-preview-006-0081","PROPOSED_HIGH_OPERATIONAL","OPERATIONAL_ASSURANCE","false","SOURCE_MAPPING_REQUIRED","NOT_ATTESTED","CANDIDATE_INTERPRETATION_REQUIRES_EXPERT_REVIEW","NOT_SUPPLIED"
"FSS-AGA-FORM-006","AGA 006.480","82","14","raw PDF page 14; AGA 006.480; Protocol question column","NAMCARs 139.08.4 | NAMCATS 139.08.4","Has the organization established the role of the operational and maintenance staff of the aerodrome in the aerodrome manual and quality management system?","sha256:1ed3e23ed07ec60871bdd8bdb0e8cf0d4be74fcfc0561109c1c9c76496fa1fa1","all-forms-preview-006-0082","PROPOSED_HIGH_OPERATIONAL","OPERATIONAL_ASSURANCE","false","SOURCE_MAPPING_REQUIRED","NOT_ATTESTED","CANDIDATE_INTERPRETATION_REQUIRES_EXPERT_REVIEW","NOT_SUPPLIED"
"FSS-AGA-FORM-006","AGA 006.482","83","15","raw PDF page 15; AGA 006.482; Protocol question column","NAMCARs 139.08.4 | NAMCATS 139.08.4","Are the operations and maintenance personnel included in the list of responsible persons for quality management system and safety management systems?","sha256:308a9522dd0642d552d201afa5f02a16eb17c5c2d9bb36c2e19c181ed7c5a331","all-forms-preview-006-0083","PROPOSED_SAFETY_CRITICAL","AERODROME_OPERATIONAL_SAFETY","true","SOURCE_MAPPING_REQUIRED","NOT_ATTESTED","CANDIDATE_INTERPRETATION_REQUIRES_EXPERT_REVIEW","NOT_SUPPLIED"
"FSS-AGA-FORM-006","AGA 006.484","84","15","raw PDF page 15; AGA 006.484; Protocol question column","NAMCARs 139.08.4 | NAMCATS 139.08.4","If the answer to AGA 006.482 is YES, are the operations and maintenance personnel informed and trained in their role in the quality management system?","sha256:621fc1ec57760b2823fca525e4bc9225a61cf39ff740b5cbba541ff31916cc8d","all-forms-preview-006-0084","PROPOSED_HIGH_OPERATIONAL","OPERATIONAL_ASSURANCE","false","SOURCE_MAPPING_REQUIRED","NOT_ATTESTED","CANDIDATE_INTERPRETATION_REQUIRES_EXPERT_REVIEW","NOT_SUPPLIED"
"FSS-AGA-FORM-006","AGA 006.501","85","15","raw PDF page 15; AGA 006.501; Protocol question column","NAMCARs 139.08.4 | NAMCATS 139.08.4 | NAMCARs 139.08.3","Has the organization developed a procedure for initial assessment of the competence of operational and maintenance staff of the aerodrome?","sha256:39433fd27032361df85b5c2c131e4011f78712ec42872ef2cc59916d150c344a","all-forms-preview-006-0085","PROPOSED_HIGH_OPERATIONAL","OPERATIONAL_ASSURANCE","false","SOURCE_MAPPING_REQUIRED","NOT_ATTESTED","CANDIDATE_INTERPRETATION_REQUIRES_EXPERT_REVIEW","NOT_SUPPLIED"
"FSS-AGA-FORM-006","AGA 006.503","86","15","raw PDF page 15; AGA 006.503; Protocol question column","NAMCARs 139.08.3","Is the process of appointment of the person who is responsible for quality management system documented?","sha256:a6e36acddb05a9843287c97abe0783fe7c9501bae0e69692c1e4d2e60ef27bc7","all-forms-preview-006-0086","PROPOSED_HIGH_OPERATIONAL","OPERATIONAL_ASSURANCE","false","SOURCE_MAPPING_REQUIRED","NOT_ATTESTED","CANDIDATE_INTERPRETATION_REQUIRES_EXPERT_REVIEW","NOT_SUPPLIED"
"FSS-AGA-FORM-006","AGA 006.505","87","15","raw PDF page 15; AGA 006.505; Protocol question column","NAMCARs 139.08.3","Does the process of appointment of the person who is responsible for quality management system include assessment of his/her competencies in one or more of the following areas?","sha256:836e8856f905052fad9c009c14693eb0364c78753136d8954fc14a82cb182cee","all-forms-preview-006-0087","PROPOSED_HIGH_OPERATIONAL","OPERATIONAL_ASSURANCE","false","SOURCE_MAPPING_REQUIRED","NOT_ATTESTED","CANDIDATE_INTERPRETATION_REQUIRES_EXPERT_REVIEW","NOT_SUPPLIED"
"FSS-AGA-FORM-006","AGA 006.507","88","16","raw PDF page 16; AGA 006.507; Protocol question column","NAMCARs 139.08.3","Is the process of appointment of the aerodrome manager documented?","sha256:84b537681779c15305f776d8512221c4a98179b8f99646bc0c0f3fd1f3f05d2e","all-forms-preview-006-0088","PROPOSED_HIGH_OPERATIONAL","OPERATIONAL_ASSURANCE","false","SOURCE_MAPPING_REQUIRED","NOT_ATTESTED","CANDIDATE_INTERPRETATION_REQUIRES_EXPERT_REVIEW","NOT_SUPPLIED"
"FSS-AGA-FORM-006","AGA 006.509","89","16","raw PDF page 16; AGA 006.509; Protocol question column","NAMCARs 139.08.3","Does the process of appointment of an aerodrome manager include an assessment of his/her competencies in the supervision of operations and maintenance of aerodrome?","sha256:63811d32ed572d6f13c68b377d34ac80b1032cbd317d4e76397c8061a9943291","all-forms-preview-006-0089","PROPOSED_HIGH_OPERATIONAL","OPERATIONAL_ASSURANCE","false","SOURCE_MAPPING_REQUIRED","NOT_ATTESTED","CANDIDATE_INTERPRETATION_REQUIRES_EXPERT_REVIEW","NOT_SUPPLIED"
"FSS-AGA-FORM-006","AGA 006.511","90","16","raw PDF page 16; AGA 006.511; Protocol question column","NAMCARs 139.08.3","Does the process of appointment of operations and maintenance personnel include an assessment of their competencies in operations or maintenance of the services, facilities or equipment of the aerodrome?","sha256:ed6d1ffabf92b79c3524fadbf6779839c576c493d813c8e15f7fa1a7eab4ab2e","all-forms-preview-006-0090","PROPOSED_HIGH_OPERATIONAL","OPERATIONAL_ASSURANCE","false","SOURCE_MAPPING_REQUIRED","NOT_ATTESTED","CANDIDATE_INTERPRETATION_REQUIRES_EXPERT_REVIEW","NOT_SUPPLIED"
"FSS-AGA-FORM-006","AGA 006.513","91","16","raw PDF page 16; AGA 006.513; Protocol question column","NAMCARs 139.08.3","Have job descriptions been developed for operational and maintenance staff of the aerodromes?","sha256:1efe286e7048679bd03fbd6c81d35fdf2c2a4078aabe9521fc34ba03a1723332","all-forms-preview-006-0091","PROPOSED_HIGH_OPERATIONAL","OPERATIONAL_ASSURANCE","false","SOURCE_MAPPING_REQUIRED","NOT_ATTESTED","CANDIDATE_INTERPRETATION_REQUIRES_EXPERT_REVIEW","NOT_SUPPLIED"
"FSS-AGA-FORM-006","AGA 006.515","92","16","raw PDF page 16; AGA 006.515; Protocol question column","NAMCARs 139.08.3","Has the applicant developed a procedure for maintenance of the competence of operational and maintenance staff of the aerodrome?","sha256:7199adec739483cab48c19c798f0bc6b615c24b76c31ca6c53b488e765b319ef","all-forms-preview-006-0092","PROPOSED_HIGH_OPERATIONAL","OPERATIONAL_ASSURANCE","false","SOURCE_MAPPING_REQUIRED","NOT_ATTESTED","CANDIDATE_INTERPRETATION_REQUIRES_EXPERT_REVIEW","NOT_SUPPLIED"
"FSS-AGA-FORM-009","AGA 009.101","1","1","raw PDF page 1; AGA 009.101; Protocol question column","NAMCARs 139.07.2 | NAMCATS 139.07.2","Is the format of the aerodrome manual easy to maintain and revise?","sha256:c5c72b713ad55702323b642eb7dc0281e6072bf0c417a7a01d1ee6a8159621f0","all-forms-preview-009-0001","PROPOSED_HIGH_OPERATIONAL","OPERATIONAL_ASSURANCE","false","SOURCE_MAPPING_REQUIRED","NOT_ATTESTED","CANDIDATE_INTERPRETATION_REQUIRES_EXPERT_REVIEW","NOT_SUPPLIED"
"FSS-AGA-FORM-009","AGA 009.103","2","1","raw PDF page 1; AGA 009.103; Protocol question column","NAMCARs 139.07.2 | NAMCATS 139.07.2","Does each page of the aerodrome manual contain its number, part and section?","sha256:937762b8135bd8917b3b3b55c4d5e4ceec392e57f2178585a0670d8d59b977a5","all-forms-preview-009-0002","PROPOSED_HIGH_OPERATIONAL","OPERATIONAL_ASSURANCE","false","SOURCE_MAPPING_REQUIRED","NOT_ATTESTED","CANDIDATE_INTERPRETATION_REQUIRES_EXPERT_REVIEW","NOT_SUPPLIED"
"FSS-AGA-FORM-009","AGA 009.105","3","1","raw PDF page 1; AGA 009.105; Protocol question column","NAMCARs 139.07.2 | NAMCATS 139.07.2","Does each page of the aerodrome manual contain its date of issuance?","sha256:ba4be763e8603f1472aff2cddccf02ecc68175096eccf85e30bffba0ee25743a","all-forms-preview-009-0003","PROPOSED_HIGH_OPERATIONAL","OPERATIONAL_ASSURANCE","false","SOURCE_MAPPING_REQUIRED","NOT_ATTESTED","CANDIDATE_INTERPRETATION_REQUIRES_EXPERT_REVIEW","NOT_SUPPLIED"
"FSS-AGA-FORM-009","AGA 009.107","4","1","raw PDF page 1; AGA 009.107; Protocol question column","NAMCARs 139.07.2 | NAMCATS 139.07.2","Does each page of the aerodrome manual have a space reserved for NCAA approval?","sha256:2f937f77ad884927248597d15bedf3b813e63c93aa00c445d3c59f4f6b644c0c","all-forms-preview-009-0004","PROPOSED_HIGH_OPERATIONAL","OPERATIONAL_ASSURANCE","false","SOURCE_MAPPING_REQUIRED","NOT_ATTESTED","CANDIDATE_INTERPRETATION_REQUIRES_EXPERT_REVIEW","NOT_SUPPLIED"
"FSS-AGA-FORM-009","AGA 009.109","5","1","raw PDF page 1; AGA 009.109; Protocol question column","NAMCARs 139.07.2 | NAMCATS 139.07.2","Does the block reserved for NCAA approval have a consistent format and location throughout the document?","sha256:081687d42b9054c0172571ed98bc7cfc765e8ed6558d96a42c3f79460ff9d7b5","all-forms-preview-009-0005","PROPOSED_HIGH_OPERATIONAL","OPERATIONAL_ASSURANCE","false","SOURCE_MAPPING_REQUIRED","NOT_ATTESTED","CANDIDATE_INTERPRETATION_REQUIRES_EXPERT_REVIEW","NOT_SUPPLIED"
"FSS-AGA-FORM-009","AGA 009.111","6","2","raw PDF page 2; AGA 009.111; Protocol question column","NAMCARs 139.07.2 | NAMCATS 139.07.2","Does the aerodrome manual include a Page Revision Log that can be used as an inventory of current pages?","sha256:b15febc3d909998659d07ea1ba4cdaa279cf5b1762ab235ac979a81e2fd9f1fd","all-forms-preview-009-0006","PROPOSED_HIGH_OPERATIONAL","OPERATIONAL_ASSURANCE","false","SOURCE_MAPPING_REQUIRED","NOT_ATTESTED","CANDIDATE_INTERPRETATION_REQUIRES_EXPERT_REVIEW","NOT_SUPPLIED"
"FSS-AGA-FORM-009","AGA 009.201","7","2","raw PDF page 2; AGA 009.201; Protocol question column","NAMCARs 139.07.2 | NAMCATS 139.07.2 | NAMCARs 139.07.3 | NAMCATS 139.07.3","Is the content of the aerodrome manual organized as per NAMCATS139.07.3?","sha256:a0a3ce9614008d17f0441d3d059950b7324a2e1b37244462f9bcc79fddba73da","all-forms-preview-009-0007","PROPOSED_HIGH_OPERATIONAL","OPERATIONAL_ASSURANCE","false","SOURCE_MAPPING_REQUIRED","NOT_ATTESTED","CANDIDATE_INTERPRETATION_REQUIRES_EXPERT_REVIEW","NOT_SUPPLIED"
"FSS-AGA-FORM-009","AGA 009.203","8","3","raw PDF page 3; AGA 009.203; Protocol question column","NAMCARs 139.07.3 | NAMCATS 139.07.3","If the answer to 009.201 is NO, has the applicant provided an explanation of why he/she has organized the aerodrome manual differently ?","sha256:cd774ae06d686877276f4415af33d45986a61c94e655656921c23c6d908e6a6a","all-forms-preview-009-0008","PROPOSED_HIGH_OPERATIONAL","OPERATIONAL_ASSURANCE","false","SOURCE_MAPPING_REQUIRED","NOT_ATTESTED","CANDIDATE_INTERPRETATION_REQUIRES_EXPERT_REVIEW","NOT_SUPPLIED"
"FSS-AGA-FORM-009","AGA 009.301","9","3","raw PDF page 3; AGA 009.301; Protocol question column","NAMCARs 139.07.3 | NAMCATS 139.07.3","Does the aerodrome manual contain a statement of compliance by the senior accountable manager?","sha256:c21457d31c6019c81304a8d74ea97364bcffff1e3f86113e08eb5147debf3368","all-forms-preview-009-0009","PROPOSED_HIGH_OPERATIONAL","OPERATIONAL_ASSURANCE","false","SOURCE_MAPPING_REQUIRED","NOT_ATTESTED","CANDIDATE_INTERPRETATION_REQUIRES_EXPERT_REVIEW","NOT_SUPPLIED"
"FSS-AGA-FORM-009","AGA 009.303","10","3","raw PDF page 3; AGA 009.303; Protocol question column","NAMCARs 139.07.3 | NAMCATS 139.07.3","Does the aerodrome manual specify its purpose and scope?","sha256:9a9b2d99bd9a053b2f620ca3d80b885c8dbe6e1fab3874f3dc2696c63dbadc50","all-forms-preview-009-0010","PROPOSED_HIGH_OPERATIONAL","OPERATIONAL_ASSURANCE","false","SOURCE_MAPPING_REQUIRED","NOT_ATTESTED","CANDIDATE_INTERPRETATION_REQUIRES_EXPERT_REVIEW","NOT_SUPPLIED"
"FSS-AGA-FORM-009","AGA 009.307","11","3","raw PDF page 3; AGA 009.307; Protocol question column","NAMCARs 139.07.3 | NAMCATS 139.07.3","Does the aerodrome manual specify the legal requirement for a certificate or licence and an aerodrome manual?","sha256:82f3e25e7dbe2d9d7513082c4874f7128170d821cc2b710cb504d99572e9cf23","all-forms-preview-009-0011","PROPOSED_HIGH_OPERATIONAL","OPERATIONAL_ASSURANCE","false","SOURCE_MAPPING_REQUIRED","NOT_ATTESTED","CANDIDATE_INTERPRETATION_REQUIRES_EXPERT_REVIEW","NOT_SUPPLIED"
"FSS-AGA-FORM-009","AGA 009.311","12","3","raw PDF page 3; AGA 009.311; Protocol question column","NAMCARs 139.07.3 | NAMCATS 139.07.3","Does the aerodrome manual specify the conditions for use of the aerodrome?","sha256:36939a3f82a7c4015ce5304652d99857a4bfff9ad24e011888b73028e14c971f","all-forms-preview-009-0012","PROPOSED_HIGH_OPERATIONAL","OPERATIONAL_ASSURANCE","false","SOURCE_MAPPING_REQUIRED","NOT_ATTESTED","CANDIDATE_INTERPRETATION_REQUIRES_EXPERT_REVIEW","NOT_SUPPLIED"
"FSS-AGA-FORM-009","AGA 009.313","13","3","raw PDF page 3; AGA 009.313; Protocol question column","NAMCARs 139.07.3 | NAMCATS 139.07.3","Does the aerodrome manual specify the obligations of the aerodrome operator?","sha256:2beca57ffd4bec1f8d7fd5d83331218ca26af2320f9ad46d58df42341a3440a9","all-forms-preview-009-0013","PROPOSED_HIGH_OPERATIONAL","OPERATIONAL_ASSURANCE","false","SOURCE_MAPPING_REQUIRED","NOT_ATTESTED","CANDIDATE_INTERPRETATION_REQUIRES_EXPERT_REVIEW","NOT_SUPPLIED"
"FSS-AGA-FORM-009","AGA 009.315","14","3","raw PDF page 3; AGA 009.315; Protocol question column","NAMCARs 139.07.3 | NAMCATS 139.07.3","Does the aerodrome manual specify the limitations on the use of the aerodrome?","sha256:9fcdebbf589abd2feff540611b5c71bdd38d4b47014ed9fc3e8509ac342bfd4b","all-forms-preview-009-0014","PROPOSED_HIGH_OPERATIONAL","OPERATIONAL_ASSURANCE","false","SOURCE_MAPPING_REQUIRED","NOT_ATTESTED","CANDIDATE_INTERPRETATION_REQUIRES_EXPERT_REVIEW","NOT_SUPPLIED"
"FSS-AGA-FORM-009","AGA 009.317","15","3","raw PDF page 3; AGA 009.317; Protocol question column","NAMCARs 139.07.3 | NAMCATS 139.07.3","Does the aerodrome manual contain a procedure for its control?","sha256:ec5151ba038bc320f200aa070c176b6d797c2b2b5eef23840cb1ad381febbdda","all-forms-preview-009-0015","PROPOSED_HIGH_OPERATIONAL","OPERATIONAL_ASSURANCE","false","SOURCE_MAPPING_REQUIRED","NOT_ATTESTED","CANDIDATE_INTERPRETATION_REQUIRES_EXPERT_REVIEW","NOT_SUPPLIED"
"FSS-AGA-FORM-009","AGA 009.319","16","3","raw PDF page 3; AGA 009.319; Protocol question column","NAMCARs 139.07.3 | NAMCATS 139.07.3","Does the aerodrome manual contain a procedure for its amendment?","sha256:b69892120bfa7e01480ca0c034e32cb61e29cbdb4a0cd25ecd442481755cd139","all-forms-preview-009-0016","PROPOSED_HIGH_OPERATIONAL","OPERATIONAL_ASSURANCE","false","SOURCE_MAPPING_REQUIRED","NOT_ATTESTED","CANDIDATE_INTERPRETATION_REQUIRES_EXPERT_REVIEW","NOT_SUPPLIED"
"FSS-AGA-FORM-009","AGA 009.321","17","3","raw PDF page 3; AGA 009.321; Protocol question column","NAMCATS 139.07.3 | NAMCARs 139.07.3","Does the aerodrome manual contain a procedure for its Yes No Confirm location of procedure for distribution and Satisfactory Not satisfactory Regulatory ref. Protocol question Reply Guidance for review of protocol question Status of implementation Evidence/Not es/Comment s Yes/Sat: Yes/Not Sat: No/Not Sat: N/A: FSS–AGA–FORM 009 31 March 2023 4 of 7 139.07.3 distribution?","sha256:68568b5832751207558203b896a3f1459cf5b236d1fad9d7fbf3badd5c0ccedf","all-forms-preview-009-0017","PROPOSED_HIGH_OPERATIONAL","OPERATIONAL_ASSURANCE","false","SOURCE_MAPPING_REQUIRED","NOT_ATTESTED","CANDIDATE_INTERPRETATION_REQUIRES_EXPERT_REVIEW","NOT_SUPPLIED"
"FSS-AGA-FORM-009","AGA 009.501","18","4","raw PDF page 4; AGA 009.501; Protocol question column","NAMCARs 139.07.3 | NAMCATS 139.07.3","Does the aerodrome manual contain general geographic information?","sha256:2938f1421d2ecf34da7cd720c95e12591ca838405741d86c4ff846d39ff121e3","all-forms-preview-009-0018","PROPOSED_HIGH_OPERATIONAL","OPERATIONAL_ASSURANCE","false","SOURCE_MAPPING_REQUIRED","NOT_ATTESTED","CANDIDATE_INTERPRETATION_REQUIRES_EXPERT_REVIEW","NOT_SUPPLIED"
"FSS-AGA-FORM-009","AGA 009.503","19","4","raw PDF page 4; AGA 009.503; Protocol question column","NAMCARs 139.07.3 | NAMCATS 139.07.3","Does the aerodrome manual contain aerodrome or heliport dimensions and related information?","sha256:54b33510fc9e8d7d2df88db4f4685fe59be6705b21a48cd0af010b2fc15ee835","all-forms-preview-009-0019","PROPOSED_HIGH_OPERATIONAL","OPERATIONAL_ASSURANCE","false","SOURCE_MAPPING_REQUIRED","NOT_ATTESTED","CANDIDATE_INTERPRETATION_REQUIRES_EXPERT_REVIEW","NOT_SUPPLIED"
"FSS-AGA-FORM-009","AGA 009.601","20","6","raw PDF page 6; AGA 009.601; Protocol question column","NAMCARs 139.07.3 | NAMCATS 139.07.3","Does the aerodrome manual contain all required procedures?","sha256:bd58757ac37fa0bad1843326b7f0ff5d2dae811eada9f377d7f6bee89507b18b","all-forms-preview-009-0020","PROPOSED_HIGH_OPERATIONAL","OPERATIONAL_ASSURANCE","false","SOURCE_MAPPING_REQUIRED","NOT_ATTESTED","CANDIDATE_INTERPRETATION_REQUIRES_EXPERT_REVIEW","NOT_SUPPLIED"
"FSS-AGA-FORM-009","AGA 009.603","21","6","raw PDF page 6; AGA 009.603; Protocol question column","NAMCARs 139.07.3 | NAMCATS 139.07.3","if the answer to 9.601 is NO, has the applicant provided an explanation of why a particular procedure is not provided ?","sha256:181ffc81ce7f2d4a4180240f0fe3b33834a1cb72aee667a57b9847a11579ad2f","all-forms-preview-009-0021","PROPOSED_HIGH_OPERATIONAL","OPERATIONAL_ASSURANCE","false","SOURCE_MAPPING_REQUIRED","NOT_ATTESTED","CANDIDATE_INTERPRETATION_REQUIRES_EXPERT_REVIEW","NOT_SUPPLIED"
"FSS-AGA-FORM-009","AGA 009.701","22","7","raw PDF page 7; AGA 009.701; Protocol question column","NAMCARs 139.07.3 | NAMCATS 139.07.3","Does the aerodrome manual contain a description of the aerodrome administration, quality management and safety management systems?","sha256:dfc3ab546ea81a09674209974a6314f2dd5d58e9f9943599b43791d6497cea45","all-forms-preview-009-0022","PROPOSED_SAFETY_CRITICAL","AERODROME_OPERATIONAL_SAFETY","true","SOURCE_MAPPING_REQUIRED","NOT_ATTESTED","CANDIDATE_INTERPRETATION_REQUIRES_EXPERT_REVIEW","NOT_SUPPLIED"
"FSS-AGA-FORM-010","AGA 010.101","1","1","raw PDF page 1; AGA 010.101; Protocol question column","NAMCARs 139.07.3 | NAMCATS 139.07.3","Is the statement of compliance signed by the senioraccountable manager?","sha256:409bd57865d26984595e83b11bea3d60054ce6fb2a1b948d63a0d81476f74bc9","all-forms-preview-010-0001","PROPOSED_HIGH_OPERATIONAL","OPERATIONAL_ASSURANCE","false","SOURCE_MAPPING_REQUIRED","NOT_ATTESTED","CANDIDATE_INTERPRETATION_REQUIRES_EXPERT_REVIEW","NOT_SUPPLIED"
"FSS-AGA-FORM-010","AGA 010.103","2","1","raw PDF page 1; AGA 010.103; Protocol question column","NAMCARs 139.07.3 | NAMCATS 139.07.3","Does the statement of compliance confirm that the aerodrome manual define the organization of the applicant and demonstrate the procedures and methods for ensuring that the provisions of the regulations will be complied at all times?","sha256:7683e7ebea40aab38d3d648f3732e71a0ffbedc9c6912e8a6e5fea6ae78ed9fc","all-forms-preview-010-0002","PROPOSED_HIGH_OPERATIONAL","OPERATIONAL_ASSURANCE","false","SOURCE_MAPPING_REQUIRED","NOT_ATTESTED","CANDIDATE_INTERPRETATION_REQUIRES_EXPERT_REVIEW","NOT_SUPPLIED"
"FSS-AGA-FORM-010","AGA 010.105","3","1","raw PDF page 1; AGA 010.105; Protocol question column","NAMCARs 139.07.3 | NAMCATS 139.07.3","Are the scope and purpose of the aerodrome manual clear?","sha256:3af32749f1a7de5332107057fcd345d247c3298f45a398d78aa90dd18077e672","all-forms-preview-010-0003","PROPOSED_HIGH_OPERATIONAL","OPERATIONAL_ASSURANCE","false","SOURCE_MAPPING_REQUIRED","NOT_ATTESTED","CANDIDATE_INTERPRETATION_REQUIRES_EXPERT_REVIEW","NOT_SUPPLIED"
"FSS-AGA-FORM-010","AGA 010.107","4","1","raw PDF page 1; AGA 010.107; Protocol question column","NAMCARs 139.07.3 | NAMCATS 139.07.3","Is the legal requirement for a certificate/license and Yes No Verify the text on the legal requirements Satisfactory Not satisfactory Name of Applicant: Yes/ Satisfactory Aerodrome: Yes/ Not Satisfactory Date of initial review: No/ Not Satisfactory Names and titles of inspectors/designated officers: Not Applicable Total Protocol Questions Regulatory ref. Protocol question Reply Guidance for review of protocol question Status of implementation Evidence/ Notes/Co mments Yes/Sat: Yes/Not Sat: No/Not Sat: N/A: FSS–AGA–FORM 010 31 March 2023 2 of 34 NAMCATS 139.07.3 an aerodrome manual clear?","sha256:31dbe7863f3e083a8403671a7b40bc4f13c305044cc04a88c0d10087199ef644","all-forms-preview-010-0004","PROPOSED_HIGH_OPERATIONAL","OPERATIONAL_ASSURANCE","false","SOURCE_MAPPING_REQUIRED","NOT_ATTESTED","CANDIDATE_INTERPRETATION_REQUIRES_EXPERT_REVIEW","NOT_SUPPLIED"
"FSS-AGA-FORM-010","AGA 010.109","5","2","raw PDF page 2; AGA 010.109; Protocol question column","NAMCATS 139.07.3 | NAMCARs 139.07.3","Are the conditions of use of the aerodrome clear?","sha256:2b4f67e1fdc7ee70c51c1ceb27b467da5ce1f0b63282204622722bf7858d9780","all-forms-preview-010-0005","PROPOSED_HIGH_OPERATIONAL","OPERATIONAL_ASSURANCE","false","SOURCE_MAPPING_REQUIRED","NOT_ATTESTED","CANDIDATE_INTERPRETATION_REQUIRES_EXPERT_REVIEW","NOT_SUPPLIED"
"FSS-AGA-FORM-010","AGA 010.111","6","2","raw PDF page 2; AGA 010.111; Protocol question column","NAMCATS 139.07.3 | NAMCARs 139.07.3","Are the obligations of the operator explicitly spelled out?","sha256:cbb99b26be7ce1094042fac0ee4810b4f73f18cb68977a096c16fda8ad99de5f","all-forms-preview-010-0006","PROPOSED_HIGH_OPERATIONAL","OPERATIONAL_ASSURANCE","false","SOURCE_MAPPING_REQUIRED","NOT_ATTESTED","CANDIDATE_INTERPRETATION_REQUIRES_EXPERT_REVIEW","NOT_SUPPLIED"
"FSS-AGA-FORM-010","AGA 010.113","7","2","raw PDF page 2; AGA 010.113; Protocol question column","NAMCARs 139.07.3 | NAMCATS 139.07.3","Are the limitations of the use of the aerodrome clear?","sha256:d46bdfc49618bf5bb926f97fe1227249730ca8d2cd9b2034b9c54a85bfed2179","all-forms-preview-010-0007","PROPOSED_HIGH_OPERATIONAL","OPERATIONAL_ASSURANCE","false","SOURCE_MAPPING_REQUIRED","NOT_ATTESTED","CANDIDATE_INTERPRETATION_REQUIRES_EXPERT_REVIEW","NOT_SUPPLIED"
"FSS-AGA-FORM-010","AGA 010.115","8","2","raw PDF page 2; AGA 010.115; Protocol question column","NAMCARs 139.07.3 | NAMCATS 139.07.3","Is the procedure for the control of the aerodrome manual clear and precise?","sha256:b71c4f847902c4cac4b7cff1cfc28ed1000d240d9135ddf180643c6846f8880d","all-forms-preview-010-0008","PROPOSED_HIGH_OPERATIONAL","OPERATIONAL_ASSURANCE","false","SOURCE_MAPPING_REQUIRED","NOT_ATTESTED","CANDIDATE_INTERPRETATION_REQUIRES_EXPERT_REVIEW","NOT_SUPPLIED"
"FSS-AGA-FORM-010","AGA 010.119","9","2","raw PDF page 2; AGA 010.119; Protocol question column","NAMCARs 139.07.3 | NAMCATS 139.07.3","Is the procedure for the amendment of the aerodrome manual clear and precise?","sha256:780c7dd43f55f6f54e80dfa5c8b4da23305cb61ffc5b7c769d80f5e704eb2d3d","all-forms-preview-010-0009","PROPOSED_HIGH_OPERATIONAL","OPERATIONAL_ASSURANCE","false","SOURCE_MAPPING_REQUIRED","NOT_ATTESTED","CANDIDATE_INTERPRETATION_REQUIRES_EXPERT_REVIEW","NOT_SUPPLIED"
"FSS-AGA-FORM-010","AGA 010.121","10","3","raw PDF page 3; AGA 010.121; Protocol question column","NAMCARs 139.07.3 | NAMCATS 139.07.3","Does the procedure for the amendment of the aerodrome manual include approval of the NCAA?","sha256:8b6c3fcbfaa569385d8421d609fc8a3eafed51060149b2a7811871a7f1c529d8","all-forms-preview-010-0010","PROPOSED_HIGH_OPERATIONAL","OPERATIONAL_ASSURANCE","false","SOURCE_MAPPING_REQUIRED","NOT_ATTESTED","CANDIDATE_INTERPRETATION_REQUIRES_EXPERT_REVIEW","NOT_SUPPLIED"
"FSS-AGA-FORM-010","AGA 010.125","11","3","raw PDF page 3; AGA 010.125; Protocol question column","NAMCARs 139.07.3 | NAMCATS 139.07.3 | NAMCARs 139.0","Is the procedure for the distribution of the aerodrome manual clear and precise?","sha256:c6c2c1a6a4802ce40c4ed8fda93d8f294feadd2419917f51177bad2d0c10658b","all-forms-preview-010-0011","PROPOSED_HIGH_OPERATIONAL","OPERATIONAL_ASSURANCE","false","SOURCE_MAPPING_REQUIRED","NOT_ATTESTED","CANDIDATE_INTERPRETATION_REQUIRES_EXPERT_REVIEW","NOT_SUPPLIED"
"FSS-AGA-FORM-010","AGA 010.201","12","3","raw PDF page 3; AGA 010.201; Protocol question column","NAMCARs 139.07.3 | NAMCATS 139.07.3","Do the plans show the boundaries of the aerodorme?","sha256:e9585f74780c40329771f4732d04f0907393f7beea9e8282a028bf45b826b919","all-forms-preview-010-0012","PROPOSED_HIGH_OPERATIONAL","OPERATIONAL_ASSURANCE","false","SOURCE_MAPPING_REQUIRED","NOT_ATTESTED","CANDIDATE_INTERPRETATION_REQUIRES_EXPERT_REVIEW","NOT_SUPPLIED"
"FSS-AGA-FORM-010","AGA 010.203","13","3","raw PDF page 3; AGA 010.203; Protocol question column","NAMCARs 139.07.3 | NAMCATS 139.07.3","Do the plans show a layout of the aerodrome with the main facilities?","sha256:3fe38a9de0a6f54061e61097c59d24bf35536e3baf7e2203c73386bd01f02496","all-forms-preview-010-0013","PROPOSED_HIGH_OPERATIONAL","OPERATIONAL_ASSURANCE","false","SOURCE_MAPPING_REQUIRED","NOT_ATTESTED","CANDIDATE_INTERPRETATION_REQUIRES_EXPERT_REVIEW","NOT_SUPPLIED"
"FSS-AGA-FORM-010","AGA 010.205","14","3","raw PDF page 3; AGA 010.205; Protocol question column","NAMCARs 139.07.3 | NAMCATS 139.07.3","Do the plans show the location of the wind direction indicators?","sha256:258a364e1ccb7b7a1201293840f3d710dc03dc62fd2c62dacf0df44059e0a8fb","all-forms-preview-010-0014","PROPOSED_HIGH_OPERATIONAL","OPERATIONAL_ASSURANCE","false","SOURCE_MAPPING_REQUIRED","NOT_ATTESTED","CANDIDATE_INTERPRETATION_REQUIRES_EXPERT_REVIEW","NOT_SUPPLIED"
"FSS-AGA-FORM-010","AGA 010.301","15","3","raw PDF page 3; AGA 010.301; Protocol question column","NAMCARs 139.07.3 | NAMCATS 139.07.3","is the name of the aerodrome correct?","sha256:4ad61820773fb048f83b2123c09c8b3e4bf8a311616a8f6375a118508994b341","all-forms-preview-010-0015","PROPOSED_HIGH_OPERATIONAL","OPERATIONAL_ASSURANCE","false","SOURCE_MAPPING_REQUIRED","NOT_ATTESTED","CANDIDATE_INTERPRETATION_REQUIRES_EXPERT_REVIEW","NOT_SUPPLIED"
"FSS-AGA-FORM-010","AGA 010.303","16","4","raw PDF page 4; AGA 010.303; Protocol question column","NAMCARs 139.07.3 | NAMCATS 139.07.3","Is the location of the aerodrome correct?","sha256:c722ecb119e9fafb9b705df4f2ecca769039dbe280cd1165ddde5d36756898b7","all-forms-preview-010-0016","PROPOSED_HIGH_OPERATIONAL","OPERATIONAL_ASSURANCE","false","SOURCE_MAPPING_REQUIRED","NOT_ATTESTED","CANDIDATE_INTERPRETATION_REQUIRES_EXPERT_REVIEW","NOT_SUPPLIED"
"FSS-AGA-FORM-010","AGA 010.305","17","4","raw PDF page 4; AGA 010.305; Protocol question column","NAMCARs 139.07.3 | NAMCATS 139.07.3","Are the coordinates of the Aerodrome Reference Point provided in WGS- 84?","sha256:d4cd643bb6548cf1524d2ec1b504ae53a51d477a21dc3610f67eb7899fb77d39","all-forms-preview-010-0017","PROPOSED_HIGH_OPERATIONAL","OPERATIONAL_ASSURANCE","false","SOURCE_MAPPING_REQUIRED","NOT_ATTESTED","CANDIDATE_INTERPRETATION_REQUIRES_EXPERT_REVIEW","NOT_SUPPLIED"
"FSS-AGA-FORM-010","AGA 010.307","18","4","raw PDF page 4; AGA 010.307; Protocol question column","NAMCARs 139.07.3 | NAMCATS 139.07.3","Is the aerodrome elevation provided and correct?","sha256:1458857f4dcb2d9ddfb45fe14c34c89c1cac27d158cf7b1920643ed3ee4eb29b","all-forms-preview-010-0018","PROPOSED_HIGH_OPERATIONAL","OPERATIONAL_ASSURANCE","false","SOURCE_MAPPING_REQUIRED","NOT_ATTESTED","CANDIDATE_INTERPRETATION_REQUIRES_EXPERT_REVIEW","NOT_SUPPLIED"
"FSS-AGA-FORM-010","AGA 010.309","19","4","raw PDF page 4; AGA 010.309; Protocol question column","NAMCARs 139.07.3 | NAMCATS 139.07.3","Is the required elevation information for each runway provided?","sha256:4fc6cd6578c1d207572883b993de1a5503d681a07d49f909bf1a24cd420e9cb5","all-forms-preview-010-0019","PROPOSED_SAFETY_CRITICAL","AERODROME_OPERATIONAL_SAFETY","true","SOURCE_MAPPING_REQUIRED","NOT_ATTESTED","CANDIDATE_INTERPRETATION_REQUIRES_EXPERT_REVIEW","NOT_SUPPLIED"
"FSS-AGA-FORM-010","AGA 010.311","20","4","raw PDF page 4; AGA 010.311; Protocol question column","NAMCARs 139.07.3 | NAMCATS 139.07.3","Is the aerodrome / heliport reference temperature provided?","sha256:d14d052eefa1756425252519006d0bc09a244d6a2cefe33fb54565b6717f6ea1","all-forms-preview-010-0020","PROPOSED_HIGH_OPERATIONAL","OPERATIONAL_ASSURANCE","false","SOURCE_MAPPING_REQUIRED","NOT_ATTESTED","CANDIDATE_INTERPRETATION_REQUIRES_EXPERT_REVIEW","NOT_SUPPLIED"
"FSS-AGA-FORM-010","AGA 010.313","21","4","raw PDF page 4; AGA 010.313; Protocol question column","NAMCARs 139.07.3 | NAMCATS 139.07.3","Is the required information on the beacon provided?","sha256:1bb6235cd11175d58043b21ec3e6d6c4693764e4873180e07d8de73778105aaf","all-forms-preview-010-0021","PROPOSED_HIGH_OPERATIONAL","OPERATIONAL_ASSURANCE","false","SOURCE_MAPPING_REQUIRED","NOT_ATTESTED","CANDIDATE_INTERPRETATION_REQUIRES_EXPERT_REVIEW","NOT_SUPPLIED"
"FSS-AGA-FORM-010","AGA 010.315","22","4","raw PDF page 4; AGA 010.315; Protocol question column","NAMCARs 139.07.3 | NAMCATS 139.07.3","Are all the details of the aerodrome operator provided?","sha256:aa7f6f4328f5722ba486b2b8567791c810b512935e4d3eab02d0d24df964fa58","all-forms-preview-010-0022","PROPOSED_HIGH_OPERATIONAL","OPERATIONAL_ASSURANCE","false","SOURCE_MAPPING_REQUIRED","NOT_ATTESTED","CANDIDATE_INTERPRETATION_REQUIRES_EXPERT_REVIEW","NOT_SUPPLIED"
"FSS-AGA-FORM-010","AGA 010.317","23","5","raw PDF page 5; AGA 010.317; Protocol question column","NAMCARs 139.07.3 | NAMCATS 139.07.3","Are all the information for each runway(s) provided?","sha256:6aab3fb8bd4b39d1bb2f88bc3a15581c3608114d2fd6f0beb6ac54280f966ac7","all-forms-preview-010-0023","PROPOSED_SAFETY_CRITICAL","AERODROME_OPERATIONAL_SAFETY","true","SOURCE_MAPPING_REQUIRED","NOT_ATTESTED","CANDIDATE_INTERPRETATION_REQUIRES_EXPERT_REVIEW","NOT_SUPPLIED"
"FSS-AGA-FORM-010","AGA 010.319","24","5","raw PDF page 5; AGA 010.319; Protocol question column","NAMCARs 139.07.3 | NAMCATS 139.07.3","Are all the information on the strip for each runway provided and conform to the requirement of the runway?","sha256:f148a71c8871967435b942a47b2d38fb35dac99e2eaeb5251684a9b01b47044e","all-forms-preview-010-0024","PROPOSED_SAFETY_CRITICAL","AERODROME_OPERATIONAL_SAFETY","true","SOURCE_MAPPING_REQUIRED","NOT_ATTESTED","CANDIDATE_INTERPRETATION_REQUIRES_EXPERT_REVIEW","NOT_SUPPLIED"
"FSS-AGA-FORM-010","AGA 010.321","25","5","raw PDF page 5; AGA 010.321; Protocol question column","NAMCARs 139.07.3 | NAMCATS 139.07.3","Are all the information on the stopways for each runway provided and conform to the requirement of the runway?","sha256:f3a342b13bd1ca8cbf4f5f973750dd74967a7f42d830f92b0a0df6ec24e010e8","all-forms-preview-010-0025","PROPOSED_SAFETY_CRITICAL","AERODROME_OPERATIONAL_SAFETY","true","SOURCE_MAPPING_REQUIRED","NOT_ATTESTED","CANDIDATE_INTERPRETATION_REQUIRES_EXPERT_REVIEW","NOT_SUPPLIED"
"FSS-AGA-FORM-010","AGA 010.323","26","5","raw PDF page 5; AGA 010.323; Protocol question column","NAMCATS 139.07.3 | NAMCARs 139.07.3","Are all the information on the clearway for each runway provided and conform to the requirement of the runway?","sha256:efa8e62420ba63c429a0247f56912eecfcdcc7a6ef1e5169dbed0e061089f5cb","all-forms-preview-010-0026","PROPOSED_SAFETY_CRITICAL","AERODROME_OPERATIONAL_SAFETY","true","SOURCE_MAPPING_REQUIRED","NOT_ATTESTED","CANDIDATE_INTERPRETATION_REQUIRES_EXPERT_REVIEW","NOT_SUPPLIED"
"FSS-AGA-FORM-010","AGA 010.325","27","5","raw PDF page 5; AGA 010.325; Protocol question column","NAMCATS 139.07.3 | NAMCARs 139.07.3","Are all the information on the Runway End Safety Area for each runway provided and conform to the requirement of the runway?","sha256:4f34cc99edb6bccc8d6b8660b89cd5e7e6f01ecd6df32f11ed23838b56916e94","all-forms-preview-010-0027","PROPOSED_SAFETY_CRITICAL","AERODROME_OPERATIONAL_SAFETY","true","SOURCE_MAPPING_REQUIRED","NOT_ATTESTED","CANDIDATE_INTERPRETATION_REQUIRES_EXPERT_REVIEW","NOT_SUPPLIED"
"FSS-AGA-FORM-010","AGA 010.327","28","6","raw PDF page 6; AGA 010.327; Protocol question column","NAMCARs 139.07.3 | NAMCATS 139.07.3","Are all the information on the taxiways provided and conform to the requirement of the runway?","sha256:a7cee81272a00979e7d0c9b2c014c26fa5e20d79ef1db19548404934f94acbf4","all-forms-preview-010-0028","PROPOSED_SAFETY_CRITICAL","AERODROME_OPERATIONAL_SAFETY","true","SOURCE_MAPPING_REQUIRED","NOT_ATTESTED","CANDIDATE_INTERPRETATION_REQUIRES_EXPERT_REVIEW","NOT_SUPPLIED"
"FSS-AGA-FORM-010","AGA 010.329","29","6","raw PDF page 6; AGA 010.329; Protocol question column","NAMCARs 139.07.3 | NAMCATS 139.07.3","Are all the information on the apron and aircraft stands provided and conform to the requirement?","sha256:41e0d40bee00b15e5eea1e82949ef322ebfa1e0fb3385b53985d6315e11e72b7","all-forms-preview-010-0029","PROPOSED_SAFETY_CRITICAL","AERODROME_OPERATIONAL_SAFETY","true","SOURCE_MAPPING_REQUIRED","NOT_ATTESTED","CANDIDATE_INTERPRETATION_REQUIRES_EXPERT_REVIEW","NOT_SUPPLIED"
"FSS-AGA-FORM-010","AGA 010.331","30","6","raw PDF page 6; AGA 010.331; Protocol question column","NAMCARs 139.07.3 | NAMCATS 139.07.3","Is a visual approach slope indicator system required?","sha256:f15ee04ce1fd4182631de3efa990a5419b254af501fd9945fab4049d79d5f008","all-forms-preview-010-0030","PROPOSED_HIGH_OPERATIONAL","OPERATIONAL_ASSURANCE","false","SOURCE_MAPPING_REQUIRED","NOT_ATTESTED","CANDIDATE_INTERPRETATION_REQUIRES_EXPERT_REVIEW","NOT_SUPPLIED"
"FSS-AGA-FORM-010","AGA 010.333","31","7","raw PDF page 7; AGA 010.333; Protocol question column","NAMCARs 139.07.3 | NAMCATS 139.07.3","If the answer to AGA 010.331 is YES, is the information on the visual approach slope indicator system provided?","sha256:998018015889d2a42a7e3506b8b2e6b1e65cab62fce7664ab0c8d165bd588b83","all-forms-preview-010-0031","PROPOSED_HIGH_OPERATIONAL","OPERATIONAL_ASSURANCE","false","SOURCE_MAPPING_REQUIRED","NOT_ATTESTED","CANDIDATE_INTERPRETATION_REQUIRES_EXPERT_REVIEW","NOT_SUPPLIED"
"FSS-AGA-FORM-010","AGA 010.335","32","7","raw PDF page 7; AGA 010.335; Protocol question column","NAMCARs 139.07.3 | NAMCATS 139.07.3","If the answer to AGA 010.331 is YES, is the type of visual approach slope indicator system conform to the requirements?","sha256:f448ac70d1709ac13d180d90c90431b2136723b1dda5d64d6eef22c4c479ae69","all-forms-preview-010-0032","PROPOSED_HIGH_OPERATIONAL","OPERATIONAL_ASSURANCE","false","SOURCE_MAPPING_REQUIRED","NOT_ATTESTED","CANDIDATE_INTERPRETATION_REQUIRES_EXPERT_REVIEW","NOT_SUPPLIED"
"FSS-AGA-FORM-010","AGA 010.337","33","7","raw PDF page 7; AGA 010.337; Protocol question column","NAMCARs 139.07.3 | NAMCATS 139.07.3","If the answer to AGA 010.335 is YES, is the description of visual approach slope indicator system conform to the requirements?","sha256:88286f211c1166716e6297d59a094ca4b387a02503441c16d7b5ce5c0e4a70da","all-forms-preview-010-0033","PROPOSED_HIGH_OPERATIONAL","OPERATIONAL_ASSURANCE","false","SOURCE_MAPPING_REQUIRED","NOT_ATTESTED","CANDIDATE_INTERPRETATION_REQUIRES_EXPERT_REVIEW","NOT_SUPPLIED"
"FSS-AGA-FORM-010","AGA 010.339","34","7","raw PDF page 7; AGA 010.339; Protocol question column","NAMCARs 139.07.3 | NAMCATS 139.07.3 | NAMCATS 139.07","If the answer to AGA 010.331 is YES, is the information on the obstacle protection surface provided?","sha256:4cee3e919b9bb4bd87d8399504513982869b445ef0c2b310ad6a513d8a7f05b0","all-forms-preview-010-0034","PROPOSED_SAFETY_CRITICAL","AERODROME_OPERATIONAL_SAFETY","true","SOURCE_MAPPING_REQUIRED","NOT_ATTESTED","CANDIDATE_INTERPRETATION_REQUIRES_EXPERT_REVIEW","NOT_SUPPLIED"
"FSS-AGA-FORM-010","AGA 010.341","35","7","raw PDF page 7; AGA 010.341; Protocol question column","NAMCARs 139.07.3 | NAMCATS 139.07.3","If the answer to AGA 010.331 is YES, is the description of the obstacle protection surface conform to the requirements?","sha256:544e863af9d25344591af0e2b42c9b9583b23223618bbc428e56c27aa0b26373","all-forms-preview-010-0035","PROPOSED_SAFETY_CRITICAL","AERODROME_OPERATIONAL_SAFETY","true","SOURCE_MAPPING_REQUIRED","NOT_ATTESTED","CANDIDATE_INTERPRETATION_REQUIRES_EXPERT_REVIEW","NOT_SUPPLIED"
"FSS-AGA-FORM-010","AGA 010.343","36","7","raw PDF page 7; AGA 010.343; Protocol question column","NAMCATS 139.07.3 | NAMCARs 139.07.3","Is the information on the wind direction indicators provided?","sha256:2f274d56077e112be0b9e02afee97ce0d37f0a670b124b8b019055cfd0c538ae","all-forms-preview-010-0036","PROPOSED_HIGH_OPERATIONAL","OPERATIONAL_ASSURANCE","false","SOURCE_MAPPING_REQUIRED","NOT_ATTESTED","CANDIDATE_INTERPRETATION_REQUIRES_EXPERT_REVIEW","NOT_SUPPLIED"
"FSS-AGA-FORM-010","AGA 010.345","37","8","raw PDF page 8; AGA 010.345; Protocol question column","NAMCARs 139.07.3 | NAMCATS 139.07.3","Is a landing direction indicator provided?","sha256:86685dcc2de88dac84b214e455ba1b8f9c637c89fc489c78d2327388f87f2630","all-forms-preview-010-0037","PROPOSED_HIGH_OPERATIONAL","OPERATIONAL_ASSURANCE","false","SOURCE_MAPPING_REQUIRED","NOT_ATTESTED","CANDIDATE_INTERPRETATION_REQUIRES_EXPERT_REVIEW","NOT_SUPPLIED"
"FSS-AGA-FORM-010","AGA 010.347","38","8","raw PDF page 8; AGA 010.347; Protocol question column","NAMCARs 139.07.3 | NAMCATS 139.07.3","If the answer to AGA 010.345 is YES, is the information on the landing direction indicator provided and conform to the requirements?","sha256:a23a38c6c94d5010fab7a3f5c5d2860752ee9ce74b74f09ba2968f72cf8d0cfb","all-forms-preview-010-0038","PROPOSED_HIGH_OPERATIONAL","OPERATIONAL_ASSURANCE","false","SOURCE_MAPPING_REQUIRED","NOT_ATTESTED","CANDIDATE_INTERPRETATION_REQUIRES_EXPERT_REVIEW","NOT_SUPPLIED"
"FSS-AGA-FORM-010","AGA 010.349","39","8","raw PDF page 8; AGA 010.349; Protocol question column","NAMCARs 139.07.3 | NAMCATS 139.07.3","Is the aerodrome controlled?","sha256:2d0a5a0d4f86a685f046030e67b88227a9845378979e5fd566b43843e2f90cd7","all-forms-preview-010-0039","PROPOSED_HIGH_OPERATIONAL","OPERATIONAL_ASSURANCE","false","SOURCE_MAPPING_REQUIRED","NOT_ATTESTED","CANDIDATE_INTERPRETATION_REQUIRES_EXPERT_REVIEW","NOT_SUPPLIED"
"FSS-AGA-FORM-010","AGA 010.351","40","8","raw PDF page 8; AGA 010.351; Protocol question column","NAMCARs 139.07.3 | NAMCATS 139.07.3","If the answer to AGA 010.349 is YES, is the information on the signalling lamp provided and conform to the requirements?","sha256:c132489a5b1eca13383fb24a77dc1423cf4b4843bca4f9655ed8d7e68d020805","all-forms-preview-010-0040","PROPOSED_HIGH_OPERATIONAL","OPERATIONAL_ASSURANCE","false","SOURCE_MAPPING_REQUIRED","NOT_ATTESTED","CANDIDATE_INTERPRETATION_REQUIRES_EXPERT_REVIEW","NOT_SUPPLIED"
"FSS-AGA-FORM-010","AGA 010.353","41","8","raw PDF page 8; AGA 010.353; Protocol question column","NAMCARs 139.07.3 | NAMCATS 139.07.3","Is an approach lighting system required?","sha256:bf160140e8a531678b22d2779fed42976c45a914405ec325a68fb543416df89c","all-forms-preview-010-0041","PROPOSED_HIGH_OPERATIONAL","OPERATIONAL_ASSURANCE","false","SOURCE_MAPPING_REQUIRED","NOT_ATTESTED","CANDIDATE_INTERPRETATION_REQUIRES_EXPERT_REVIEW","NOT_SUPPLIED"
"FSS-AGA-FORM-010","AGA 010.355","42","8","raw PDF page 8; AGA 010.355; Protocol question column","NAMCARs 139.07.3 | NAMCATS 139.07.3","If the answer to AGA 010.353 is YES, is the information on the approach lighting system provided and conform to the requirements?","sha256:8522f04892fb20a2ff71e8485b5e9b4a14d592d017bf2d35e64461a816eb443b","all-forms-preview-010-0042","PROPOSED_HIGH_OPERATIONAL","OPERATIONAL_ASSURANCE","false","SOURCE_MAPPING_REQUIRED","NOT_ATTESTED","CANDIDATE_INTERPRETATION_REQUIRES_EXPERT_REVIEW","NOT_SUPPLIED"
"FSS-AGA-FORM-010","AGA 010.357","43","8","raw PDF page 8; AGA 010.357; Protocol question column","NAMCARs 139.07.3 | NAMCATS 139.07.3","Is a secondary electrical power system required for the lighting system?","sha256:5a128ce332c611d8808127f3acd01df6ff1233cd05f5326cc806098a2f4e2fba","all-forms-preview-010-0043","PROPOSED_SAFETY_CRITICAL","AERODROME_OPERATIONAL_SAFETY","true","SOURCE_MAPPING_REQUIRED","NOT_ATTESTED","CANDIDATE_INTERPRETATION_REQUIRES_EXPERT_REVIEW","NOT_SUPPLIED"
"FSS-AGA-FORM-010","AGA 010.359","44","9","raw PDF page 9; AGA 010.359; Protocol question column","NAMCARs 139.07.3 | NAMCATS 139.07.3","If the answer to AGA 010.357 is YES, is the information on the secondary electrical power system provided and conform to the requirements?","sha256:340d51baff662d424dd2f45f7302f2d67f6a180540dfa69b90b78988a378682d","all-forms-preview-010-0044","PROPOSED_SAFETY_CRITICAL","AERODROME_OPERATIONAL_SAFETY","true","SOURCE_MAPPING_REQUIRED","NOT_ATTESTED","CANDIDATE_INTERPRETATION_REQUIRES_EXPERT_REVIEW","NOT_SUPPLIED"
"FSS-AGA-FORM-010","AGA 010.361","45","9","raw PDF page 9; AGA 010.361; Protocol question column","NAMCARs 139.07.3 | NAMCATS 139.07.3","Is the information on the location and radio frequency of the VOR aerodrome checkpoints provided and conform to the requirements?","sha256:6aaf65f0472f7bbaaf1dcb2a0f67647b5f95baffaec3fb4f4c00ecd3f880276c","all-forms-preview-010-0045","PROPOSED_HIGH_OPERATIONAL","OPERATIONAL_ASSURANCE","false","SOURCE_MAPPING_REQUIRED","NOT_ATTESTED","CANDIDATE_INTERPRETATION_REQUIRES_EXPERT_REVIEW","NOT_SUPPLIED"
"FSS-AGA-FORM-010","AGA 010.365","46","9","raw PDF page 9; AGA 010.365; Protocol question column","NAMCARs 139.07.3 | NAMCATS 139.07.3","Is the information on the location and designation of standard taxi routes provided and conform to the requirements?","sha256:725699c32c31c70084045669b52570bf1073f8cc59617ef39afccf2b4bad6b47","all-forms-preview-010-0046","PROPOSED_HIGH_OPERATIONAL","OPERATIONAL_ASSURANCE","false","SOURCE_MAPPING_REQUIRED","NOT_ATTESTED","CANDIDATE_INTERPRETATION_REQUIRES_EXPERT_REVIEW","NOT_SUPPLIED"
"FSS-AGA-FORM-010","AGA 010.369","47","9","raw PDF page 9; AGA 010.369; Protocol question column","NAMCARs 139.07.3 | NAMCATS 139.07.3","Are the geographical coordinates of each runway threshold provided and conform to the requirements?","sha256:802e0f0bb89908c0c588e4178e6e1fdfaab9b08d25483f0ab6818288559a9190","all-forms-preview-010-0047","PROPOSED_SAFETY_CRITICAL","AERODROME_OPERATIONAL_SAFETY","true","SOURCE_MAPPING_REQUIRED","NOT_ATTESTED","CANDIDATE_INTERPRETATION_REQUIRES_EXPERT_REVIEW","NOT_SUPPLIED"
"FSS-AGA-FORM-010","AGA 010.373","48","9","raw PDF page 9; AGA 010.373; Protocol question column","NAMCARs 139.07.3 | NAMCATS 139.07.3","Are the geographical coordinates of appropriate taxiway centreline points provided and conform to the requirements?","sha256:7aec3fba0ccc854381f60428d386b044bcffcc40c1bdcd39bca3fde9a9437ef8","all-forms-preview-010-0048","PROPOSED_HIGH_OPERATIONAL","OPERATIONAL_ASSURANCE","false","SOURCE_MAPPING_REQUIRED","NOT_ATTESTED","CANDIDATE_INTERPRETATION_REQUIRES_EXPERT_REVIEW","NOT_SUPPLIED"
"FSS-AGA-FORM-010","AGA 010.375","49","9","raw PDF page 9; AGA 010.375; Protocol question column","NAMCARs 139.07.3 | NAMCATS 139.07.3","Are the geographical coordinates of each aircraft stand provided and conform to the requirements?","sha256:c27db20d0b500f2dc9007fd71d74473d2d7b97b93903e1fd5716127b5829328c","all-forms-preview-010-0049","PROPOSED_SAFETY_CRITICAL","AERODROME_OPERATIONAL_SAFETY","true","SOURCE_MAPPING_REQUIRED","NOT_ATTESTED","CANDIDATE_INTERPRETATION_REQUIRES_EXPERT_REVIEW","NOT_SUPPLIED"
"FSS-AGA-FORM-010","AGA 010.377","50","10","raw PDF page 10; AGA 010.377; Protocol question column","NAMCARs 139.07.3 | NAMCATS 139.07.3","Are the geographical coordinates and top elevation of significant obstacles in the approach, take-off, circling areras and the vicinity of the aerodrome provided?","sha256:27208d553f525e68b9cd525f235f2229577f3f62f422f02088c626893abec305","all-forms-preview-010-0050","PROPOSED_SAFETY_CRITICAL","AERODROME_OPERATIONAL_SAFETY","true","SOURCE_MAPPING_REQUIRED","NOT_ATTESTED","CANDIDATE_INTERPRETATION_REQUIRES_EXPERT_REVIEW","NOT_SUPPLIED"
"FSS-AGA-FORM-010","AGA 010.383","51","10","raw PDF page 10; AGA 010.383; Protocol question column","NAMCARs 139.07.3 | NAMCATS 139.07.3","Are the pavement surface type and bearing strength for each runway provided?","sha256:0eef5f4631882b5b8ec133e3e8678c38615e762355c3927e8963e673288b507e","all-forms-preview-010-0051","PROPOSED_SAFETY_CRITICAL","AERODROME_OPERATIONAL_SAFETY","true","SOURCE_MAPPING_REQUIRED","NOT_ATTESTED","CANDIDATE_INTERPRETATION_REQUIRES_EXPERT_REVIEW","NOT_SUPPLIED"
"FSS-AGA-FORM-010","AGA 010.385","52","10","raw PDF page 10; AGA 010.385; Protocol question column","NAMCARs 139.07.3 | NAMCATS 139.07.3","Are the pavement surface type and bearing strength for each taxiway provided?","sha256:df6a37d65941d6da774d10937774a62b857e1bae64b69f482a23dd0e9a6227b0","all-forms-preview-010-0052","PROPOSED_HIGH_OPERATIONAL","OPERATIONAL_ASSURANCE","false","SOURCE_MAPPING_REQUIRED","NOT_ATTESTED","CANDIDATE_INTERPRETATION_REQUIRES_EXPERT_REVIEW","NOT_SUPPLIED"
"FSS-AGA-FORM-010","AGA 010.387","53","10","raw PDF page 10; AGA 010.387; Protocol question column","NAMCARs 139.07.3 | NAMCATS 139.07.3","Are the pavement surface type and bearing strength for each apron and aircraft stand provided?","sha256:3045838ab54b6116554755eaf5a5cbec917b38b6b124eca1fed542d00274b952","all-forms-preview-010-0053","PROPOSED_SAFETY_CRITICAL","AERODROME_OPERATIONAL_SAFETY","true","SOURCE_MAPPING_REQUIRED","NOT_ATTESTED","CANDIDATE_INTERPRETATION_REQUIRES_EXPERT_REVIEW","NOT_SUPPLIED"
"FSS-AGA-FORM-010","AGA 010.389","54","10","raw PDF page 10; AGA 010.389; Protocol question column","NAMCARs 139.07.3 | NAMCATS 139.07.3","Is there one or more pre-flight altimeters check point established?","sha256:0b725c24fd03c0d23cf0d3eac06ff8c0f9598174b963cdbadbeb50e643b8074c","all-forms-preview-010-0054","PROPOSED_HIGH_OPERATIONAL","OPERATIONAL_ASSURANCE","false","SOURCE_MAPPING_REQUIRED","NOT_ATTESTED","CANDIDATE_INTERPRETATION_REQUIRES_EXPERT_REVIEW","NOT_SUPPLIED"
"FSS-AGA-FORM-010","AGA 010.390","55","10","raw PDF page 10; AGA 010.390; Protocol question column","NAMCARs 139.07.3 | NAMCATS 139.07.3","If the answer to AGA 010.388 is YES, is the information on the location of pre-flight altimeters check point provided?","sha256:1efaa082510d229e619387e20541212b0c2f0710bcf1e3cc2348cb773a5fa3b6","all-forms-preview-010-0055","PROPOSED_HIGH_OPERATIONAL","OPERATIONAL_ASSURANCE","false","SOURCE_MAPPING_REQUIRED","NOT_ATTESTED","CANDIDATE_INTERPRETATION_REQUIRES_EXPERT_REVIEW","NOT_SUPPLIED"
"FSS-AGA-FORM-010","AGA 010.391","56","10","raw PDF page 10; AGA 010.391; Protocol question column","NAMCARs 139.07.3 | NAMCATS 139.07.3","Are all the required declared distances provided?","sha256:301f913c45cc4ee704eb3dcb1733d388ce4ae116d6bd7275c0b4a417919ac042","all-forms-preview-010-0056","PROPOSED_HIGH_OPERATIONAL","OPERATIONAL_ASSURANCE","false","SOURCE_MAPPING_REQUIRED","NOT_ATTESTED","CANDIDATE_INTERPRETATION_REQUIRES_EXPERT_REVIEW","NOT_SUPPLIED"
"FSS-AGA-FORM-010","AGA 010.393","57","10","raw PDF page 10; AGA 010.393; Protocol question column","NAMCARs 139.07.3 | NAMCATS 139.07.3","Is the category for Rescue and Fire Fighting established Yes No Check category Satisfactory Not satisfactory Regulatory ref. Protocol question Reply Guidance for review of protocol question Status of implementation Evidence/ Notes/Co mments Yes/Sat: Yes/Not Sat: No/Not Sat: N/A: FSS–AGA–FORM 010 31 March 2023 11 of 34 NAMCATS 139.07.3 and conform to the longest aeroplane normally using the aerodrome?","sha256:5387693d555b9aa85786bcbedd50fcfd15beee21cfc639fa46b2d9871597343a","all-forms-preview-010-0057","PROPOSED_SAFETY_CRITICAL","AERODROME_OPERATIONAL_SAFETY","true","SOURCE_MAPPING_REQUIRED","NOT_ATTESTED","CANDIDATE_INTERPRETATION_REQUIRES_EXPERT_REVIEW","NOT_SUPPLIED"
"FSS-AGA-FORM-010","AGA 010.402","58","11","raw PDF page 11; AGA 010.402; Protocol question column","NAMCATS 139.07.3 | NAMCARs 139.07.3","Does the aerodrome manual contain an operating procedure for notification of aerodrome data and reporting changes to aerodrome information?","sha256:032322cfd178d9127914749ddca117060617a4c5e456e5163f8656e67ffec448","all-forms-preview-010-0058","PROPOSED_HIGH_OPERATIONAL","OPERATIONAL_ASSURANCE","false","SOURCE_MAPPING_REQUIRED","NOT_ATTESTED","CANDIDATE_INTERPRETATION_REQUIRES_EXPERT_REVIEW","NOT_SUPPLIED"
"FSS-AGA-FORM-010","AGA 010.404","59","11","raw PDF page 11; AGA 010.404; Protocol question column","NAMCATS 139.07.3 | NAMCARs 139.07.3","Does the procedure for notification of aerodrome and reporting changes clearly identify the information that require notification to the Executive Director and the process for such notification?","sha256:0abd24506581b4b54d23d015b18222354065d083aeb2032ccdd782d513d18ff9","all-forms-preview-010-0059","PROPOSED_HIGH_OPERATIONAL","OPERATIONAL_ASSURANCE","false","SOURCE_MAPPING_REQUIRED","NOT_ATTESTED","CANDIDATE_INTERPRETATION_REQUIRES_EXPERT_REVIEW","NOT_SUPPLIED"
"FSS-AGA-FORM-010","AGA 010.406","60","11","raw PDF page 11; AGA 010.406; Protocol question column","NAMCARs 139.07.3 | NAMCATS 139.07.3","Does the procedure for notification of aerodrome and reporting changes clearly identify the information that require the issuance of a NOTAM?","sha256:96886c59589376dd35cf9846cfa45704a99a3fd3972a1c7498c98f5323ed6f07","all-forms-preview-010-0060","PROPOSED_SAFETY_CRITICAL","AERODROME_OPERATIONAL_SAFETY","true","SOURCE_MAPPING_REQUIRED","NOT_ATTESTED","CANDIDATE_INTERPRETATION_REQUIRES_EXPERT_REVIEW","NOT_SUPPLIED"
"FSS-AGA-FORM-010","AGA 010.408","61","11","raw PDF page 11; AGA 010.408; Protocol question column","NAMCARs 139.07.3 | NAMCATS 139.07.3","Does the procedure for notification of aerodrome and reporting changes clearly spell out the process of requesting the issuance of a NOTAM?","sha256:877501c6f83dbd27db486b0e39e0fb1f346ba01eb746170d4ba55eb01b2b3f61","all-forms-preview-010-0061","PROPOSED_SAFETY_CRITICAL","AERODROME_OPERATIONAL_SAFETY","true","SOURCE_MAPPING_REQUIRED","NOT_ATTESTED","CANDIDATE_INTERPRETATION_REQUIRES_EXPERT_REVIEW","NOT_SUPPLIED"
"FSS-AGA-FORM-010","AGA 010.410","62","11","raw PDF page 11; AGA 010.410; Protocol question column","NAMCARs 139.07.3 | NAMCATS 139.07.3","Does the procedure for notification of aerodrome and reporting changes clearly identify the persons in charge for requesting the issuance of a NOTAM?","sha256:8a01f71bee0750eac59747d22ecf62aeb8d305dbc8a4b34340081625d827de0b","all-forms-preview-010-0062","PROPOSED_SAFETY_CRITICAL","AERODROME_OPERATIONAL_SAFETY","true","SOURCE_MAPPING_REQUIRED","NOT_ATTESTED","CANDIDATE_INTERPRETATION_REQUIRES_EXPERT_REVIEW","NOT_SUPPLIED"
"FSS-AGA-FORM-010","AGA 010.412","63","11","raw PDF page 11; AGA 010.412; Protocol question column","NAMCARs 139.07.3 | NAMCATS 139.07.3","Does the procedure for notification of aerodrome and Yes No Check the contact details at the NCAA for each case (WHO), Satisfactory Not satisfactory Regulatory ref. Protocol question Reply Guidance for review of protocol question Status of implementation Evidence/ Notes/Co mments Yes/Sat: Yes/Not Sat: No/Not Sat: N/A: FSS–AGA–FORM 010 31 March 2023 12 of 34 NAMCATS 139.07.3 reporting changes clearly identify the contact persons to which changes are to be reported?","sha256:ac128e3804543c20a43d4ffb47a8132d804daa5c6fcdbd5c1c2fdea2ce0e6ec3","all-forms-preview-010-0063","PROPOSED_HIGH_OPERATIONAL","OPERATIONAL_ASSURANCE","false","SOURCE_MAPPING_REQUIRED","NOT_ATTESTED","CANDIDATE_INTERPRETATION_REQUIRES_EXPERT_REVIEW","NOT_SUPPLIED"
"FSS-AGA-FORM-010","AGA 010.422","64","12","raw PDF page 12; AGA 010.422; Protocol question column","NAMCATS 139.07.3 | NAMCARs 139.07.3","Does the aerodrome manual contain anoperating procedure for access to the aerodrome movement area?","sha256:7384c890506acd79b30729a35256e5dd447753a7d49014f6dd83a75875852c1a","all-forms-preview-010-0064","PROPOSED_HIGH_OPERATIONAL","OPERATIONAL_ASSURANCE","false","SOURCE_MAPPING_REQUIRED","NOT_ATTESTED","CANDIDATE_INTERPRETATION_REQUIRES_EXPERT_REVIEW","NOT_SUPPLIED"
"FSS-AGA-FORM-010","AGA 010.424","65","12","raw PDF page 12; AGA 010.424; Protocol question column","NAMCATS 139.07.3 | NAMCARs 139.07.3","Does the procedure for access to the aerodrome movement area clearly identify the agency responsible for prevention of unlawful interference at civil aviation at the aerodorme?","sha256:4884ef1bd73112ed47286c6e1033410b013fec209c6d2103bb130233597f8e1c","all-forms-preview-010-0065","PROPOSED_HIGH_OPERATIONAL","OPERATIONAL_ASSURANCE","false","SOURCE_MAPPING_REQUIRED","NOT_ATTESTED","CANDIDATE_INTERPRETATION_REQUIRES_EXPERT_REVIEW","NOT_SUPPLIED"
"FSS-AGA-FORM-010","AGA 010.426","66","12","raw PDF page 12; AGA 010.426; Protocol question column","NAMCARs 139.07.3 | NAMCATS 139.07.3","Does the procedure for access to the aerodrome movement area clearly specify the respective roles of the aerodrome operator and the agency responsible for prevention of unlawful interference at civil aviation at the aerodorme?","sha256:176fb4b1a145881853eac97abcc4c481bc548a804622cff532b2744ecbaade08","all-forms-preview-010-0066","PROPOSED_HIGH_OPERATIONAL","OPERATIONAL_ASSURANCE","false","SOURCE_MAPPING_REQUIRED","NOT_ATTESTED","CANDIDATE_INTERPRETATION_REQUIRES_EXPERT_REVIEW","NOT_SUPPLIED"
"FSS-AGA-FORM-010","AGA 010.428","67","12","raw PDF page 12; AGA 010.428; Protocol question column","NAMCARs 139.07.3 | NAMCATS 139.07.3","Does the procedure for access to the aerodrome movement area clearly define the restricted areras?","sha256:2a17c1b8ba299734079eb30c096ed158246ff182ebd0b15a2320e6d1f9504223","all-forms-preview-010-0067","PROPOSED_HIGH_OPERATIONAL","OPERATIONAL_ASSURANCE","false","SOURCE_MAPPING_REQUIRED","NOT_ATTESTED","CANDIDATE_INTERPRETATION_REQUIRES_EXPERT_REVIEW","NOT_SUPPLIED"
"FSS-AGA-FORM-010","AGA 010.430","68","12","raw PDF page 12; AGA 010.430; Protocol question column","NAMCARs 139.07.3 | NAMCATS 139.07.3","Does the procedure for access to the aerodrome movement area clearly define the criteria and conditions of access to restricted areras?","sha256:d595f8df9f2c511d5261a5d3b09119c95fcdb91b720f951cd2ef28ce0393c7d3","all-forms-preview-010-0068","PROPOSED_HIGH_OPERATIONAL","OPERATIONAL_ASSURANCE","false","SOURCE_MAPPING_REQUIRED","NOT_ATTESTED","CANDIDATE_INTERPRETATION_REQUIRES_EXPERT_REVIEW","NOT_SUPPLIED"
"FSS-AGA-FORM-010","AGA 010.432","69","12","raw PDF page 12; AGA 010.432; Protocol question column","NAMCARs 139.07.3 | NAMCATS 139.07.3","Does the procedure for access to Yes No Check the conditions for obtention of Satisfactory Regulatory ref. Protocol question Reply Guidance for review of protocol question Status of implementation Evidence/ Notes/Co mments Yes/Sat: Yes/Not Sat: No/Not Sat: N/A: FSS–AGA–FORM 010 31 March 2023 13 of 34 NAMCATS 139.07.3 the aerodrome movement area clearly specify the conditions and processes for issuance of authorization to access to the manoeuvring areas?","sha256:31ec47520f0256fa30bd5a4435000dae2c62ac32f040cff8c08a1062f63ae690","all-forms-preview-010-0069","PROPOSED_HIGH_OPERATIONAL","OPERATIONAL_ASSURANCE","false","SOURCE_MAPPING_REQUIRED","NOT_ATTESTED","CANDIDATE_INTERPRETATION_REQUIRES_EXPERT_REVIEW","NOT_SUPPLIED"
"FSS-AGA-FORM-010","AGA 010.434","70","13","raw PDF page 13; AGA 010.434; Protocol question column","NAMCARs 139.07.3 | NAMCATS 139.07.3","Does the procedure for access to the aerodrome movement area clearly identify the contact persons controlling access to the manoeuvring areas during and after working hours?","sha256:641a1ef7a522f402a1cc7c7251c829cfc403f82600114839843031b9685f5a23","all-forms-preview-010-0070","PROPOSED_HIGH_OPERATIONAL","OPERATIONAL_ASSURANCE","false","SOURCE_MAPPING_REQUIRED","NOT_ATTESTED","CANDIDATE_INTERPRETATION_REQUIRES_EXPERT_REVIEW","NOT_SUPPLIED"
"FSS-AGA-FORM-010","AGA 010.442","71","13","raw PDF page 13; AGA 010.442; Protocol question column","NAMCARs 139.07.3 | NAMCATS 139.07.3","Does the aerodrome manual contain an aerodrome emergency planning?","sha256:0fc1a81292e0b59ab1d25e6f72bd649aef2a486b6bd69de0b68b51b69500b210","all-forms-preview-010-0071","PROPOSED_SAFETY_CRITICAL","AERODROME_OPERATIONAL_SAFETY","true","SOURCE_MAPPING_REQUIRED","NOT_ATTESTED","CANDIDATE_INTERPRETATION_REQUIRES_EXPERT_REVIEW","NOT_SUPPLIED"
"FSS-AGA-FORM-010","AGA 010.444","72","13","raw PDF page 13; AGA 010.444; Protocol question column","NAMCARs 139.07.3 | NAMCATS 139.07.3","Does the aerodrome emergency planning contain a list of all the emergencies planned for?","sha256:e63e1232725de5764dcebd7f2d47df34c343f5ecbed8501236a5af874cc00ac2","all-forms-preview-010-0072","PROPOSED_SAFETY_CRITICAL","AERODROME_OPERATIONAL_SAFETY","true","SOURCE_MAPPING_REQUIRED","NOT_ATTESTED","CANDIDATE_INTERPRETATION_REQUIRES_EXPERT_REVIEW","NOT_SUPPLIED"
"FSS-AGA-FORM-010","AGA 010.446","73","13","raw PDF page 13; AGA 010.446; Protocol question column","NAMCARs 139.07.3 | NAMCATS 139.07.3","Does the aerodrome emergency planning contain for each type of emergency the procedures for prompt response?","sha256:259a0bfcb514a17b88cac46fe0257cd22251c44e2b38b1260cb765e0247fc2fe","all-forms-preview-010-0073","PROPOSED_SAFETY_CRITICAL","AERODROME_OPERATIONAL_SAFETY","true","SOURCE_MAPPING_REQUIRED","NOT_ATTESTED","CANDIDATE_INTERPRETATION_REQUIRES_EXPERT_REVIEW","NOT_SUPPLIED"
"FSS-AGA-FORM-010","AGA 010.448","74","13","raw PDF page 13; AGA 010.448; Protocol question column","NAMCATS 139.07.3 | NAMCARs 139.07.3","Does the aerodrome emergency planning list for each type of emergency the persons involved in executing the allocated tasks?","sha256:5d44200f40832199b91ad783389f281805a5725c8ac4416d9465a2d5618d7b34","all-forms-preview-010-0074","PROPOSED_SAFETY_CRITICAL","AERODROME_OPERATIONAL_SAFETY","true","SOURCE_MAPPING_REQUIRED","NOT_ATTESTED","CANDIDATE_INTERPRETATION_REQUIRES_EXPERT_REVIEW","NOT_SUPPLIED"
"FSS-AGA-FORM-010","AGA 010.450","75","13","raw PDF page 13; AGA 010.450; Protocol question column","NAMCARs 139.07.3 | NAMCATS 139.07.3","Does the aerodrome emergency planning provide for each person responsible for a task detailed guidance on what s/he is expected to do?","sha256:eaff31158a7d3a9fb509bb5868ecc76d79d0923c04ae413899dbdbf08ea90079","all-forms-preview-010-0075","PROPOSED_SAFETY_CRITICAL","AERODROME_OPERATIONAL_SAFETY","true","SOURCE_MAPPING_REQUIRED","NOT_ATTESTED","CANDIDATE_INTERPRETATION_REQUIRES_EXPERT_REVIEW","NOT_SUPPLIED"
"FSS-AGA-FORM-010","AGA 010.452","76","14","raw PDF page 14; AGA 010.452; Protocol question column","NAMCARs 139.07.3 | NAMCATS 139.07.3","Does the aerodrome emergency planning contain a grid map or other means of identifying locations and terrain features?","sha256:8402e446d242e2b2aa7c370b7918d4e075e681754f524f7b422a002f3168512a","all-forms-preview-010-0076","PROPOSED_SAFETY_CRITICAL","AERODROME_OPERATIONAL_SAFETY","true","SOURCE_MAPPING_REQUIRED","NOT_ATTESTED","CANDIDATE_INTERPRETATION_REQUIRES_EXPERT_REVIEW","NOT_SUPPLIED"
"FSS-AGA-FORM-010","AGA 010.454","77","14","raw PDF page 14; AGA 010.454; Protocol question column","NAMCARs 139.07.3 | NAMCATS 139.07.3","Does the aerodrome emergency planning contain the description of an emergency aerodrome centre and command post?","sha256:ff921c79a1176c2419d168cc1564fbc7ea01dcf6ba737dab891b41c742b9980c","all-forms-preview-010-0077","PROPOSED_SAFETY_CRITICAL","AERODROME_OPERATIONAL_SAFETY","true","SOURCE_MAPPING_REQUIRED","NOT_ATTESTED","CANDIDATE_INTERPRETATION_REQUIRES_EXPERT_REVIEW","NOT_SUPPLIED"
"FSS-AGA-FORM-010","AGA 010.456","78","14","raw PDF page 14; AGA 010.456; Protocol question column","NAMCARs 139.07.3 | NAMCATS 139.07.3","Does the aerodrome emergency planning contain a description of the structures with responsibilities in its implementation?","sha256:951589ab443ba98b2d5bd5b1b48e019019d73e776f194db585f74f217e7bb558","all-forms-preview-010-0078","PROPOSED_SAFETY_CRITICAL","AERODROME_OPERATIONAL_SAFETY","true","SOURCE_MAPPING_REQUIRED","NOT_ATTESTED","CANDIDATE_INTERPRETATION_REQUIRES_EXPERT_REVIEW","NOT_SUPPLIED"
"FSS-AGA-FORM-010","AGA 010.462","79","14","raw PDF page 14; AGA 010.462; Protocol question column","NAMCARs 139.07.3 | NAMCATS 139.07.3","Does the aerodrome manual contain a description of the aerodrome rescue and fire fighting?","sha256:0eb48feaa0bacc0f7ea002a9bbca7d98c71987400a3da46a05d7b27dc0af7736","all-forms-preview-010-0079","PROPOSED_SAFETY_CRITICAL","AERODROME_OPERATIONAL_SAFETY","true","SOURCE_MAPPING_REQUIRED","NOT_ATTESTED","CANDIDATE_INTERPRETATION_REQUIRES_EXPERT_REVIEW","NOT_SUPPLIED"
"FSS-AGA-FORM-010","AGA 010.464","80","15","raw PDF page 15; AGA 010.464; Protocol question column","NAMCARs 139.07.3 | NAMCATS 139.07.3 | NAMCATS 139.0","Is the category of rescue and fire fighting provided?","sha256:e7220f284f80ccf2bf6bb75bb1d0417375a2f6b8169f5dcd37754f664d011143","all-forms-preview-010-0080","PROPOSED_SAFETY_CRITICAL","AERODROME_OPERATIONAL_SAFETY","true","SOURCE_MAPPING_REQUIRED","NOT_ATTESTED","CANDIDATE_INTERPRETATION_REQUIRES_EXPERT_REVIEW","NOT_SUPPLIED"
"FSS-AGA-FORM-010","AGA 010.466","81","15","raw PDF page 15; AGA 010.466; Protocol question column","NAMCARs 139.07.3 | NAMCATS 139.07.3","Does the description of the aerodrome rescue and fire fighting include the facilities ?","sha256:1ec7071dc98ef7065eb89aa924eb3d87cefe192f24454d9553f5b21202105538","all-forms-preview-010-0081","PROPOSED_SAFETY_CRITICAL","AERODROME_OPERATIONAL_SAFETY","true","SOURCE_MAPPING_REQUIRED","NOT_ATTESTED","CANDIDATE_INTERPRETATION_REQUIRES_EXPERT_REVIEW","NOT_SUPPLIED"
"FSS-AGA-FORM-010","AGA 010.468","82","15","raw PDF page 15; AGA 010.468; Protocol question column","NAMCATS 139.07.3 | NAMCARs 139.07.3","Does the description of the aerodrome rescue and fire fighting include the equipment ?","sha256:8ff3d64b6f48248ee96a1751b7a619ea45e7670860ec54038a721f084b0ff745","all-forms-preview-010-0082","PROPOSED_SAFETY_CRITICAL","AERODROME_OPERATIONAL_SAFETY","true","SOURCE_MAPPING_REQUIRED","NOT_ATTESTED","CANDIDATE_INTERPRETATION_REQUIRES_EXPERT_REVIEW","NOT_SUPPLIED"
"FSS-AGA-FORM-010","AGA 010.470","83","15","raw PDF page 15; AGA 010.470; Protocol question column","NAMCARs 139.07.3 | NAMCATS 139.07.3","Does the description of the aerodrome rescue and fire fighting include the personnel required?","sha256:a0ffef63d693af0af9a4a2e3c9c77303d01dbb392e498f4033a1178c4ddcd8c2","all-forms-preview-010-0083","PROPOSED_SAFETY_CRITICAL","AERODROME_OPERATIONAL_SAFETY","true","SOURCE_MAPPING_REQUIRED","NOT_ATTESTED","CANDIDATE_INTERPRETATION_REQUIRES_EXPERT_REVIEW","NOT_SUPPLIED"
"FSS-AGA-FORM-010","AGA 010.472","84","15","raw PDF page 15; AGA 010.472; Protocol question column","NAMCARs 139.07.3 | NAMCATS 139.07.3","Does the description of the aerodrome rescue and fire fighting include contact details of those responsible for rescue and fire fighting?","sha256:7fcaa8f04ea29f6b7ccfa5f6df7297f8073d9b2e3ad8a30fed2d6a0ed5332f5c","all-forms-preview-010-0084","PROPOSED_SAFETY_CRITICAL","AERODROME_OPERATIONAL_SAFETY","true","SOURCE_MAPPING_REQUIRED","NOT_ATTESTED","CANDIDATE_INTERPRETATION_REQUIRES_EXPERT_REVIEW","NOT_SUPPLIED"
"FSS-AGA-FORM-010","AGA 010.474","85","15","raw PDF page 15; AGA 010.474; Protocol question column","NAMCARs 139.07.3 | NAMCATS 139.07.3","Does the description of the Yes No Check the description of Satisfactory Regulatory ref. Protocol question Reply Guidance for review of protocol question Status of implementation Evidence/ Notes/Co mments Yes/Sat: Yes/Not Sat: No/Not Sat: N/A: FSS–AGA–FORM 010 31 March 2023 16 of 34 NAMCATS 139.07.3 aerodrome rescue and fire fighting include details of any off-site agency that may assist during emergency situations?","sha256:555fe93ab2ca6752d2e1e160ef742ac33b547d3f59d4640b79e7815652c91722","all-forms-preview-010-0085","PROPOSED_SAFETY_CRITICAL","AERODROME_OPERATIONAL_SAFETY","true","SOURCE_MAPPING_REQUIRED","NOT_ATTESTED","CANDIDATE_INTERPRETATION_REQUIRES_EXPERT_REVIEW","NOT_SUPPLIED"
"FSS-AGA-FORM-010","AGA 010.482","86","16","raw PDF page 16; AGA 010.482; Protocol question column","NAMCARs 139.07.3 | NAMCATS 139.07.3","Does the aerodrome manual contain a procedure on aerodrome inspection?","sha256:f5b9dc081d409cf978b9a1c182d043976eb467635f1c45d2f2d309b33d2bc6b3","all-forms-preview-010-0086","PROPOSED_HIGH_OPERATIONAL","OPERATIONAL_ASSURANCE","false","SOURCE_MAPPING_REQUIRED","NOT_ATTESTED","CANDIDATE_INTERPRETATION_REQUIRES_EXPERT_REVIEW","NOT_SUPPLIED"
"FSS-AGA-FORM-010","AGA 010.484","87","16","raw PDF page 16; AGA 010.484; Protocol question column","NAMCATS 139.07.3 | NAMCARs 139.07.3","Does the procedure for aerodrome inspection contain a description of the areas to be inspected?","sha256:5ea160380493ca1783dcd2bf7b933f0996fe2410cce54dd777c2dadbb64e3fe1","all-forms-preview-010-0087","PROPOSED_HIGH_OPERATIONAL","OPERATIONAL_ASSURANCE","false","SOURCE_MAPPING_REQUIRED","NOT_ATTESTED","CANDIDATE_INTERPRETATION_REQUIRES_EXPERT_REVIEW","NOT_SUPPLIED"
"FSS-AGA-FORM-010","AGA 010.486","88","16","raw PDF page 16; AGA 010.486; Protocol question column","NAMCARs 139.07.3 | NAMCATS 139.07.3","Does the procedure for aerodrome inspection contain the communications protocol with air traffic control during inspection?","sha256:1cb91d4153d417bac34a95beff659ed25d0502566248d7601b36747f0cee7d63","all-forms-preview-010-0088","PROPOSED_HIGH_OPERATIONAL","OPERATIONAL_ASSURANCE","false","SOURCE_MAPPING_REQUIRED","NOT_ATTESTED","CANDIDATE_INTERPRETATION_REQUIRES_EXPERT_REVIEW","NOT_SUPPLIED"
"FSS-AGA-FORM-010","AGA 010.488","89","16","raw PDF page 16; AGA 010.488; Protocol question column","NAMCARs 139.07.3 | NAMCATS 139.07.3","Does the procedure for aerodrome inspection contain for each area the check-list to be used for inspection?","sha256:f08ea8e827a1e3fe90af477d655d1ea5656db733ed178bfd407115049c08c6e2","all-forms-preview-010-0089","PROPOSED_HIGH_OPERATIONAL","OPERATIONAL_ASSURANCE","false","SOURCE_MAPPING_REQUIRED","NOT_ATTESTED","CANDIDATE_INTERPRETATION_REQUIRES_EXPERT_REVIEW","NOT_SUPPLIED"
"FSS-AGA-FORM-010","AGA 010.490","90","16","raw PDF page 16; AGA 010.490; Protocol question column","NAMCARs 139.07.3 | NAMCATS 139.07.3","Does the procedure for aerodrome inspection specify the inspections intervals and times?","sha256:6bc98103dc2c429cdc8aba9d03a041abd3a65b155bd530d49784a4f1b4665f5c","all-forms-preview-010-0090","PROPOSED_HIGH_OPERATIONAL","OPERATIONAL_ASSURANCE","false","SOURCE_MAPPING_REQUIRED","NOT_ATTESTED","CANDIDATE_INTERPRETATION_REQUIRES_EXPERT_REVIEW","NOT_SUPPLIED"
"FSS-AGA-FORM-010","AGA 010.492","91","16","raw PDF page 16; AGA 010.492; Protocol question column","NAMCARs 139.07.3 | NAMCATS 139.07.3","Does the procedure for aerodrome Yes No Check the contact details (WHO), Satisfactory Regulatory ref. Protocol question Reply Guidance for review of protocol question Status of implementation Evidence/ Notes/Co mments Yes/Sat: Yes/Not Sat: No/Not Sat: N/A: FSS–AGA–FORM 010 31 March 2023 17 of 34 NAMCATS 139.07.3 inspection specify the personel assigned for inspection activities?","sha256:542ed124c192a7c0db2e6972d9f3adcc6ae1e0f45cd6eb8639ab78f69ba4b3e6","all-forms-preview-010-0091","PROPOSED_HIGH_OPERATIONAL","OPERATIONAL_ASSURANCE","false","SOURCE_MAPPING_REQUIRED","NOT_ATTESTED","CANDIDATE_INTERPRETATION_REQUIRES_EXPERT_REVIEW","NOT_SUPPLIED"
"FSS-AGA-FORM-010","AGA 010.494","92","17","raw PDF page 17; AGA 010.494; Protocol question column","NAMCARs 139.07.3 | NAMCATS 139.07.3","Does the procedure for aerodrome inspection specify the procedure for reporting the outcomes of the inspection?","sha256:6c1ec16cd39144b5561f7a2657fc687ed3a12d189f6076671ea5d43676f47412","all-forms-preview-010-0092","PROPOSED_HIGH_OPERATIONAL","OPERATIONAL_ASSURANCE","false","SOURCE_MAPPING_REQUIRED","NOT_ATTESTED","CANDIDATE_INTERPRETATION_REQUIRES_EXPERT_REVIEW","NOT_SUPPLIED"
"FSS-AGA-FORM-010","AGA 010.496","93","17","raw PDF page 17; AGA 010.496; Protocol question column","NAMCATS 139.07.3 | NAMCARs 139.07.3","Does the procedure for aerodrome inspection specify the procedure for monitoring and following up actions to address findings of inspection?","sha256:f51618afec5ec0372b30083f28f07db877602be303c8a7365806f503d6b8e46b","all-forms-preview-010-0093","PROPOSED_HIGH_OPERATIONAL","OPERATIONAL_ASSURANCE","false","SOURCE_MAPPING_REQUIRED","NOT_ATTESTED","CANDIDATE_INTERPRETATION_REQUIRES_EXPERT_REVIEW","NOT_SUPPLIED"
"FSS-AGA-FORM-010","AGA 010.502","94","17","raw PDF page 17; AGA 010.502; Protocol question column","NAMCARs 139.07.3 | NAMCATS 139.07.3","Does the aerodrome manual contain a description of the arrangements for aerodrome maintenance?","sha256:babc50e8dab7e64beec467b699dc1223179629c8f946785c278d13fd16ddeb60","all-forms-preview-010-0094","PROPOSED_HIGH_OPERATIONAL","OPERATIONAL_ASSURANCE","false","SOURCE_MAPPING_REQUIRED","NOT_ATTESTED","CANDIDATE_INTERPRETATION_REQUIRES_EXPERT_REVIEW","NOT_SUPPLIED"
"FSS-AGA-FORM-010","AGA 010.504","95","17","raw PDF page 17; AGA 010.504; Protocol question column","NAMCARs 139.07.3 | NAMCATS 139.07.3","Does the description of maintenance arrangements cover all areas?","sha256:f324fe7b5cfcd51ed79f1eaf909bed60c4c7148a80b35b5b3a329f23720b0abb","all-forms-preview-010-0095","PROPOSED_HIGH_OPERATIONAL","OPERATIONAL_ASSURANCE","false","SOURCE_MAPPING_REQUIRED","NOT_ATTESTED","CANDIDATE_INTERPRETATION_REQUIRES_EXPERT_REVIEW","NOT_SUPPLIED"
"FSS-AGA-FORM-010","AGA 010.506","96","17","raw PDF page 17; AGA 010.506; Protocol question column","NAMCARs 139.07.3 | NAMCATS 139.07.3","Does the description of maintenance arrangements cover routine maintenance?","sha256:39afdeaed006622acc18ecba2239a319d76f126e07d0996c79c3aef2117396b1","all-forms-preview-010-0096","PROPOSED_HIGH_OPERATIONAL","OPERATIONAL_ASSURANCE","false","SOURCE_MAPPING_REQUIRED","NOT_ATTESTED","CANDIDATE_INTERPRETATION_REQUIRES_EXPERT_REVIEW","NOT_SUPPLIED"
"FSS-AGA-FORM-010","AGA 010.508","97","17","raw PDF page 17; AGA 010.508; Protocol question column","NAMCATS 139.07.3 | NAMCARs 139.07.3","Does the description of maintenance arrangements cover Yes No Check the emergency maintenance (WHAT, WHEN), Satisfactory Not satisfactory Regulatory ref. Protocol question Reply Guidance for review of protocol question Status of implementation Evidence/ Notes/Co mments Yes/Sat: Yes/Not Sat: No/Not Sat: N/A: FSS–AGA–FORM 010 31 March 2023 18 of 34 139.07.3 emergency maintenance?","sha256:4f82d8c1fb0396144fbb48af132cd1c630d2996ed8346dbb4af0d9507577b92b","all-forms-preview-010-0097","PROPOSED_SAFETY_CRITICAL","AERODROME_OPERATIONAL_SAFETY","true","SOURCE_MAPPING_REQUIRED","NOT_ATTESTED","CANDIDATE_INTERPRETATION_REQUIRES_EXPERT_REVIEW","NOT_SUPPLIED"
"FSS-AGA-FORM-010","AGA 010.510","98","18","raw PDF page 18; AGA 010.510; Protocol question column","NAMCARs 139.07.3 | NAMCATS 139.07.3","Does the description of maintenance arrangements cover specific provisions during conditions of low visibility?","sha256:de71b7541149f03f1e8266cb187b47657702edb9927f53e52893ec03a84eba5a","all-forms-preview-010-0098","PROPOSED_HIGH_OPERATIONAL","OPERATIONAL_ASSURANCE","false","SOURCE_MAPPING_REQUIRED","NOT_ATTESTED","CANDIDATE_INTERPRETATION_REQUIRES_EXPERT_REVIEW","NOT_SUPPLIED"
"FSS-AGA-FORM-010","AGA 010.512","99","18","raw PDF page 18; AGA 010.512; Protocol question column","NAMCARs 139.07.3 | NAMCATS 139.07.3","Does the description of maintenance arrangements provide for a method to deal with partial or total system failure?","sha256:2d5a9808c10b45b58627839a19f22918f1954106f9d07c46acd473179e499feb","all-forms-preview-010-0099","PROPOSED_HIGH_OPERATIONAL","OPERATIONAL_ASSURANCE","false","SOURCE_MAPPING_REQUIRED","NOT_ATTESTED","CANDIDATE_INTERPRETATION_REQUIRES_EXPERT_REVIEW","NOT_SUPPLIED"
"FSS-AGA-FORM-010","AGA 010.513","100","18","raw PDF page 18; AGA 010.513; Protocol question column","NAMCARs 139.07.3 | NAMCATS 139.07.3 | NAMCARs 139.09.10 | NAMCATS 139.09.10","Does the aerodrome operator have procedures relating to monitoring and reporting of information on the condition of the movement area and related facilities?","sha256:b963620d88b0456c433f21e0232989987d68a401f306dc151d558ed037bdeba2","all-forms-preview-010-0100","PROPOSED_HIGH_OPERATIONAL","OPERATIONAL_ASSURANCE","false","SOURCE_MAPPING_REQUIRED","NOT_ATTESTED","CANDIDATE_INTERPRETATION_REQUIRES_EXPERT_REVIEW","NOT_SUPPLIED"
"FSS-AGA-FORM-010","AGA 010.514","101","18","raw PDF page 18; AGA 010.514; Protocol question column","NAMCARs 139.07.3 | NAMCATS 139.07.3","Does the description of maintenance arrangements provide all contact details and roles of the persons responsible for maintenance?","sha256:bd080c1651fe4daed4ecfd69bd55031d5efb500a3219c41d352e346178bdf11c","all-forms-preview-010-0101","PROPOSED_HIGH_OPERATIONAL","OPERATIONAL_ASSURANCE","false","SOURCE_MAPPING_REQUIRED","NOT_ATTESTED","CANDIDATE_INTERPRETATION_REQUIRES_EXPERT_REVIEW","NOT_SUPPLIED"
"FSS-AGA-FORM-010","AGA 010.520","102","18","raw PDF page 18; AGA 010.520; Protocol question column","NAMCARs 139.07.3 | NAMCATS 139.07.3","Does the aerodrome manual Yes No Verify existence of procedure Satisfactory Regulatory ref. Protocol question Reply Guidance for review of protocol question Status of implementation Evidence/ Notes/Co mments Yes/Sat: Yes/Not Sat: No/Not Sat: N/A: FSS–AGA–FORM 010 31 March 2023 19 of 34 NAMCATS 139.07.3 contain a description of the arrangements for apron management?","sha256:1b53c8c5a7be7965c50b0e42a20dc22e400bb2efec143e54d00388bc6436711f","all-forms-preview-010-0102","PROPOSED_HIGH_OPERATIONAL","OPERATIONAL_ASSURANCE","false","SOURCE_MAPPING_REQUIRED","NOT_ATTESTED","CANDIDATE_INTERPRETATION_REQUIRES_EXPERT_REVIEW","NOT_SUPPLIED"
"FSS-AGA-FORM-010","AGA 010.524","103","19","raw PDF page 19; AGA 010.524; Protocol question column","NAMCARs 139.07.3 | NAMCATS 139.07.3","Does the description of apron management clearly identify an entity entrusted with apron management services?","sha256:db1ea1d2bb46ded6c446704120c800f693ebdd2572f86b0698b084b3d07bf32a","all-forms-preview-010-0103","PROPOSED_HIGH_OPERATIONAL","OPERATIONAL_ASSURANCE","false","SOURCE_MAPPING_REQUIRED","NOT_ATTESTED","CANDIDATE_INTERPRETATION_REQUIRES_EXPERT_REVIEW","NOT_SUPPLIED"
"FSS-AGA-FORM-010","AGA 010.526","104","19","raw PDF page 19; AGA 010.526; Protocol question column","NAMCATS 139.07.3 | NAMCARs 139.07.3","Does the description of apron management cover arrangements between air traffic services and apron management services?","sha256:75e636e31b6e1e3336dc9849bb74e9532c9066d0016bde064289a472a1da280f","all-forms-preview-010-0104","PROPOSED_HIGH_OPERATIONAL","OPERATIONAL_ASSURANCE","false","SOURCE_MAPPING_REQUIRED","NOT_ATTESTED","CANDIDATE_INTERPRETATION_REQUIRES_EXPERT_REVIEW","NOT_SUPPLIED"
"FSS-AGA-FORM-010","AGA 010.528","105","19","raw PDF page 19; AGA 010.528; Protocol question column","NAMCARs 139.07.3 | NAMCATS 139.07.3","Does the description of apron management cover arrangements between air operators and apron management services?","sha256:6bbe2d116c9c202e71b6fe99165ff3215ef72e39f87929970f0ff53e9f324c43","all-forms-preview-010-0105","PROPOSED_HIGH_OPERATIONAL","OPERATIONAL_ASSURANCE","false","SOURCE_MAPPING_REQUIRED","NOT_ATTESTED","CANDIDATE_INTERPRETATION_REQUIRES_EXPERT_REVIEW","NOT_SUPPLIED"
"FSS-AGA-FORM-010","AGA 010.532","106","19","raw PDF page 19; AGA 010.532; Protocol question column","NAMCARs 139.07.3 | NAMCATS 139.07.3 | NAMCATS 139.0","Does the description of apron management cover arrangements for allocation of boarding gates?","sha256:6f207377ba35b1b4f1d16a678129ae15f54e0e3c73557dadac5c1c1291a29015","all-forms-preview-010-0106","PROPOSED_HIGH_OPERATIONAL","OPERATIONAL_ASSURANCE","false","SOURCE_MAPPING_REQUIRED","NOT_ATTESTED","CANDIDATE_INTERPRETATION_REQUIRES_EXPERT_REVIEW","NOT_SUPPLIED"
"FSS-AGA-FORM-010","AGA 010.534","107","19","raw PDF page 19; AGA 010.534; Protocol question column","NAMCARs 139.07.3 | NAMCATS 139.07.3","Does the description of apron management cover arrangements for allocation of ramp space?","sha256:b5c2031a64062245fb0ec2373acdeaeca205cb90a011a9761ce19562597c5444","all-forms-preview-010-0107","PROPOSED_HIGH_OPERATIONAL","OPERATIONAL_ASSURANCE","false","SOURCE_MAPPING_REQUIRED","NOT_ATTESTED","CANDIDATE_INTERPRETATION_REQUIRES_EXPERT_REVIEW","NOT_SUPPLIED"
"FSS-AGA-FORM-010","AGA 010.536","108","19","raw PDF page 19; AGA 010.536; Protocol question column","NAMCARs 139.07.3 | NAMCATS 139.07.3","Does the description of apron management cover arrangements for allocation of aircraft parking?","sha256:355d51e707ba8e2f4f2a5b0e128422bd0088f854c7e0810308642450cb6b7ee2","all-forms-preview-010-0108","PROPOSED_SAFETY_CRITICAL","AERODROME_OPERATIONAL_SAFETY","true","SOURCE_MAPPING_REQUIRED","NOT_ATTESTED","CANDIDATE_INTERPRETATION_REQUIRES_EXPERT_REVIEW","NOT_SUPPLIED"
"FSS-AGA-FORM-010","AGA 010.538","109","20","raw PDF page 20; AGA 010.538; Protocol question column","NAMCARs 139.07.3 | NAMCATS 139.07.3","Does the description of apron management cover arrangements for allocation of equipment storage areas?","sha256:b787f10bd3f83a8791b7b6fb34fc00de9f43af95054a716f10d36d0693fc8173","all-forms-preview-010-0109","PROPOSED_HIGH_OPERATIONAL","OPERATIONAL_ASSURANCE","false","SOURCE_MAPPING_REQUIRED","NOT_ATTESTED","CANDIDATE_INTERPRETATION_REQUIRES_EXPERT_REVIEW","NOT_SUPPLIED"
"FSS-AGA-FORM-010","AGA 010.542","110","20","raw PDF page 20; AGA 010.542; Protocol question column","NAMCARs 139.07.3 | NAMCATS 139.07.3","Does the description of apron management cover arrangements for engine start and push-back procedures?","sha256:100643eac784a9248abd3023c3bf3ad844b18d473b773e72c62a17ea747261ef","all-forms-preview-010-0110","PROPOSED_HIGH_OPERATIONAL","OPERATIONAL_ASSURANCE","false","SOURCE_MAPPING_REQUIRED","NOT_ATTESTED","CANDIDATE_INTERPRETATION_REQUIRES_EXPERT_REVIEW","NOT_SUPPLIED"
"FSS-AGA-FORM-010","AGA 010.544","111","20","raw PDF page 20; AGA 010.544; Protocol question column","NAMCARs 139.07.3 | NAMCATS 139.07.3","Does the description of apron management cover procedures for marshalling services?","sha256:38f207eb295febbfc869a0f1b63cfcfdddcc24b4b7161638e44037e3f1206775","all-forms-preview-010-0111","PROPOSED_HIGH_OPERATIONAL","OPERATIONAL_ASSURANCE","false","SOURCE_MAPPING_REQUIRED","NOT_ATTESTED","CANDIDATE_INTERPRETATION_REQUIRES_EXPERT_REVIEW","NOT_SUPPLIED"
"FSS-AGA-FORM-010","AGA 010.546","112","20","raw PDF page 20; AGA 010.546; Protocol question column","NAMCARs 139.07.3 | NAMCATS 139.07.3","Does the description of apron management cover procedures for vehicle escort ?","sha256:186bca22788d4a3bf2b91689da352a95dd2cb4b48cb5f4fab03e85fcb3f512cf","all-forms-preview-010-0112","PROPOSED_HIGH_OPERATIONAL","OPERATIONAL_ASSURANCE","false","SOURCE_MAPPING_REQUIRED","NOT_ATTESTED","CANDIDATE_INTERPRETATION_REQUIRES_EXPERT_REVIEW","NOT_SUPPLIED"
"FSS-AGA-FORM-010","AGA 010.550","113","20","raw PDF page 20; AGA 010.550; Protocol question column","NAMCARs 139.07.3 | NAMCATS 139.07.3","Does the aerodrome manual contain a description of the arrangements for vehicle control?","sha256:400bb56ccb0d6652103fb32cef5537b359466ca1722669c5c99f6328af41a82f","all-forms-preview-010-0113","PROPOSED_HIGH_OPERATIONAL","OPERATIONAL_ASSURANCE","false","SOURCE_MAPPING_REQUIRED","NOT_ATTESTED","CANDIDATE_INTERPRETATION_REQUIRES_EXPERT_REVIEW","NOT_SUPPLIED"
"FSS-AGA-FORM-010","AGA 010.554","114","20","raw PDF page 20; AGA 010.554; Protocol question column","NAMCARs 139.07.3 | NAMCATS 139.07.3","Does the description of vehicle control include the applicable traffic rules?","sha256:995eda25f762d2bf1d275fa2e8ee31ab435236ff8dfb592717c3c92dc4bb69be","all-forms-preview-010-0114","PROPOSED_HIGH_OPERATIONAL","OPERATIONAL_ASSURANCE","false","SOURCE_MAPPING_REQUIRED","NOT_ATTESTED","CANDIDATE_INTERPRETATION_REQUIRES_EXPERT_REVIEW","NOT_SUPPLIED"
"FSS-AGA-FORM-010","AGA 010.556","115","21","raw PDF page 21; AGA 010.556; Protocol question column","NAMCARs 139.07.3 | NAMCATS 139.07.3","Does the description of vehicle control include the applicable speed limits?","sha256:3852accfecf5400cba774957e47492a313375a3d9819af89d21d80e9834edab9","all-forms-preview-010-0115","PROPOSED_HIGH_OPERATIONAL","OPERATIONAL_ASSURANCE","false","SOURCE_MAPPING_REQUIRED","NOT_ATTESTED","CANDIDATE_INTERPRETATION_REQUIRES_EXPERT_REVIEW","NOT_SUPPLIED"
"FSS-AGA-FORM-010","AGA 010.558","116","21","raw PDF page 21; AGA 010.558; Protocol question column","NAMCARs 139.07.3 | NAMCATS 139.07.3","Does the description of vehicle control include the enforcement procedures?","sha256:82d4262c6439d55e90290a29774e09fd8d31ad4e9f47c93d421c1b1536b2aab1","all-forms-preview-010-0116","PROPOSED_HIGH_OPERATIONAL","OPERATIONAL_ASSURANCE","false","SOURCE_MAPPING_REQUIRED","NOT_ATTESTED","CANDIDATE_INTERPRETATION_REQUIRES_EXPERT_REVIEW","NOT_SUPPLIED"
"FSS-AGA-FORM-010","AGA 010.562","117","21","raw PDF page 21; AGA 010.562; Protocol question column","NAMCARs 139.07.3 | NAMCATS 139.07.3","Does the description of vehicle control include the requirements for driver training?","sha256:84b12ff9e1e31e9287fcdbcb8d7beafeaa4f961bdba1e12b733a65db1dafc130","all-forms-preview-010-0117","PROPOSED_HIGH_OPERATIONAL","OPERATIONAL_ASSURANCE","false","SOURCE_MAPPING_REQUIRED","NOT_ATTESTED","CANDIDATE_INTERPRETATION_REQUIRES_EXPERT_REVIEW","NOT_SUPPLIED"
"FSS-AGA-FORM-010","AGA 010.566","118","21","raw PDF page 21; AGA 010.566; Protocol question column","NAMCARs 139.07.3 | NAMCATS 139.07.3","Does the description of vehicle control include the requirements for granting permits?","sha256:8d970158faad3e0e0ae38bd5083e7e26a2b2bba6667d850003bfe920b08b19ad","all-forms-preview-010-0118","PROPOSED_HIGH_OPERATIONAL","OPERATIONAL_ASSURANCE","false","SOURCE_MAPPING_REQUIRED","NOT_ATTESTED","CANDIDATE_INTERPRETATION_REQUIRES_EXPERT_REVIEW","NOT_SUPPLIED"
"FSS-AGA-FORM-010","AGA 010.570","119","21","raw PDF page 21; AGA 010.570; Protocol question column","NAMCARs 139.07.3 | NAMCATS 139.07.3","Does the aerodrome manual contain a description of the arrangements for obstacle control?","sha256:76cfca740d96392f0111d981336c18824077e10312841437097ea851a6d40cc7","all-forms-preview-010-0119","PROPOSED_SAFETY_CRITICAL","AERODROME_OPERATIONAL_SAFETY","true","SOURCE_MAPPING_REQUIRED","NOT_ATTESTED","CANDIDATE_INTERPRETATION_REQUIRES_EXPERT_REVIEW","NOT_SUPPLIED"
"FSS-AGA-FORM-010","AGA 010.574","120","21","raw PDF page 21; AGA 010.574; Protocol question column","NAMCARs 139.07.3 | NAMCATS 139.07.3","Does the description of obstacles control include the procedure for monitoring obstacles limitation surfaces?","sha256:b641509a145d7122a5523ce79dbdd0100900da8080006d2f0b27bb987ae4d30d","all-forms-preview-010-0120","PROPOSED_SAFETY_CRITICAL","AERODROME_OPERATIONAL_SAFETY","true","SOURCE_MAPPING_REQUIRED","NOT_ATTESTED","CANDIDATE_INTERPRETATION_REQUIRES_EXPERT_REVIEW","NOT_SUPPLIED"
"FSS-AGA-FORM-010","AGA 010.576","121","21","raw PDF page 21; AGA 010.576; Protocol question column","NAMCARs 139.07.3 | NAMCATS 139.07.3","Does the description of obstacles control include the procedure for controlling obstacles within the authority of the operator?","sha256:ea10cdcbab318195b208ec50bccfc813b10e0b480eeda7885e28d4f61166a59e","all-forms-preview-010-0121","PROPOSED_SAFETY_CRITICAL","AERODROME_OPERATIONAL_SAFETY","true","SOURCE_MAPPING_REQUIRED","NOT_ATTESTED","CANDIDATE_INTERPRETATION_REQUIRES_EXPERT_REVIEW","NOT_SUPPLIED"
"FSS-AGA-FORM-010","AGA 010.578","122","22","raw PDF page 22; AGA 010.578; Protocol question column","NAMCARs 139.07.3 | NAMCATS 139.07.3","Does the description of obstacles control include the procedure for monitoring the height of buildings or structures within the boundaries of the obstacles limitations surfaces?","sha256:f5845eb365ceca657d49eed75e2cfc5385977848a3a722eaf54484f2a7314d74","all-forms-preview-010-0122","PROPOSED_SAFETY_CRITICAL","AERODROME_OPERATIONAL_SAFETY","true","SOURCE_MAPPING_REQUIRED","NOT_ATTESTED","CANDIDATE_INTERPRETATION_REQUIRES_EXPERT_REVIEW","NOT_SUPPLIED"
"FSS-AGA-FORM-010","AGA 010.580","123","22","raw PDF page 22; AGA 010.580; Protocol question column","NAMCARs 139.07.3 | NAMCATS 139.07.3","Does the description of obstacles control include the procedure for controlling development in the vicinity of the aerodrome?","sha256:2ee71e747f08688ae53d82ae4f0ae386c3cefe2771c6ae27aa08781d065e238b","all-forms-preview-010-0123","PROPOSED_SAFETY_CRITICAL","AERODROME_OPERATIONAL_SAFETY","true","SOURCE_MAPPING_REQUIRED","NOT_ATTESTED","CANDIDATE_INTERPRETATION_REQUIRES_EXPERT_REVIEW","NOT_SUPPLIED"
"FSS-AGA-FORM-010","AGA 010.588","124","22","raw PDF page 22; AGA 010.588; Protocol question column","NAMCARs 139.07.3 | NAMCATS 139.07.3","Does the aerodrome manual contain a description of the arrangements for removal of disabled aicraft?","sha256:abf347573fecfc170f83622e9860c46ba137984c72a83db19c96f8172d8ff524","all-forms-preview-010-0124","PROPOSED_HIGH_OPERATIONAL","OPERATIONAL_ASSURANCE","false","SOURCE_MAPPING_REQUIRED","NOT_ATTESTED","CANDIDATE_INTERPRETATION_REQUIRES_EXPERT_REVIEW","NOT_SUPPLIED"
"FSS-AGA-FORM-010","AGA 010.590","125","22","raw PDF page 22; AGA 010.590; Protocol question column","NAMCARs 139.07.3 | NAMCATS 139.07.3","Does the description of removal of disabled aircraft clearly identify the roles of the aerodrome operator and the holder of the aircraft certificate of registration?","sha256:3658b9ac48fdbbebfcf3962a07b2219e37ae7cbd2c193e91700578beeef74ba7","all-forms-preview-010-0125","PROPOSED_SAFETY_CRITICAL","AERODROME_OPERATIONAL_SAFETY","true","SOURCE_MAPPING_REQUIRED","NOT_ATTESTED","CANDIDATE_INTERPRETATION_REQUIRES_EXPERT_REVIEW","NOT_SUPPLIED"
"FSS-AGA-FORM-010","AGA 010.592","126","22","raw PDF page 22; AGA 010.592; Protocol question column","NAMCARs 139.07.3 | NAMCATS 139.07.3","Does the description of removal of disabled aircraft include a procedure for notifying Yes No Check the notification procedure [WHAT] Satisfactory Not satisfactory Regulatory ref. Protocol question Reply Guidance for review of protocol question Status of implementation Evidence/ Notes/Co mments Yes/Sat: Yes/Not Sat: No/Not Sat: N/A: FSS–AGA–FORM 010 31 March 2023 23 of 34 the holder of the aircraft certificate of registration?","sha256:a697245312f6914dc198d04b8e3909c12d42073c0fad431aea0e10b5fe089e83","all-forms-preview-010-0126","PROPOSED_SAFETY_CRITICAL","AERODROME_OPERATIONAL_SAFETY","true","SOURCE_MAPPING_REQUIRED","NOT_ATTESTED","CANDIDATE_INTERPRETATION_REQUIRES_EXPERT_REVIEW","NOT_SUPPLIED"
"FSS-AGA-FORM-010","AGA 010.594","127","23","raw PDF page 23; AGA 010.594; Protocol question column","NAMCARs 139.07.3 | NAMCATS 139.07.3","Does the description of removal of disabled aircraft include arrangements for liaison with the air taffic control unit?","sha256:fc1a1ad81e638e2448e87715fe66bd70f6ad35951a04dfac9de7b68f3c6b1483","all-forms-preview-010-0127","PROPOSED_SAFETY_CRITICAL","AERODROME_OPERATIONAL_SAFETY","true","SOURCE_MAPPING_REQUIRED","NOT_ATTESTED","CANDIDATE_INTERPRETATION_REQUIRES_EXPERT_REVIEW","NOT_SUPPLIED"
"FSS-AGA-FORM-010","AGA 010.596","128","23","raw PDF page 23; AGA 010.596; Protocol question column","NAMCARs 139.07.3 | NAMCATS 139.07.3","Does the description of removal of disabled aircraft include arrangements for obtaining equipment and personnel for removal of disabled aircraft?","sha256:64aaf89b4f36dd6a9788c75eb894391cbaa46dc1b940d543b63710e8d68e68e7","all-forms-preview-010-0128","PROPOSED_SAFETY_CRITICAL","AERODROME_OPERATIONAL_SAFETY","true","SOURCE_MAPPING_REQUIRED","NOT_ATTESTED","CANDIDATE_INTERPRETATION_REQUIRES_EXPERT_REVIEW","NOT_SUPPLIED"
"FSS-AGA-FORM-010","AGA 010.597","129","23","raw PDF page 23; AGA 010.597; Protocol question column","NAMCARs 139.07.3 | NAMCATS 139.07.3","Does the description of removal of disabled aircraft include contact details of the persons responsible for arranging the removal of the disabled aircraft and their roles?","sha256:e931ad0bbfd4e0b461fe2263f1adc047a1cca19ca5b8e2281c25da5c2fcc2018","all-forms-preview-010-0129","PROPOSED_SAFETY_CRITICAL","AERODROME_OPERATIONAL_SAFETY","true","SOURCE_MAPPING_REQUIRED","NOT_ATTESTED","CANDIDATE_INTERPRETATION_REQUIRES_EXPERT_REVIEW","NOT_SUPPLIED"
"FSS-AGA-FORM-010","AGA 010.598","130","23","raw PDF page 23; AGA 010.598; Protocol question column","NAMCARs 139.07.3 | NAMCATS 139.07.3","Does the description of removal of disabled aircraft include arrangements for obtaining approval of the Directorate of Accident investigation?","sha256:005a25cde3925b1887f28b92e6f923741887b5fee4fc98feb271f45c235fb730","all-forms-preview-010-0130","PROPOSED_SAFETY_CRITICAL","AERODROME_OPERATIONAL_SAFETY","true","SOURCE_MAPPING_REQUIRED","NOT_ATTESTED","CANDIDATE_INTERPRETATION_REQUIRES_EXPERT_REVIEW","NOT_SUPPLIED"
"FSS-AGA-FORM-010","AGA 010.600","131","23","raw PDF page 23; AGA 010.600; Protocol question column","NAMCARs 139.07.3 | NAMCATS 139.07.3","Does the aerodrome manual contain a description of the environment management programme?","sha256:4ff90585101d10ef596cf56d5339fbfc5421456f18e0f45598507d4b8724dd51","all-forms-preview-010-0131","PROPOSED_HIGH_OPERATIONAL","OPERATIONAL_ASSURANCE","false","SOURCE_MAPPING_REQUIRED","NOT_ATTESTED","CANDIDATE_INTERPRETATION_REQUIRES_EXPERT_REVIEW","NOT_SUPPLIED"
"FSS-AGA-FORM-010","AGA 010.602","132","23","raw PDF page 23; AGA 010.602; Protocol question column","NAMCARs 139.07.3 | NAMCATS 139.07.3","Does the description of environment management programme include the bird and wildlife assessment Yes No Check the information on the bird and wildlife assessment and determination whether there is a Satisfactory Not satisfactory Regulatory ref. Protocol question Reply Guidance for review of protocol question Status of implementation Evidence/ Notes/Co mments Yes/Sat: Yes/Not Sat: No/Not Sat: N/A: FSS–AGA–FORM 010 31 March 2023 24 of 34 conducted by the aerodrome operator?","sha256:c82c976603f6195839369a6539039604dc18d533f44cf3f235d53f103b8b1601","all-forms-preview-010-0132","PROPOSED_SAFETY_CRITICAL","AERODROME_OPERATIONAL_SAFETY","true","SOURCE_MAPPING_REQUIRED","NOT_ATTESTED","CANDIDATE_INTERPRETATION_REQUIRES_EXPERT_REVIEW","NOT_SUPPLIED"
"FSS-AGA-FORM-010","AGA 010.604","133","24","raw PDF page 24; AGA 010.604; Protocol question column","NAMCARs 139.07.3 | NAMCATS 139.07.3 | NAMCATS 139.0","Does the description of environment management programme include the bird and wildlife control programme?","sha256:7474e2c0b7fb3199fa0e7d8a13d5c154884f859921351a6100fb2eb580614696","all-forms-preview-010-0133","PROPOSED_SAFETY_CRITICAL","AERODROME_OPERATIONAL_SAFETY","true","SOURCE_MAPPING_REQUIRED","NOT_ATTESTED","CANDIDATE_INTERPRETATION_REQUIRES_EXPERT_REVIEW","NOT_SUPPLIED"
"FSS-AGA-FORM-010","AGA 010.606","134","24","raw PDF page 24; AGA 010.606; Protocol question column","NAMCARs 139.07.3 | NAMCATS 139.07.3","Does the description of environment management programme include the land development(s) in the vicinity of the (name of aerodrome) that may attract birds and wildlife?","sha256:ecc8d8414400166c47d4642f993b68dc0e7eef27c0362aadbdcc1cb2fea1883f","all-forms-preview-010-0134","PROPOSED_SAFETY_CRITICAL","AERODROME_OPERATIONAL_SAFETY","true","SOURCE_MAPPING_REQUIRED","NOT_ATTESTED","CANDIDATE_INTERPRETATION_REQUIRES_EXPERT_REVIEW","NOT_SUPPLIED"
"FSS-AGA-FORM-010","AGA 010.608","135","24","raw PDF page 24; AGA 010.608; Protocol question column","NAMCARs 139.07.3 | NAMCATS 139.07.3","Does the description of environment management programme include the names and contact details of the persons responsible for bird and wildlife control?","sha256:34e3bb874da0d8fcff153effa38ef22bfe9be8f408da05d74023f724a652e9ed","all-forms-preview-010-0135","PROPOSED_SAFETY_CRITICAL","AERODROME_OPERATIONAL_SAFETY","true","SOURCE_MAPPING_REQUIRED","NOT_ATTESTED","CANDIDATE_INTERPRETATION_REQUIRES_EXPERT_REVIEW","NOT_SUPPLIED"
"FSS-AGA-FORM-010","AGA 010.612","136","24","raw PDF page 24; AGA 010.612; Protocol question column","NAMCARs 139.07.3 | NAMCATS 139.07.3","Does the aerodrome manual contain a description of the arrangements for low visibility aerodrome?","sha256:4c6cbfd4b349912d0d4f6265a4975cc0e200e689f2b73f0f25e318cc093ff24c","all-forms-preview-010-0136","PROPOSED_HIGH_OPERATIONAL","OPERATIONAL_ASSURANCE","false","SOURCE_MAPPING_REQUIRED","NOT_ATTESTED","CANDIDATE_INTERPRETATION_REQUIRES_EXPERT_REVIEW","NOT_SUPPLIED"
"FSS-AGA-FORM-010","AGA 010.614","137","24","raw PDF page 24; AGA 010.614; Protocol question column","NAMCARs 139.07.3 | NAMCATS 139.07.3","Does the description of low visibility procedure clearly specify the measurement and reporting of Runway Visual range?","sha256:b81274143ff24b8e9cd244521f0a83d5b65ae05d36b13bb82d2f09eb45ef6f8c","all-forms-preview-010-0137","PROPOSED_SAFETY_CRITICAL","AERODROME_OPERATIONAL_SAFETY","true","SOURCE_MAPPING_REQUIRED","NOT_ATTESTED","CANDIDATE_INTERPRETATION_REQUIRES_EXPERT_REVIEW","NOT_SUPPLIED"
"FSS-AGA-FORM-010","AGA 010.616","138","24","raw PDF page 24; AGA 010.616; Protocol question column","NAMCARs 139.07.3 | NAMCATS 139.07.3","Does the description of low visibility procedure clearly identify measures to be introduced during low visibility aerodrome?","sha256:5266047a4832b1aa4c279bd5a85970b99d61596d9dc59a89e2b3461ccb8fc743","all-forms-preview-010-0138","PROPOSED_HIGH_OPERATIONAL","OPERATIONAL_ASSURANCE","false","SOURCE_MAPPING_REQUIRED","NOT_ATTESTED","CANDIDATE_INTERPRETATION_REQUIRES_EXPERT_REVIEW","NOT_SUPPLIED"
"FSS-AGA-FORM-010","AGA 010.618","139","25","raw PDF page 25; AGA 010.618; Protocol question column","NAMCARs 139.07.3 | NAMCATS 139.07.3 | NAMCARs 139.08.7 | NAMCATS 139.08.7","Does the aerodrome manual contain a description of the runway safety programme for the prevention of runway incursions?","sha256:5f43ae87376e08ca2172f1f38039e05f9167488e65073bccc17be13b9daecbce","all-forms-preview-010-0139","PROPOSED_SAFETY_CRITICAL","AERODROME_OPERATIONAL_SAFETY","true","SOURCE_MAPPING_REQUIRED","NOT_ATTESTED","CANDIDATE_INTERPRETATION_REQUIRES_EXPERT_REVIEW","NOT_SUPPLIED"
"FSS-AGA-FORM-010","AGA 010.620","140","25","raw PDF page 25; AGA 010.620; Protocol question column","NAMCARs 139.08.7 | NAMCATS 139.08.7","Does the aerodrome manual contain a description of the a runway safety team (RST) to oversee the implementation of the runway safety programme?","sha256:8c74fbd35130292649443120ecde2621209b8fbe6e7bd547da4a1714906ffc74","all-forms-preview-010-0140","PROPOSED_SAFETY_CRITICAL","AERODROME_OPERATIONAL_SAFETY","true","SOURCE_MAPPING_REQUIRED","NOT_ATTESTED","CANDIDATE_INTERPRETATION_REQUIRES_EXPERT_REVIEW","NOT_SUPPLIED"
"FSS-AGA-FORM-010","AGA 010.640","141","25","raw PDF page 25; AGA 010.640; Protocol question column","NAMCARs 139.08.7 | NAMCATS 139.08.7 | NAMCARs 139.07.3 | NAMCATS 139.07.3","Does the aerodrome manual contain information on the administration of the aerodrome?","sha256:d7e40915f88caf28519beed3d5dc3ebab71913c27662b7a79147b7f6d88da7cb","all-forms-preview-010-0141","PROPOSED_HIGH_OPERATIONAL","OPERATIONAL_ASSURANCE","false","SOURCE_MAPPING_REQUIRED","NOT_ATTESTED","CANDIDATE_INTERPRETATION_REQUIRES_EXPERT_REVIEW","NOT_SUPPLIED"
"FSS-AGA-FORM-010","AGA 010.644","142","25","raw PDF page 25; AGA 010.644; Protocol question column","NAMCARs 139.08.7 | NAMCATS 139.08.7 | NAMCARs 139.07.3 | NAMCATS 139.07.3","Does the description of the administration include a senior person identified as Yes No Title and name of the current senior Satisfactory Not satisfactory Regulatory ref. Protocol question Reply Guidance for review of protocol question Status of implementation Evidence/ Notes/Co mments Yes/Sat: Yes/Not Sat: No/Not Sat: N/A: FSS–AGA–FORM 010 31 March 2023 26 of 34 139.07.3 the senior accountable manager?","sha256:2c667786198d708268575602c2fb6f5a252839458aea08e8442001be1c38bcb2","all-forms-preview-010-0142","PROPOSED_HIGH_OPERATIONAL","OPERATIONAL_ASSURANCE","false","SOURCE_MAPPING_REQUIRED","NOT_ATTESTED","CANDIDATE_INTERPRETATION_REQUIRES_EXPERT_REVIEW","NOT_SUPPLIED"
"FSS-AGA-FORM-010","AGA 010.648","143","26","raw PDF page 26; AGA 010.648; Protocol question column","NAMCARs 139.07.3 | NAMCATS 139.07.3","Is the person identified as the senior accountable manager the one who signed the statatement of compliance included in the manual?","sha256:bc6342e7bef1eab33168006cebbb8971d2a5aa24fe9881c6ed5961315529c286","all-forms-preview-010-0143","PROPOSED_HIGH_OPERATIONAL","OPERATIONAL_ASSURANCE","false","SOURCE_MAPPING_REQUIRED","NOT_ATTESTED","CANDIDATE_INTERPRETATION_REQUIRES_EXPERT_REVIEW","NOT_SUPPLIED"
"FSS-AGA-FORM-010","AGA 010.650","144","26","raw PDF page 26; AGA 010.650; Protocol question column","NAMCARs 139.07.3 | NAMCATS 139.07.3","Does the description of the administration include a competent person who is responsible for the internal quality assurance?","sha256:9ea817c8640c4c67e9c0f2e0d20e1be3fc7ee50b24e7807297fbb43f62f43467","all-forms-preview-010-0144","PROPOSED_HIGH_OPERATIONAL","OPERATIONAL_ASSURANCE","false","SOURCE_MAPPING_REQUIRED","NOT_ATTESTED","CANDIDATE_INTERPRETATION_REQUIRES_EXPERT_REVIEW","NOT_SUPPLIED"
"FSS-AGA-FORM-010","AGA 010.654","145","26","raw PDF page 26; AGA 010.654; Protocol question column","NAMCARs 139.07.3 | NAMCATS 139.07.3","Does the description of the administration include a person responsible for the management of the aerodrome?","sha256:5fff927be38f9fc7bd4c68c434bb5c857e84068ae8e9846eec039fd97b793d53","all-forms-preview-010-0145","PROPOSED_HIGH_OPERATIONAL","OPERATIONAL_ASSURANCE","false","SOURCE_MAPPING_REQUIRED","NOT_ATTESTED","CANDIDATE_INTERPRETATION_REQUIRES_EXPERT_REVIEW","NOT_SUPPLIED"
"FSS-AGA-FORM-010","AGA 010.658","146","26","raw PDF page 26; AGA 010.658; Protocol question column","NAMCARs 139.07.3 | NAMCATS 139.07.3","Has the applicant established the number of personnel required for the operation and maintenance of the aerodrome, its services and facilities according to the requirements of NAMCARs 139?","sha256:a8559ed33a7c922fe8af2ea6e8fc4297d36d5837eac09e1ead02dd8c6602ad52","all-forms-preview-010-0146","PROPOSED_HIGH_OPERATIONAL","OPERATIONAL_ASSURANCE","false","SOURCE_MAPPING_REQUIRED","NOT_ATTESTED","CANDIDATE_INTERPRETATION_REQUIRES_EXPERT_REVIEW","NOT_SUPPLIED"
"FSS-AGA-FORM-010","AGA 010.660","147","26","raw PDF page 26; AGA 010.660; Protocol question column","NAMCARs 139.07.3 | NAMCATS 139.07.3","Do all the operation and maintenance of the aerodrome personnel report to the aerodrome manager?","sha256:4c78bc6ac1b384584a827e6bed35c2279fb7d4ecbfb143a10230fa177197bcf9","all-forms-preview-010-0147","PROPOSED_HIGH_OPERATIONAL","OPERATIONAL_ASSURANCE","false","SOURCE_MAPPING_REQUIRED","NOT_ATTESTED","CANDIDATE_INTERPRETATION_REQUIRES_EXPERT_REVIEW","NOT_SUPPLIED"
"FSS-AGA-FORM-010","AGA 010.680","148","26","raw PDF page 26; AGA 010.680; Protocol question column","NAMCARs 139.07.3 | NAMCATS 139.07.3","Does the aerodrome manual contain information on the quality management system adopted by the applicant for the control and supervision of the operation and maintenance of the aerodrome?","sha256:58319326a546dc54631fca9663aef55429e9dc06a04ccb1902fb2e4c5483f3d8","all-forms-preview-010-0148","PROPOSED_HIGH_OPERATIONAL","OPERATIONAL_ASSURANCE","false","SOURCE_MAPPING_REQUIRED","NOT_ATTESTED","CANDIDATE_INTERPRETATION_REQUIRES_EXPERT_REVIEW","NOT_SUPPLIED"
"FSS-AGA-FORM-010","AGA 010.682","149","26","raw PDF page 26; AGA 010.682; Protocol question column","NAMCARs 139.07.3 | NAMCATS 139.07.3","Does the quality management system contain a Yes No Verify policy and objectives[WHAT] Cross-check with the requirements Satisfactory Not satisfactory Regulatory ref. Protocol question Reply Guidance for review of protocol question Status of implementation Evidence/ Notes/Co mments Yes/Sat: Yes/Not Sat: No/Not Sat: N/A: FSS–AGA–FORM 010 31 March 2023 27 of 34 description of its policies and objectives ?","sha256:d4cb4e1aabb449de7f917efb5ce8a7178c9e843b06e5113579601f0e0cb95673","all-forms-preview-010-0149","PROPOSED_HIGH_OPERATIONAL","OPERATIONAL_ASSURANCE","false","SOURCE_MAPPING_REQUIRED","NOT_ATTESTED","CANDIDATE_INTERPRETATION_REQUIRES_EXPERT_REVIEW","NOT_SUPPLIED"
"FSS-AGA-FORM-010","AGA 010.684","150","27","raw PDF page 27; AGA 010.684; Protocol question column","NAMCARs 139.07.3 | NAMCATS 139.07.3","Does the quality management system contain a statement of management commitment for its planning, implementation and monitoring ?","sha256:d7893dd154d067578145c9ffc0708babc0ced11bf2657adf606af77d048c4097","all-forms-preview-010-0150","PROPOSED_HIGH_OPERATIONAL","OPERATIONAL_ASSURANCE","false","SOURCE_MAPPING_REQUIRED","NOT_ATTESTED","CANDIDATE_INTERPRETATION_REQUIRES_EXPERT_REVIEW","NOT_SUPPLIED"
"FSS-AGA-FORM-010","AGA 010.686","151","27","raw PDF page 27; AGA 010.686; Protocol question column","NAMCARs 139.07.3 | NAMCATS 139.07.3","Does the quality management system identify accountabilities and responsibilities for its planning, implementation and monitoring ?","sha256:9aa6b206d5d7896b8800aca26e2d5a10d5f62fb1969009803d49cfa703ff7901","all-forms-preview-010-0151","PROPOSED_HIGH_OPERATIONAL","OPERATIONAL_ASSURANCE","false","SOURCE_MAPPING_REQUIRED","NOT_ATTESTED","CANDIDATE_INTERPRETATION_REQUIRES_EXPERT_REVIEW","NOT_SUPPLIED"
"FSS-AGA-FORM-010","AGA 010.688","152","27","raw PDF page 27; AGA 010.688; Protocol question column","NAMCARs 139.07.3 | NAMCATS 139.07.3","Does the quality management system identify structures for internal review and assessment of performance?","sha256:86281171238d71ebd45114e6130c8df69cd9c78ff78d04f64dd8eae038d7280c","all-forms-preview-010-0152","PROPOSED_HIGH_OPERATIONAL","OPERATIONAL_ASSURANCE","false","SOURCE_MAPPING_REQUIRED","NOT_ATTESTED","CANDIDATE_INTERPRETATION_REQUIRES_EXPERT_REVIEW","NOT_SUPPLIED"
"FSS-AGA-FORM-010","AGA 010.690","153","27","raw PDF page 27; AGA 010.690; Protocol question column","NAMCARs 139.07.3 | NAMCATS 139.07.3","Does the quality management system contain a list of the responsible persons?","sha256:73d8a08969971e3d16324c728c4c03945779426cfa13f48cee2ba560fe395dde","all-forms-preview-010-0153","PROPOSED_HIGH_OPERATIONAL","OPERATIONAL_ASSURANCE","false","SOURCE_MAPPING_REQUIRED","NOT_ATTESTED","CANDIDATE_INTERPRETATION_REQUIRES_EXPERT_REVIEW","NOT_SUPPLIED"
"FSS-AGA-FORM-010","AGA 010.692","154","27","raw PDF page 27; AGA 010.692; Protocol question column","NAMCARs 139.07.3 | NAMCATS 139.07.3","Does the quality management system contain a detailed presentation of the safety programme?","sha256:477cd547822e4660ddccfcb33f0b575cb388d98c7bf44c8390409389f796d38c","all-forms-preview-010-0154","PROPOSED_HIGH_OPERATIONAL","OPERATIONAL_ASSURANCE","false","SOURCE_MAPPING_REQUIRED","NOT_ATTESTED","CANDIDATE_INTERPRETATION_REQUIRES_EXPERT_REVIEW","NOT_SUPPLIED"
"FSS-AGA-FORM-010","AGA 010.694","155","27","raw PDF page 27; AGA 010.694; Protocol question column","NAMCARs 139.07.3 | NAMCATS 139.07.3","Does the quality management system contain a detailed presentation of the inspection programme?","sha256:46b9d046be85efd2519a1798278748694bd54faf45fc854801b0941bc4748667","all-forms-preview-010-0155","PROPOSED_HIGH_OPERATIONAL","OPERATIONAL_ASSURANCE","false","SOURCE_MAPPING_REQUIRED","NOT_ATTESTED","CANDIDATE_INTERPRETATION_REQUIRES_EXPERT_REVIEW","NOT_SUPPLIED"
"FSS-AGA-FORM-010","AGA 010.698","156","28","raw PDF page 28; AGA 010.698; Protocol question column","NAMCARs 139.07.3 | NAMCATS 139.07.3","Does the quality management system contain a detailed presentation of the reporting system?","sha256:e854290e18b9a8dc6c6b8b87690770efa5c60c99379dde143c83ff1f1550d2fe","all-forms-preview-010-0156","PROPOSED_HIGH_OPERATIONAL","OPERATIONAL_ASSURANCE","false","SOURCE_MAPPING_REQUIRED","NOT_ATTESTED","CANDIDATE_INTERPRETATION_REQUIRES_EXPERT_REVIEW","NOT_SUPPLIED"
"FSS-AGA-FORM-010","AGA 010.702","157","28","raw PDF page 28; AGA 010.702; Protocol question column","NAMCARs 139.07.3 | NAMCATS 139.07.3","Does the quality management system contain a determination of the level and quality of the system?","sha256:b19735e548bbb5657edb98e2af673eceea4af955637b7cc65b601f54500413a3","all-forms-preview-010-0157","PROPOSED_HIGH_OPERATIONAL","OPERATIONAL_ASSURANCE","false","SOURCE_MAPPING_REQUIRED","NOT_ATTESTED","CANDIDATE_INTERPRETATION_REQUIRES_EXPERT_REVIEW","NOT_SUPPLIED"
"FSS-AGA-FORM-010","AGA 010.704","158","28","raw PDF page 28; AGA 010.704; Protocol question column","NAMCARs 139.07.3 | NAMCATS 139.07.3","Does the quality management system contain quality indicators?","sha256:a10d174103c6d840df147a754ab4e115cccd84cf6f056a49c1f8e71c1d1a1c91","all-forms-preview-010-0158","PROPOSED_HIGH_OPERATIONAL","OPERATIONAL_ASSURANCE","false","SOURCE_MAPPING_REQUIRED","NOT_ATTESTED","CANDIDATE_INTERPRETATION_REQUIRES_EXPERT_REVIEW","NOT_SUPPLIED"
"FSS-AGA-FORM-010","AGA 010.706","159","28","raw PDF page 28; AGA 010.706; Protocol question column","NAMCARs 139.07.3 | NAMCATS 139.07.3","Does the quality management system contain quality targets ?","sha256:4a6b4fd7b2b5b67c34015fa5ba5145c7e0a106e7b1834ce4afb45df25e130fc7","all-forms-preview-010-0159","PROPOSED_HIGH_OPERATIONAL","OPERATIONAL_ASSURANCE","false","SOURCE_MAPPING_REQUIRED","NOT_ATTESTED","CANDIDATE_INTERPRETATION_REQUIRES_EXPERT_REVIEW","NOT_SUPPLIED"
"FSS-AGA-FORM-010","AGA 010.708","160","28","raw PDF page 28; AGA 010.708; Protocol question column","NAMCARs 139.07.3 | NAMCATS 139.07.3","Does the quality management system contain means of determining acceptability of aerodrome ?","sha256:ae57b2a1c54733144ed641153247cb79c25399157166e4aafec31cca18cada7e","all-forms-preview-010-0160","PROPOSED_HIGH_OPERATIONAL","OPERATIONAL_ASSURANCE","false","SOURCE_MAPPING_REQUIRED","NOT_ATTESTED","CANDIDATE_INTERPRETATION_REQUIRES_EXPERT_REVIEW","NOT_SUPPLIED"
"FSS-AGA-FORM-010","AGA 010.710","161","28","raw PDF page 28; AGA 010.710; Protocol question column","NAMCARs 139.07.3 | NAMCATS 139.07.3 | NAMCATS 139.07","Does the quality management system contain procedures for reporting deficiencies ?","sha256:ce0fd734fe5ee382df24d61a15143f25fd692b1bbcaf95dc33741427c0fba013","all-forms-preview-010-0161","PROPOSED_HIGH_OPERATIONAL","OPERATIONAL_ASSURANCE","false","SOURCE_MAPPING_REQUIRED","NOT_ATTESTED","CANDIDATE_INTERPRETATION_REQUIRES_EXPERT_REVIEW","NOT_SUPPLIED"
"FSS-AGA-FORM-010","AGA 010.712","162","28","raw PDF page 28; AGA 010.712; Protocol question column","NAMCARs 139.07.3 | NAMCATS 139.07.3","Does the quality management system contain procedures for addressing deficiencies identified?","sha256:f3aa2a11972ce1106b13fe2e9f71be67de603c7b5e4fb5305e1c5820b7122c90","all-forms-preview-010-0162","PROPOSED_HIGH_OPERATIONAL","OPERATIONAL_ASSURANCE","false","SOURCE_MAPPING_REQUIRED","NOT_ATTESTED","CANDIDATE_INTERPRETATION_REQUIRES_EXPERT_REVIEW","NOT_SUPPLIED"
"FSS-AGA-FORM-010","AGA 010.714","163","29","raw PDF page 29; AGA 010.714; Protocol question column","NAMCARs 139.07.3 | NAMCATS 139.07.3 | NAMCATS 139.08.4","Does the quality management system contain procedures for management analysis and review?","sha256:bd61d887113aa3819f84b2dec717483da496625be3cab99c88a6c6f2cace9aca","all-forms-preview-010-0163","PROPOSED_HIGH_OPERATIONAL","OPERATIONAL_ASSURANCE","false","SOURCE_MAPPING_REQUIRED","NOT_ATTESTED","CANDIDATE_INTERPRETATION_REQUIRES_EXPERT_REVIEW","NOT_SUPPLIED"
"FSS-AGA-FORM-010","AGA 010.716","164","29","raw PDF page 29; AGA 010.716; Protocol question column","NAMCARs 139.07.3 | NAMCATS 139.08.4 | NAMCATS 139.07.3","Does the quality management system contain training and education programme to ensure that the personnel is aware of the system?","sha256:974b9196ebd1f7aa0967068b85a5caf6a9ed5ef87fd9ea5bf952283908fa433e","all-forms-preview-010-0164","PROPOSED_HIGH_OPERATIONAL","OPERATIONAL_ASSURANCE","false","SOURCE_MAPPING_REQUIRED","NOT_ATTESTED","CANDIDATE_INTERPRETATION_REQUIRES_EXPERT_REVIEW","NOT_SUPPLIED"
"FSS-AGA-FORM-010","AGA 010.718","165","29","raw PDF page 29; AGA 010.718; Protocol question column","NAMCARs 139.07.3 | NAMCATS 139.07.3","Does the quality management system contain communication activities to ensure that the stakeholders are aware of the system?","sha256:dc4e4c16aa4adebba39cbdf391274a9da5626702495af60f710cd6648a3feae7","all-forms-preview-010-0165","PROPOSED_HIGH_OPERATIONAL","OPERATIONAL_ASSURANCE","false","SOURCE_MAPPING_REQUIRED","NOT_ATTESTED","CANDIDATE_INTERPRETATION_REQUIRES_EXPERT_REVIEW","NOT_SUPPLIED"
"FSS-AGA-FORM-010","AGA 010.740","166","29","raw PDF page 29; AGA 010.740; Protocol question column","NAMCARs 139.07.3 | NAMCATS 139.07.3","Does the aerodrome manaul contain a safety management system to ensure compliance with all safety requirements and achieve continuous improvement in safety performances?","sha256:229db5617ab9a963dada82c6596f9a9e6f595bf556feb597d1b80614fd62eb5f","all-forms-preview-010-0166","PROPOSED_SAFETY_CRITICAL","AERODROME_OPERATIONAL_SAFETY","true","SOURCE_MAPPING_REQUIRED","NOT_ATTESTED","CANDIDATE_INTERPRETATION_REQUIRES_EXPERT_REVIEW","NOT_SUPPLIED"
"FSS-AGA-FORM-010","AGA 010.742","167","29","raw PDF page 29; AGA 010.742; Protocol question column","NAMCARs 139.07.3 | NAMCATS 139.07.3","Does the safety management system contain a description of its safety policies and safety management process?","sha256:9dab33f588ff104bf9a75d26ce1c0d46221102954218857fbf852bf4b6b60eff","all-forms-preview-010-0167","PROPOSED_SAFETY_CRITICAL","AERODROME_OPERATIONAL_SAFETY","true","SOURCE_MAPPING_REQUIRED","NOT_ATTESTED","CANDIDATE_INTERPRETATION_REQUIRES_EXPERT_REVIEW","NOT_SUPPLIED"
"FSS-AGA-FORM-010","AGA 010.744","168","29","raw PDF page 29; AGA 010.744; Protocol question column","NAMCARs 139.07.3 | NAMCATS 139.07.3","Does the safety management system contain the Yes No Verify the existence of an organizational chart supporting the Satisfactory Not satisfactory Regulatory ref. Protocol question Reply Guidance for review of protocol question Status of implementation Evidence/ Notes/Co mments Yes/Sat: Yes/Not Sat: No/Not Sat: N/A: FSS–AGA–FORM 010 31 March 2023 30 of 34 139.07.3 aerodrome operator’s SMS structure and responsibility?","sha256:feca68137b11bd88cc8788079369772c6257763130d93a20aee86bb104dc9a5b","all-forms-preview-010-0168","PROPOSED_SAFETY_CRITICAL","AERODROME_OPERATIONAL_SAFETY","true","SOURCE_MAPPING_REQUIRED","NOT_ATTESTED","CANDIDATE_INTERPRETATION_REQUIRES_EXPERT_REVIEW","NOT_SUPPLIED"
"FSS-AGA-FORM-010","AGA 010.746","169","30","raw PDF page 30; AGA 010.746; Protocol question column","NAMCARs 139.07.3 | NAMCATS 139.07.3","Does the safety management system include arrangement procedures for staff training and competency?","sha256:6f3ec59d3497142f760c1d4f65c918b4423e9f74e30ed2924d263f84f1d7512d","all-forms-preview-010-0169","PROPOSED_SAFETY_CRITICAL","AERODROME_OPERATIONAL_SAFETY","true","SOURCE_MAPPING_REQUIRED","NOT_ATTESTED","CANDIDATE_INTERPRETATION_REQUIRES_EXPERT_REVIEW","NOT_SUPPLIED"
"FSS-AGA-FORM-010","AGA 010.750","170","30","raw PDF page 30; AGA 010.750; Protocol question column","NAMCARs 139.07.3 | NAMCATS 139.07.3","Does the safety management system include a system Yes No Verify existence of a system for complying with Satisfactory Not satisfactory Regulatory ref. Protocol question Reply Guidance for review of protocol question Status of implementation Evidence/ Notes/Co mments Yes/Sat: Yes/Not Sat: No/Not Sat: N/A: FSS–AGA–FORM 010 31 March 2023 31 of 34 139.07.3 for complying with regulatory requirements relating to accidents, incidents and mandatory occurrence reporting?","sha256:67da146c16c334515d0f1e3f68db0b0144da1d0ccd60fa8eb70f1f6f80a6eb2c","all-forms-preview-010-0170","PROPOSED_SAFETY_CRITICAL","AERODROME_OPERATIONAL_SAFETY","true","SOURCE_MAPPING_REQUIRED","NOT_ATTESTED","CANDIDATE_INTERPRETATION_REQUIRES_EXPERT_REVIEW","NOT_SUPPLIED"
"FSS-AGA-FORM-010","AGA 010.752","171","31","raw PDF page 31; AGA 010.752; Protocol question column","NAMCARs 139.07.3 | NAMCATS 139.07.3","Does the safety management system include a system for hazard analysis and risk assessment?","sha256:dd0a04c9b277741d11481bf6ad65bea3212ffb56c077435328b91663306c0ff2","all-forms-preview-010-0171","PROPOSED_SAFETY_CRITICAL","AERODROME_OPERATIONAL_SAFETY","true","SOURCE_MAPPING_REQUIRED","NOT_ATTESTED","CANDIDATE_INTERPRETATION_REQUIRES_EXPERT_REVIEW","NOT_SUPPLIED"
"FSS-AGA-FORM-010","AGA 010.754","172","31","raw PDF page 31; AGA 010.754; Protocol question column","NAMCARs 139.07.3 | NAMCATS 139.07.3","Does the safety management system include a system for the management of change?","sha256:ce937e83bac60eea868940f8501e04472e6d605c6729688d6898d9e077e4c3fd","all-forms-preview-010-0172","PROPOSED_SAFETY_CRITICAL","AERODROME_OPERATIONAL_SAFETY","true","SOURCE_MAPPING_REQUIRED","NOT_ATTESTED","CANDIDATE_INTERPRETATION_REQUIRES_EXPERT_REVIEW","NOT_SUPPLIED"
"FSS-AGA-FORM-010","AGA 010.756","173","31","raw PDF page 31; AGA 010.756; Protocol question column","NAMCARs 139.07.3 | NAMCATS 139.07.3","Does the safety management system include a safety management criteria/strategy?","sha256:f56a21ef530b8962c279be376bd83476230ea29176c18deda20a3607c2d948d6","all-forms-preview-010-0173","PROPOSED_SAFETY_CRITICAL","AERODROME_OPERATIONAL_SAFETY","true","SOURCE_MAPPING_REQUIRED","NOT_ATTESTED","CANDIDATE_INTERPRETATION_REQUIRES_EXPERT_REVIEW","NOT_SUPPLIED"
"FSS-AGA-FORM-010","AGA 010.758","174","31","raw PDF page 31; AGA 010.758; Protocol question column","NAMCARs 139.07.3 | NAMCATS 139.07.3","Does the safety management system include a system for internal safety audits and reviews detailing the systems and programmes for quality control of safety?","sha256:6878cbc3059ee8ce97375fde083fbb8380179a21614d3a9d958b83dbf39cc846","all-forms-preview-010-0174","PROPOSED_SAFETY_CRITICAL","AERODROME_OPERATIONAL_SAFETY","true","SOURCE_MAPPING_REQUIRED","NOT_ATTESTED","CANDIDATE_INTERPRETATION_REQUIRES_EXPERT_REVIEW","NOT_SUPPLIED"
"FSS-AGA-FORM-010","AGA 010.760","175","31","raw PDF page 31; AGA 010.760; Protocol question column","NAMCARs 139.07.3 | NAMCATS 139.07.3","Does the safety management system include a system for documenting all safety- related aerodrome facilities and which provides for easy retrieval of records?","sha256:f603af804864d736c4e7184d2119d05e53142fa53a2c56d3ee71f117aeb0f83f","all-forms-preview-010-0175","PROPOSED_SAFETY_CRITICAL","AERODROME_OPERATIONAL_SAFETY","true","SOURCE_MAPPING_REQUIRED","NOT_ATTESTED","CANDIDATE_INTERPRETATION_REQUIRES_EXPERT_REVIEW","NOT_SUPPLIED"
"FSS-AGA-FORM-010","AGA 010.762","176","32","raw PDF page 32; AGA 010.762; Protocol question column","NAMCARs 139.07.3 | NAMCATS 139.07.3","Does the safety management system include safety- related commitees?","sha256:c28254bef590b3c33ebe5036c9c1b63e2608196781ae17f0abc601c37ad6196a","all-forms-preview-010-0176","PROPOSED_SAFETY_CRITICAL","AERODROME_OPERATIONAL_SAFETY","true","SOURCE_MAPPING_REQUIRED","NOT_ATTESTED","CANDIDATE_INTERPRETATION_REQUIRES_EXPERT_REVIEW","NOT_SUPPLIED"
"FSS-AGA-FORM-010","AGA 010.764","177","32","raw PDF page 32; AGA 010.764; Protocol question column","NAMCARs 139.07.3 | NAMCATS 139.07.3","Does the safety management system include safety assurance measures?","sha256:5b90a323c77a88c78251a4aca9b8d430765e1a80e5d39e6fe9fb86ebac7f03d4","all-forms-preview-010-0177","PROPOSED_SAFETY_CRITICAL","AERODROME_OPERATIONAL_SAFETY","true","SOURCE_MAPPING_REQUIRED","NOT_ATTESTED","CANDIDATE_INTERPRETATION_REQUIRES_EXPERT_REVIEW","NOT_SUPPLIED"
"FSS-AGA-FORM-010","AGA 010.766","178","32","raw PDF page 32; AGA 010.766; Protocol question column","NAMCARs 139.07.3 | NAMCATS 139.07.3","Does the safety management system include provisions for the responsibility for monitoring contractors and third parties operating on the aerodrome including incorporation and enforcement of safety-related clauses in the contracts for construction work at the aerodrome?","sha256:0cd5548d9cb03a61131f209ab55a3578c1cc30833dda285d22d0912c3ce50f80","all-forms-preview-010-0178","PROPOSED_SAFETY_CRITICAL","AERODROME_OPERATIONAL_SAFETY","true","SOURCE_MAPPING_REQUIRED","NOT_ATTESTED","CANDIDATE_INTERPRETATION_REQUIRES_EXPERT_REVIEW","NOT_SUPPLIED"
"FSS-AGA-FORM-010","AGA 010.768","179","33","raw PDF page 33; AGA 010.768; Protocol question column","NAMCARs 139.07.3 | NAMCATS 139.07.3","Does the safety management system include a sytem for safety promotion?","sha256:b488113ea6ebfbd07ce05ddd13f3bf1a9571a3f04ff482305cd12099fd539e40","all-forms-preview-010-0179","PROPOSED_SAFETY_CRITICAL","AERODROME_OPERATIONAL_SAFETY","true","SOURCE_MAPPING_REQUIRED","NOT_ATTESTED","CANDIDATE_INTERPRETATION_REQUIRES_EXPERT_REVIEW","NOT_SUPPLIED"
"FSS-AGA-FORM-011","AGA 011.101","1","1","raw PDF page 1; AGA 011.101; Protocol question column","NAMCARs 139.09.2","Has the applicant established adequate methods of collecting, processing, and protecting the aerodrome data?","sha256:0293f796f126fce281ee4d7db9b3f8b94f833c164ef16ebbe6a1f84e6e73f3f8","all-forms-preview-011-0001","PROPOSED_HIGH_OPERATIONAL","OPERATIONAL_ASSURANCE","false","SOURCE_MAPPING_REQUIRED","NOT_ATTESTED","CANDIDATE_INTERPRETATION_REQUIRES_EXPERT_REVIEW","NOT_SUPPLIED"
"FSS-AGA-FORM-011","AGA 011.103","2","1","raw PDF page 1; AGA 011.103; Protocol question column","NAMCARs 139.09.2","Does the engineering survey and/or assessment reports contain receipt note signed on behalf of the applicant indicating the date of receipt of the survey/assessment and listing the distribution of copies of the report?","sha256:a6416ddabb2e4452f8ee56690e45fa25d7d6e9c1474127c6d972c8f396b58a3d","all-forms-preview-011-0002","PROPOSED_HIGH_OPERATIONAL","OPERATIONAL_ASSURANCE","false","SOURCE_MAPPING_REQUIRED","NOT_ATTESTED","CANDIDATE_INTERPRETATION_REQUIRES_EXPERT_REVIEW","NOT_SUPPLIED"
"FSS-AGA-FORM-011","AGA 011.105","3","1","raw PDF page 1; AGA 011.105; Protocol question column","NAMCARs 139.09.2","Does the engineering survey and/or assessment reports contain historical information related to the dates and general Yes No Check engineering survey and assessment reports Verify availability of historic data Satisfactory Not satisfactory Name of Applicant: Yes/ Satisfactory Aerodrome: Yes/ Not Satisfactory Date of initial review: No/ Not Satisfactory Names and titles of inspectors/designated officers: Not Applicable Total Protocol Questions Regulatory ref. Protocol question Reply Guidance for review of protocol question Status of implementation Evidence/No tes/Commen ts Yes/Sat: Yes/Not Sat: No/Not Sat: N/A: FSS–AGA–FORM 011 30 April 2024 2 of 30 purpose of the survey/assessment, names of surveyor and survey organization?","sha256:3539d2a026d97cc1c78a8efe4d4c0f753c03a2c17dd3601834abcbe281457631","all-forms-preview-011-0003","PROPOSED_HIGH_OPERATIONAL","OPERATIONAL_ASSURANCE","false","SOURCE_MAPPING_REQUIRED","NOT_ATTESTED","CANDIDATE_INTERPRETATION_REQUIRES_EXPERT_REVIEW","NOT_SUPPLIED"
"FSS-AGA-FORM-011","AGA 011.107","4","2","raw PDF page 2; AGA 011.107; Protocol question column","NAMCARs 139.09.2 | NAMCARs 139.09","Does the engineering survey and/or assessment reports contain a description of the method of survey/assessment?","sha256:1391d99382ebc9bf97bedf526f4b8d52a13ca6672c29f540c22e547381629d91","all-forms-preview-011-0004","PROPOSED_HIGH_OPERATIONAL","OPERATIONAL_ASSURANCE","false","SOURCE_MAPPING_REQUIRED","NOT_ATTESTED","CANDIDATE_INTERPRETATION_REQUIRES_EXPERT_REVIEW","NOT_SUPPLIED"
"FSS-AGA-FORM-011","AGA 011.109","5","2","raw PDF page 2; AGA 011.109; Protocol question column","NAMCARs 139.09.2","Does the engineering survey and/or assessment reports contain details of the observations made, cross- referenced to the control survey/assessment?","sha256:53ab7783498cdadd0fcebd35516e13b6a0115829fc763b58ac186cec600450d5","all-forms-preview-011-0005","PROPOSED_HIGH_OPERATIONAL","OPERATIONAL_ASSURANCE","false","SOURCE_MAPPING_REQUIRED","NOT_ATTESTED","CANDIDATE_INTERPRETATION_REQUIRES_EXPERT_REVIEW","NOT_SUPPLIED"
"FSS-AGA-FORM-011","AGA 011.111","6","2","raw PDF page 2; AGA 011.111; Protocol question column","NAMCARs 139.09.2","Does the engineering survey reports contain survey plan and cross-referenced witness diagrams for the navigation aids?","sha256:8714d9893ab1b7386e455d08521b863becb02b024db01b35f8010f53dab55877","all-forms-preview-011-0006","PROPOSED_HIGH_OPERATIONAL","OPERATIONAL_ASSURANCE","false","SOURCE_MAPPING_REQUIRED","NOT_ATTESTED","CANDIDATE_INTERPRETATION_REQUIRES_EXPERT_REVIEW","NOT_SUPPLIED"
"FSS-AGA-FORM-011","AGA 011.113","7","2","raw PDF page 2; AGA 011.113; Protocol question column","NAMCARs 139.09.2","Does the engineering survey reports contain a schedule of points surveyed showing coordinates and date of survey, including diagrams as required?","sha256:90c7edc88238c2e9fc4c1544ea122751e615a15ad58570a402115607925d3d4d","all-forms-preview-011-0007","PROPOSED_HIGH_OPERATIONAL","OPERATIONAL_ASSURANCE","false","SOURCE_MAPPING_REQUIRED","NOT_ATTESTED","CANDIDATE_INTERPRETATION_REQUIRES_EXPERT_REVIEW","NOT_SUPPLIED"
"FSS-AGA-FORM-011","AGA 011.115","8","2","raw PDF page 2; AGA 011.115; Protocol question column","NAMCARs 139.09.2","Are the geographical coordinates expressed in the WGS-84 reference system?","sha256:f3bbbdc50dc723ea21af266ef8908c60585cf3ac413390b5d10335410271c58c","all-forms-preview-011-0008","PROPOSED_HIGH_OPERATIONAL","OPERATIONAL_ASSURANCE","false","SOURCE_MAPPING_REQUIRED","NOT_ATTESTED","CANDIDATE_INTERPRETATION_REQUIRES_EXPERT_REVIEW","NOT_SUPPLIED"
"FSS-AGA-FORM-011","AGA 011.117","9","2","raw PDF page 2; AGA 011.117; Protocol question column","NAMCARs 139.09.2","Does the engineering survey reports contain a quality control report indicating equipment calibration Yes No Check engineering survey reports Verify quality control report Cross-check demonstrable Satisfactory Not satisfactory Regulatory ref. Protocol question Reply Guidance for review of protocol question Status of implementation Evidence/No tes/Commen ts Yes/Sat: Yes/Not Sat: No/Not Sat: N/A: FSS–AGA–FORM 011 30 April 2024 3 of 30 information and the method of checking of the survey?","sha256:614cbc3c5ccef5750664daf0650e39e48b26b846ca92fc6fa655960bcb6215db","all-forms-preview-011-0009","PROPOSED_HIGH_OPERATIONAL","OPERATIONAL_ASSURANCE","false","SOURCE_MAPPING_REQUIRED","NOT_ATTESTED","CANDIDATE_INTERPRETATION_REQUIRES_EXPERT_REVIEW","NOT_SUPPLIED"
"FSS-AGA-FORM-011","AGA 011.119","10","3","raw PDF page 3; AGA 011.119; Protocol question column","NAMCARs 139.09.2","Does the engineering survey reports contain a procedure for data error reporting, feedback, and rectification mechanisms?","sha256:5196075fc93e26341a2f7ec69a0c3ea974a9700fd2083e3b5cefc5fae498963b","all-forms-preview-011-0010","PROPOSED_HIGH_OPERATIONAL","OPERATIONAL_ASSURANCE","false","SOURCE_MAPPING_REQUIRED","NOT_ATTESTED","CANDIDATE_INTERPRETATION_REQUIRES_EXPERT_REVIEW","NOT_SUPPLIED"
"FSS-AGA-FORM-011","AGA 011.121","11","3","raw PDF page 3; AGA 011.121; Protocol question column","NAMCARs 139.09.2","Does the applicant have a procedure for the aeronautical data exchange?","sha256:1e8876af32734bbbf277518b6cb8dbf90a7c27cc2c8efc2695661b60133e6221","all-forms-preview-011-0011","PROPOSED_HIGH_OPERATIONAL","OPERATIONAL_ASSURANCE","false","SOURCE_MAPPING_REQUIRED","NOT_ATTESTED","CANDIDATE_INTERPRETATION_REQUIRES_EXPERT_REVIEW","NOT_SUPPLIED"
"FSS-AGA-FORM-011","AGA 011.201","12","3","raw PDF page 3; AGA 011.201; Protocol question column","NAMCARs 139.09.2 | NAMCARs 139.01","Is the name and the city/town in which the aerodrome is serving provided?","sha256:61e9df79a0c88d20065f00a93d509fd8e19f018306d059aa0f4268c370edab1b","all-forms-preview-011-0012","PROPOSED_HIGH_OPERATIONAL","OPERATIONAL_ASSURANCE","false","SOURCE_MAPPING_REQUIRED","NOT_ATTESTED","CANDIDATE_INTERPRETATION_REQUIRES_EXPERT_REVIEW","NOT_SUPPLIED"
"FSS-AGA-FORM-011","AGA 011.203","13","3","raw PDF page 3; AGA 011.203; Protocol question column","NAMCARs 139.09.2 | NAMCARs 139.01.6","Is the ICAO location indicators/designator of the aerodrome provided?","sha256:5c58a13c6383db8df1bff00495b1e0e2d881c51c5268cd17890a35bec3275cd5","all-forms-preview-011-0013","PROPOSED_HIGH_OPERATIONAL","OPERATIONAL_ASSURANCE","false","SOURCE_MAPPING_REQUIRED","NOT_ATTESTED","CANDIDATE_INTERPRETATION_REQUIRES_EXPERT_REVIEW","NOT_SUPPLIED"
"FSS-AGA-FORM-011","AGA 011.205","14","3","raw PDF page 3; AGA 011.205; Protocol question column","NAMCARs 139.01.6 | NAMCARs 139.09.2","Are the information on the name Yes No Cross-check contact details with Satisfactory Not satisfactory Regulatory ref. Protocol question Reply Guidance for review of protocol question Status of implementation Evidence/No tes/Commen ts Yes/Sat: Yes/Not Sat: No/Not Sat: N/A: FSS–AGA–FORM 011 30 April 2024 4 of 30 NAMCATS-AH 139.09.2 of the aerodrome operator and contact details provided current?","sha256:51d5bb65e6238cc54f86281d35c11e71e5b305f4055515e4aafa1fab70a8f960","all-forms-preview-011-0014","PROPOSED_HIGH_OPERATIONAL","OPERATIONAL_ASSURANCE","false","SOURCE_MAPPING_REQUIRED","NOT_ATTESTED","CANDIDATE_INTERPRETATION_REQUIRES_EXPERT_REVIEW","NOT_SUPPLIED"
"FSS-AGA-FORM-011","AGA 011.207","15","4","raw PDF page 4; AGA 011.207; Protocol question column","NAMCARs 139.09.2 | NAMCARs 139.09.6","Is the type of traffic permitted at the aerodrome provided?","sha256:985aa85194e3a62c6c1bce6f6615c99fc50b1e3de8b58c4e0df06834e9091151","all-forms-preview-011-0015","PROPOSED_HIGH_OPERATIONAL","OPERATIONAL_ASSURANCE","false","SOURCE_MAPPING_REQUIRED","NOT_ATTESTED","CANDIDATE_INTERPRETATION_REQUIRES_EXPERT_REVIEW","NOT_SUPPLIED"
"FSS-AGA-FORM-011","AGA 011.209","16","4","raw PDF page 4; AGA 011.209; Protocol question column","NAMCARs 139.09.2 | NAMCARs 139.09.6 | NAMCARs 139.18","Does the aerodrome have heliport facilities?","sha256:d43c2769c2f739e699b91c164aebbc08b8c36da4e93094e515e0f836c448e3d3","all-forms-preview-011-0016","PROPOSED_HIGH_OPERATIONAL","OPERATIONAL_ASSURANCE","false","SOURCE_MAPPING_REQUIRED","NOT_ATTESTED","CANDIDATE_INTERPRETATION_REQUIRES_EXPERT_REVIEW","NOT_SUPPLIED"
"FSS-AGA-FORM-011","AGA 011.211","17","4","raw PDF page 4; AGA 011.211; Protocol question column","NAMCARs 139.09.2 | NAMCARs 139.18 | NAMCARs 139.09.6 | NAMCARs 139.09.14 | NAMCARs 139.03","Is the aerodrome controlled?","sha256:2d0a5a0d4f86a685f046030e67b88227a9845378979e5fd566b43843e2f90cd7","all-forms-preview-011-0017","PROPOSED_HIGH_OPERATIONAL","OPERATIONAL_ASSURANCE","false","SOURCE_MAPPING_REQUIRED","NOT_ATTESTED","CANDIDATE_INTERPRETATION_REQUIRES_EXPERT_REVIEW","NOT_SUPPLIED"
"FSS-AGA-FORM-011","AGA 011.213","18","4","raw PDF page 4; AGA 011.213; Protocol question column","NAMCARs 139.18 | NAMCARs 139.09.6 | NAMCARs 139.09.14 | NAMCARs 139.03 | NAMCARs 139.04","Is the aerodrome certified or licensed in accordance with NAMCARs 139.03 or 139.04?","sha256:feedbcc7cb78bdc36399493019a93fdcd1b9782d684e623c4040f434fc053908","all-forms-preview-011-0018","PROPOSED_HIGH_OPERATIONAL","OPERATIONAL_ASSURANCE","false","SOURCE_MAPPING_REQUIRED","NOT_ATTESTED","CANDIDATE_INTERPRETATION_REQUIRES_EXPERT_REVIEW","NOT_SUPPLIED"
"FSS-AGA-FORM-011","AGA 011.215","19","5","raw PDF page 5; AGA 011.215; Protocol question column","NAMCARs 139.03 | NAMCARs 139.04 | NAMCARs 139.09.2 | NAMCARs 139.09.4","Is the field elevation of the aerodrome provided, with the accuracy required and the associated height of the geoid undulation?","sha256:51ce1b087e8c51494bae3f3a6406667768796aa312b28dea480b510900e9a0b9","all-forms-preview-011-0019","PROPOSED_HIGH_OPERATIONAL","OPERATIONAL_ASSURANCE","false","SOURCE_MAPPING_REQUIRED","NOT_ATTESTED","CANDIDATE_INTERPRETATION_REQUIRES_EXPERT_REVIEW","NOT_SUPPLIED"
"FSS-AGA-FORM-011","AGA 011.217","20","5","raw PDF page 5; AGA 011.217; Protocol question column","NAMCARs 139.09.2 | NAMCARs 139.09.4 | NAMCARs 139.09.5","Is the aerodrome reference temperature properly established?","sha256:85e5e95340074783250844a4f499f967078fb66bc55d99d7607cd23b9436d7ce","all-forms-preview-011-0020","PROPOSED_HIGH_OPERATIONAL","OPERATIONAL_ASSURANCE","false","SOURCE_MAPPING_REQUIRED","NOT_ATTESTED","CANDIDATE_INTERPRETATION_REQUIRES_EXPERT_REVIEW","NOT_SUPPLIED"
"FSS-AGA-FORM-011","AGA 011.219","21","5","raw PDF page 5; AGA 011.219; Protocol question column","NAMCARs 139.09.2 | NAMCARs 139.09.5","Is the magnetic variation of the aerodrome properly established?","sha256:c0ffdc04231d900645976ba7e6049dedb89d45e05dc708f0ed01ccde55f66dd0","all-forms-preview-011-0021","PROPOSED_HIGH_OPERATIONAL","OPERATIONAL_ASSURANCE","false","SOURCE_MAPPING_REQUIRED","NOT_ATTESTED","CANDIDATE_INTERPRETATION_REQUIRES_EXPERT_REVIEW","NOT_SUPPLIED"
"FSS-AGA-FORM-011","AGA 011.221","22","6","raw PDF page 6; AGA 011.221; Protocol question column","NAMCARs 139.09.2 | NAMCARs 139.09.3","Are the geographical coordinates of the aerodrome reference point provided in the WGS-84 reference system with the accuracy required?","sha256:df80f6e716db9d0b18318c4658087accca7153d1fb0b3b991ac51a3ead6fd138","all-forms-preview-011-0022","PROPOSED_HIGH_OPERATIONAL","OPERATIONAL_ASSURANCE","false","SOURCE_MAPPING_REQUIRED","NOT_ATTESTED","CANDIDATE_INTERPRETATION_REQUIRES_EXPERT_REVIEW","NOT_SUPPLIED"
"FSS-AGA-FORM-011","AGA 011.223","23","6","raw PDF page 6; AGA 011.223; Protocol question column","NAMCARs 139.09.3 | NAMCARs 139.09.6","Is a landing direction indicator provided?","sha256:86685dcc2de88dac84b214e455ba1b8f9c637c89fc489c78d2327388f87f2630","all-forms-preview-011-0023","PROPOSED_HIGH_OPERATIONAL","OPERATIONAL_ASSURANCE","false","SOURCE_MAPPING_REQUIRED","NOT_ATTESTED","CANDIDATE_INTERPRETATION_REQUIRES_EXPERT_REVIEW","NOT_SUPPLIED"
"FSS-AGA-FORM-011","AGA 011.225","24","6","raw PDF page 6; AGA 011.225; Protocol question column","NAMCARs 139.09.6 | NAMCARs 139.09.14","Is a anemometer provided?","sha256:cea1540e792c78ecf12ac412aa3569c01db79e26e91c5308a3fbb5feaaa99d16","all-forms-preview-011-0024","PROPOSED_HIGH_OPERATIONAL","OPERATIONAL_ASSURANCE","false","SOURCE_MAPPING_REQUIRED","NOT_ATTESTED","CANDIDATE_INTERPRETATION_REQUIRES_EXPERT_REVIEW","NOT_SUPPLIED"
"FSS-AGA-FORM-011","AGA 011.227","25","7","raw PDF page 7; AGA 011.227; Protocol question column","NAMCARs 139.09.6 | NAMCARs 139.09.14","Is the information on the wind direction indicators provided with the accuracy required?","sha256:3cbf5f9ee17c4e6623a1278fbac92375d5b6e567ed7504cbfdd605671f1d2d10","all-forms-preview-011-0025","PROPOSED_HIGH_OPERATIONAL","OPERATIONAL_ASSURANCE","false","SOURCE_MAPPING_REQUIRED","NOT_ATTESTED","CANDIDATE_INTERPRETATION_REQUIRES_EXPERT_REVIEW","NOT_SUPPLIED"
"FSS-AGA-FORM-011","AGA 011.229","26","7","raw PDF page 7; AGA 011.229; Protocol question column","NAMCARs 139.09.6 | NAMCARs 139.09.14","Is an aerodrome beacon/ identification beacon provided?","sha256:d02e141839eec332c822552845ec130a95601963eeef40c41e1ada87f3ee2ff0","all-forms-preview-011-0026","PROPOSED_HIGH_OPERATIONAL","OPERATIONAL_ASSURANCE","false","SOURCE_MAPPING_REQUIRED","NOT_ATTESTED","CANDIDATE_INTERPRETATION_REQUIRES_EXPERT_REVIEW","NOT_SUPPLIED"
"FSS-AGA-FORM-011","AGA 011.230","27","7","raw PDF page 7; AGA 011.230; Protocol question column","NAMCARs 139.09.6","If the answer to AGA 011.229 is YES, is the information on the signalling lamp provided in conformance to the requirements?","sha256:e2141e4df7429f56c606f60e193de9c9c5cafbb4d72b6d5c3f84bb9b5490503d","all-forms-preview-011-0027","PROPOSED_HIGH_OPERATIONAL","OPERATIONAL_ASSURANCE","false","SOURCE_MAPPING_REQUIRED","NOT_ATTESTED","CANDIDATE_INTERPRETATION_REQUIRES_EXPERT_REVIEW","NOT_SUPPLIED"
"FSS-AGA-FORM-011","AGA 011.231","28","7","raw PDF page 7; AGA 011.231; Protocol question column","NAMCARs 139.09.6 | NAMCARs 139.09.14","Are the geographical coordinates of the runway visual range (RVR) observation sites provided in the WGS-84 reference system with the accuracy required?","sha256:5967d643c069d222ee17ca5e4b6761c458232910cad1bfe5a4d6773eb563ff4f","all-forms-preview-011-0028","PROPOSED_SAFETY_CRITICAL","AERODROME_OPERATIONAL_SAFETY","true","SOURCE_MAPPING_REQUIRED","NOT_ATTESTED","CANDIDATE_INTERPRETATION_REQUIRES_EXPERT_REVIEW","NOT_SUPPLIED"
"FSS-AGA-FORM-011","AGA 011.233","29","8","raw PDF page 8; AGA 011.233; Protocol question column","NAMCARs 139.09.6","Is the frequency area provided at the aerodrome required for air traffic control or ground control?","sha256:ab698962fef003952ee7aea1fcd9156d29eef252b37ddba8cfb82a66992710fc","all-forms-preview-011-0029","PROPOSED_HIGH_OPERATIONAL","OPERATIONAL_ASSURANCE","false","SOURCE_MAPPING_REQUIRED","NOT_ATTESTED","CANDIDATE_INTERPRETATION_REQUIRES_EXPERT_REVIEW","NOT_SUPPLIED"
"FSS-AGA-FORM-011","AGA 011.235","30","8","raw PDF page 8; AGA 011.235; Protocol question column","NAMCARs 139.09.6 | NAMCARs 139.09.2","Has the aerodrome operator identified and established hot spot charts with the accuracy required?","sha256:7a33e9c73d7fd16c9b95914ce21d63238bb5fb00c7b8c442b538a53a3bfd76a2","all-forms-preview-011-0030","PROPOSED_HIGH_OPERATIONAL","OPERATIONAL_ASSURANCE","false","SOURCE_MAPPING_REQUIRED","NOT_ATTESTED","CANDIDATE_INTERPRETATION_REQUIRES_EXPERT_REVIEW","NOT_SUPPLIED"
"FSS-AGA-FORM-011","AGA 011.237","31","8","raw PDF page 8; AGA 011.237; Protocol question column","NAMCARs 139.09.6","Is the information on the location and designation of standard taxi routes provided with the accuracy required?","sha256:652c8d9cdc4fe166c16950d9f45d2077ef31b65286deadc1b6e4e18658488714","all-forms-preview-011-0031","PROPOSED_HIGH_OPERATIONAL","OPERATIONAL_ASSURANCE","false","SOURCE_MAPPING_REQUIRED","NOT_ATTESTED","CANDIDATE_INTERPRETATION_REQUIRES_EXPERT_REVIEW","NOT_SUPPLIED"
"FSS-AGA-FORM-011","AGA 011.239","32","9","raw PDF page 9; AGA 011.239; Protocol question column","NAMCARs 139.09.6 | NAMCARs 139.15.2","Is the information of the secondary power system provided and in conformance with NAMCARs 139.15.2?","sha256:62d9c4af7c0136005b7a40bc027ef5d5e8b72360313d09305419bb89f881f65f","all-forms-preview-011-0032","PROPOSED_HIGH_OPERATIONAL","OPERATIONAL_ASSURANCE","false","SOURCE_MAPPING_REQUIRED","NOT_ATTESTED","CANDIDATE_INTERPRETATION_REQUIRES_EXPERT_REVIEW","NOT_SUPPLIED"
"FSS-AGA-FORM-011","AGA 011.241","33","9","raw PDF page 9; AGA 011.241; Protocol question column","NAMCARs 139.09.6 | NAMCARs 139.15.2 | NAMCARs 139.09.11","Is the information on the aerodrome level of protection provided at an aerodrome for aircraft rescue and fire fighting purposes and in conformance with the longest aeroplane normally using the aerodrome?","sha256:bbcfff0056977303ee42cb89f63e60b42304b27a2fe4b2ef21290793d527d5df","all-forms-preview-011-0033","PROPOSED_SAFETY_CRITICAL","AERODROME_OPERATIONAL_SAFETY","true","SOURCE_MAPPING_REQUIRED","NOT_ATTESTED","CANDIDATE_INTERPRETATION_REQUIRES_EXPERT_REVIEW","NOT_SUPPLIED"
"FSS-AGA-FORM-011","AGA 011.243","34","9","raw PDF page 9; AGA 011.243; Protocol question column","NAMCARs 139.09.11 | NAMCARs 139.09.12","Is the information on the aerodrome rescue equipment provided?","sha256:43d3f6ac4548534f56ce7550c67cb675c3e3425c903b7b1961833750cf47ce89","all-forms-preview-011-0034","PROPOSED_SAFETY_CRITICAL","AERODROME_OPERATIONAL_SAFETY","true","SOURCE_MAPPING_REQUIRED","NOT_ATTESTED","CANDIDATE_INTERPRETATION_REQUIRES_EXPERT_REVIEW","NOT_SUPPLIED"
"FSS-AGA-FORM-011","AGA 011.245","35","9","raw PDF page 9; AGA 011.245; Protocol question column","NAMCARs 139.09.12 | NAMCARs 139.09.11","Is the information contact details of the persons responsible for arranging the removal of the disabled aircraft at the aerodrome provided?","sha256:6f16113508278b54a7c55ba0f4509593a9aa01966000618f1072002a9142bd60","all-forms-preview-011-0035","PROPOSED_SAFETY_CRITICAL","AERODROME_OPERATIONAL_SAFETY","true","SOURCE_MAPPING_REQUIRED","NOT_ATTESTED","CANDIDATE_INTERPRETATION_REQUIRES_EXPERT_REVIEW","NOT_SUPPLIED"
"FSS-AGA-FORM-011","AGA 011.247","36","9","raw PDF page 9; AGA 011.247; Protocol question column","NAMCARs 139.09.12 | NAMCARs 139.09.11","Is the information of the aerodrome’s capability (equipment and personnel) for the removal of disabled aircraft provided?","sha256:b39697debf179944857f7625da329e13b5e28971fd9389625672a276f71c1a1a","all-forms-preview-011-0036","PROPOSED_SAFETY_CRITICAL","AERODROME_OPERATIONAL_SAFETY","true","SOURCE_MAPPING_REQUIRED","NOT_ATTESTED","CANDIDATE_INTERPRETATION_REQUIRES_EXPERT_REVIEW","NOT_SUPPLIED"
"FSS-AGA-FORM-011","AGA 011.249","37","10","raw PDF page 10; AGA 011.249; Protocol question column","NAMCARs 139.09.2 | NAMCARs 139.09.6","Is the information on the designation number for each runway provided, correct?","sha256:158b61b8803a58ee62a89607b41b5c456f5300b80bfa84f361de2908f822b478","all-forms-preview-011-0037","PROPOSED_SAFETY_CRITICAL","AERODROME_OPERATIONAL_SAFETY","true","SOURCE_MAPPING_REQUIRED","NOT_ATTESTED","CANDIDATE_INTERPRETATION_REQUIRES_EXPERT_REVIEW","NOT_SUPPLIED"
"FSS-AGA-FORM-011","AGA 011.251","38","10","raw PDF page 10; AGA 011.251; Protocol question column","NAMCARs 139.09.2 | NAMCARs 139.09.6","Is the information on the length and width for each runway provided with the accuracy required?","sha256:afa8476b4a65b9e04cc227fef880ef1cced83a07e8ed6a28ad79a0d35ad10c9a","all-forms-preview-011-0038","PROPOSED_SAFETY_CRITICAL","AERODROME_OPERATIONAL_SAFETY","true","SOURCE_MAPPING_REQUIRED","NOT_ATTESTED","CANDIDATE_INTERPRETATION_REQUIRES_EXPERT_REVIEW","NOT_SUPPLIED"
"FSS-AGA-FORM-011","AGA 011.253","39","10","raw PDF page 10; AGA 011.253; Protocol question column","NAMCARs 139.09.2 | NAMCARs 139.09.6","Is the information on the location of the displaced threshold for each runway provided with the accuracy required?","sha256:d5390c44d4108e0bda1d11afef690abc15b50ae5c7c7b340f3f003d5a61bf24e","all-forms-preview-011-0039","PROPOSED_SAFETY_CRITICAL","AERODROME_OPERATIONAL_SAFETY","true","SOURCE_MAPPING_REQUIRED","NOT_ATTESTED","CANDIDATE_INTERPRETATION_REQUIRES_EXPERT_REVIEW","NOT_SUPPLIED"
"FSS-AGA-FORM-011","AGA 011.255","40","10","raw PDF page 10; AGA 011.255; Protocol question column","NAMCARs 139.09.2 | NAMCARs 139.09.6","Is the information on the centreline points at each end of the runway Yes No Check survey report for method used declaration of accuracy Satisfactory Not satisfactory Regulatory ref. Protocol question Reply Guidance for review of protocol question Status of implementation Evidence/No tes/Commen ts Yes/Sat: Yes/Not Sat: No/Not Sat: N/A: FSS–AGA–FORM 011 30 April 2024 11 of 30 NAMCARs 139.09.6 NAMCATS-AH 139.09.6 provided with the accuracy required?","sha256:908bd8e65b7f883c8821e20eac16830f32f8af1e299e94aad29b3d5ca7da6764","all-forms-preview-011-0040","PROPOSED_SAFETY_CRITICAL","AERODROME_OPERATIONAL_SAFETY","true","SOURCE_MAPPING_REQUIRED","NOT_ATTESTED","CANDIDATE_INTERPRETATION_REQUIRES_EXPERT_REVIEW","NOT_SUPPLIED"
"FSS-AGA-FORM-011","AGA 011.257","41","11","raw PDF page 11; AGA 011.257; Protocol question column","NAMCARs 139.09.6 | NAMCARs 139.09.2 | NAMCARs 139.09.4","Is the information on the elevation and geoid undulation of each runway end provided with the accuracy required?","sha256:110c5b0e2362f22f0da647d3f9c01ef0f5b0d6a525f32f89ba31aa44814a0c18","all-forms-preview-011-0041","PROPOSED_SAFETY_CRITICAL","AERODROME_OPERATIONAL_SAFETY","true","SOURCE_MAPPING_REQUIRED","NOT_ATTESTED","CANDIDATE_INTERPRETATION_REQUIRES_EXPERT_REVIEW","NOT_SUPPLIED"
"FSS-AGA-FORM-011","AGA 011.259","42","11","raw PDF page 11; AGA 011.259; Protocol question column","NAMCARs 139.09.2 | NAMCARs 139.09.4","Are the geographical coordinates of significant high and low points of each non- precision approach runway provided with the accuracy required?","sha256:259708c00c89dc5e46a17c08c4ae950b6684c0bfe4821a5340ac94399eb69f49","all-forms-preview-011-0042","PROPOSED_SAFETY_CRITICAL","AERODROME_OPERATIONAL_SAFETY","true","SOURCE_MAPPING_REQUIRED","NOT_ATTESTED","CANDIDATE_INTERPRETATION_REQUIRES_EXPERT_REVIEW","NOT_SUPPLIED"
"FSS-AGA-FORM-011","AGA 011.261","43","11","raw PDF page 11; AGA 011.261; Protocol question column","NAMCARs 139.09.2 | NAMCARs 139.09.4 | NAMCARs 139.09.6","Are the geographical coordinates of the runway exit line provided with the accuracy required?","sha256:42706bc11135d1ce71349243a7d0f6d8e109a345c5275d5f93c4c2ee62921f34","all-forms-preview-011-0043","PROPOSED_SAFETY_CRITICAL","AERODROME_OPERATIONAL_SAFETY","true","SOURCE_MAPPING_REQUIRED","NOT_ATTESTED","CANDIDATE_INTERPRETATION_REQUIRES_EXPERT_REVIEW","NOT_SUPPLIED"
"FSS-AGA-FORM-011","AGA 011.263","44","11","raw PDF page 11; AGA 011.263; Protocol question column","NAMCARs 139.09.2 | NAMCARs 139.09.6 | NAMCARs 139.09.7","Is the information of the surface type and pavement bearing strength for each runway provided with the accuracy required?","sha256:afe51d584fca5b768440eada0a864ab01bbffd1fe6ebd17c6e35dd0ee898fc7d","all-forms-preview-011-0044","PROPOSED_SAFETY_CRITICAL","AERODROME_OPERATIONAL_SAFETY","true","SOURCE_MAPPING_REQUIRED","NOT_ATTESTED","CANDIDATE_INTERPRETATION_REQUIRES_EXPERT_REVIEW","NOT_SUPPLIED"
"FSS-AGA-FORM-011","AGA 011.265","45","12","raw PDF page 12; AGA 011.265; Protocol question column","NAMCARs 139.09.7 | NAMCARs 139.09.2 | NAMCARs 139.09.6","Is the information on the length, width, and surface type of the runway strip for each runway provided with the accuracy required?","sha256:a76caca52eb8ae49a2d797ef9f00b9bb70ee92c53a98c23588b91e4cb54a2dad","all-forms-preview-011-0045","PROPOSED_SAFETY_CRITICAL","AERODROME_OPERATIONAL_SAFETY","true","SOURCE_MAPPING_REQUIRED","NOT_ATTESTED","CANDIDATE_INTERPRETATION_REQUIRES_EXPERT_REVIEW","NOT_SUPPLIED"
"FSS-AGA-FORM-011","AGA 011.267","46","12","raw PDF page 12; AGA 011.267; Protocol question column","NAMCARs 139.09.2 | NAMCARs 139.09.6","Is the information on the geometry, surface type and width of the shoulder for each runway provided with the accuracy required?","sha256:ce5332c44020d1dad05903a285ee652a0b489b02d8c7e22aff0ed4dad366a2e2","all-forms-preview-011-0046","PROPOSED_SAFETY_CRITICAL","AERODROME_OPERATIONAL_SAFETY","true","SOURCE_MAPPING_REQUIRED","NOT_ATTESTED","CANDIDATE_INTERPRETATION_REQUIRES_EXPERT_REVIEW","NOT_SUPPLIED"
"FSS-AGA-FORM-011","AGA 011.269","47","12","raw PDF page 12; AGA 011.269; Protocol question column","NAMCARs 139.09.2 | NAMCARs 139.09.6","Is the geographical coordinates of the blastpad provided with the accuracy required?","sha256:9247504224000c3f3c728622eb363bb09a49dabaf8617c1fdbd570734ad2ac25","all-forms-preview-011-0047","PROPOSED_HIGH_OPERATIONAL","OPERATIONAL_ASSURANCE","false","SOURCE_MAPPING_REQUIRED","NOT_ATTESTED","CANDIDATE_INTERPRETATION_REQUIRES_EXPERT_REVIEW","NOT_SUPPLIED"
"FSS-AGA-FORM-011","AGA 011.271","48","12","raw PDF page 12; AGA 011.271; Protocol question column","NAMCARs 139.09.2 | NAMCARs 139.09.6","Is the information for the obstacle free zone for a precision approach runway category I Yes No N/A Check survey report for method used, declaration of accuracy, description of the obstacle free zone Satisfactory Not satisfactory Regulatory ref. Protocol question Reply Guidance for review of protocol question Status of implementation Evidence/No tes/Commen ts Yes/Sat: Yes/Not Sat: No/Not Sat: N/A: FSS–AGA–FORM 011 30 April 2024 13 of 30 NAMCATS-AH 139.09.6 provided with the accuracy required?","sha256:82ffb518a25825e90bdeef8d7afac4ad9c3aea3eb181c39f788ad3660436a359","all-forms-preview-011-0048","PROPOSED_SAFETY_CRITICAL","AERODROME_OPERATIONAL_SAFETY","true","SOURCE_MAPPING_REQUIRED","NOT_ATTESTED","CANDIDATE_INTERPRETATION_REQUIRES_EXPERT_REVIEW","NOT_SUPPLIED"
"FSS-AGA-FORM-011","AGA 011.272","49","13","raw PDF page 13; AGA 011.272; Protocol question column","NAMCARs 139.09.2 | NAMCARs 139.09.6","If the answer to AGA 011.271 is YES, is the information on the obstacle protection surface provided?","sha256:4f8cff8c5e844542f424dc9c404d01589bfec23d191019e3345be8d52098da09","all-forms-preview-011-0049","PROPOSED_SAFETY_CRITICAL","AERODROME_OPERATIONAL_SAFETY","true","SOURCE_MAPPING_REQUIRED","NOT_ATTESTED","CANDIDATE_INTERPRETATION_REQUIRES_EXPERT_REVIEW","NOT_SUPPLIED"
"FSS-AGA-FORM-011","AGA 011.273","50","13","raw PDF page 13; AGA 011.273; Protocol question column","NAMCARs 139.09.2 | NAMCARs 139.09.6","If the answer to AGA 011.272 is YES, is the description of the obstacle protection surface provided with the accuracy required?","sha256:8adb7583386068515b1d8aea9d495e7708a8e09adf437e00f442371f3e202803","all-forms-preview-011-0050","PROPOSED_SAFETY_CRITICAL","AERODROME_OPERATIONAL_SAFETY","true","SOURCE_MAPPING_REQUIRED","NOT_ATTESTED","CANDIDATE_INTERPRETATION_REQUIRES_EXPERT_REVIEW","NOT_SUPPLIED"
"FSS-AGA-FORM-011","AGA 011.275","51","13","raw PDF page 13; AGA 011.275; Protocol question column","NAMCARs 139.09.2 | NAMCARs 139.09.6","Is the geographical coordinates of the runway markings provided with the accuracy required?","sha256:a9b1543f698c9e2c81e7ed2a94b9879cdb4791e9b0bb9fa247a2d4e6d5776dfb","all-forms-preview-011-0051","PROPOSED_SAFETY_CRITICAL","AERODROME_OPERATIONAL_SAFETY","true","SOURCE_MAPPING_REQUIRED","NOT_ATTESTED","CANDIDATE_INTERPRETATION_REQUIRES_EXPERT_REVIEW","NOT_SUPPLIED"
"FSS-AGA-FORM-011","AGA 011.277","52","13","raw PDF page 13; AGA 011.277; Protocol question column","NAMCARs 139.09.2 | NAMCARs 139.09.6","Is the geographical coordinates of the runway centerline lights provided with the accuracy required?","sha256:6be555f6306f717cfc7f98f28792a5d894fff9e35fae18a5fe4cc7b5e4f68214","all-forms-preview-011-0052","PROPOSED_SAFETY_CRITICAL","AERODROME_OPERATIONAL_SAFETY","true","SOURCE_MAPPING_REQUIRED","NOT_ATTESTED","CANDIDATE_INTERPRETATION_REQUIRES_EXPERT_REVIEW","NOT_SUPPLIED"
"FSS-AGA-FORM-011","AGA 011.279","53","14","raw PDF page 14; AGA 011.279; Protocol question column","NAMCARs 139.09.2 | NAMCARs 139.09.6","Is the geographical coordinates of the runway edge lights provided with the accuracy required?","sha256:7f8aab6dd595aa106af7c5d8ef127bc1b3c7c481a36fe56f7f5c7624d05642a2","all-forms-preview-011-0053","PROPOSED_SAFETY_CRITICAL","AERODROME_OPERATIONAL_SAFETY","true","SOURCE_MAPPING_REQUIRED","NOT_ATTESTED","CANDIDATE_INTERPRETATION_REQUIRES_EXPERT_REVIEW","NOT_SUPPLIED"
"FSS-AGA-FORM-011","AGA 011.281","54","14","raw PDF page 14; AGA 011.281; Protocol question column","NAMCARs 139.09.2 | NAMCARs 139.09.6","Is the information of the reference code of each runway provided with the accuracy required?","sha256:a47cd25a6c94ba4dd202073dfddfb44fabba074eef4fe7c6591926f1e3e74aef","all-forms-preview-011-0054","PROPOSED_SAFETY_CRITICAL","AERODROME_OPERATIONAL_SAFETY","true","SOURCE_MAPPING_REQUIRED","NOT_ATTESTED","CANDIDATE_INTERPRETATION_REQUIRES_EXPERT_REVIEW","NOT_SUPPLIED"
"FSS-AGA-FORM-011","AGA 011.283","55","14","raw PDF page 14; AGA 011.283; Protocol question column","NAMCARs 139.09.6 | NAMCARs 139.09.2","Is the information of the restrictions imposed on the runway(s) provided?","sha256:16f4e76e3d46a46245c8c95744a51da539220f26387e52995d98a95c653fafb5","all-forms-preview-011-0055","PROPOSED_SAFETY_CRITICAL","AERODROME_OPERATIONAL_SAFETY","true","SOURCE_MAPPING_REQUIRED","NOT_ATTESTED","CANDIDATE_INTERPRETATION_REQUIRES_EXPERT_REVIEW","NOT_SUPPLIED"
"FSS-AGA-FORM-011","AGA 011.285","56","14","raw PDF page 14; AGA 011.285; Protocol question column","NAMCARs 139.09.6 | NAMCARs 139.09.2","Is the designator of the runway provided with the accuracy required?","sha256:a7dab9c6daaa78e3ef76058465cce58947f0cee63e552f25c930c3e29176da77","all-forms-preview-011-0056","PROPOSED_SAFETY_CRITICAL","AERODROME_OPERATIONAL_SAFETY","true","SOURCE_MAPPING_REQUIRED","NOT_ATTESTED","CANDIDATE_INTERPRETATION_REQUIRES_EXPERT_REVIEW","NOT_SUPPLIED"
"FSS-AGA-FORM-011","AGA 011.287","57","15","raw PDF page 15; AGA 011.287; Protocol question column","NAMCARs 139.09.2 | NAMCARs 139.09.6","Is the information on the true bearing for each runway provided with the accuracy required?","sha256:360613b5162f2ec80dbaf7806574f2bc1e6fda0e9470dd13ef75b50ad37262b0","all-forms-preview-011-0057","PROPOSED_SAFETY_CRITICAL","AERODROME_OPERATIONAL_SAFETY","true","SOURCE_MAPPING_REQUIRED","NOT_ATTESTED","CANDIDATE_INTERPRETATION_REQUIRES_EXPERT_REVIEW","NOT_SUPPLIED"
"FSS-AGA-FORM-011","AGA 011.289","58","15","raw PDF page 15; AGA 011.289; Protocol question column","NAMCARs 139.09.2 | NAMCARs 139.09.6","Is the information on the type of each runway provided with the accuracy required?","sha256:b1e11eef7096eada1a341610b8cca23d2cd85037b3d5bd18595efe6ef1b24111","all-forms-preview-011-0058","PROPOSED_SAFETY_CRITICAL","AERODROME_OPERATIONAL_SAFETY","true","SOURCE_MAPPING_REQUIRED","NOT_ATTESTED","CANDIDATE_INTERPRETATION_REQUIRES_EXPERT_REVIEW","NOT_SUPPLIED"
"FSS-AGA-FORM-011","AGA 011.291","59","15","raw PDF page 15; AGA 011.291; Protocol question column","NAMCARs 139.09.2 | NAMCARs 139.09.6","Are the geographical coordinates of each runway threshold provided with the accuracy required?","sha256:aaf9f98ca87b731c32a0278258b7461e26480cd706377297b4da946e2ced9e1c","all-forms-preview-011-0059","PROPOSED_SAFETY_CRITICAL","AERODROME_OPERATIONAL_SAFETY","true","SOURCE_MAPPING_REQUIRED","NOT_ATTESTED","CANDIDATE_INTERPRETATION_REQUIRES_EXPERT_REVIEW","NOT_SUPPLIED"
"FSS-AGA-FORM-011","AGA 011.293","60","15","raw PDF page 15; AGA 011.293; Protocol question column","NAMCARs 139.09.2 | NAMCARs 139.09.6","Is the information on the geographical coordinate and elevation of each Yes No Check survey report for method used declaration of accuracy Satisfactory Not satisfactory Regulatory ref. Protocol question Reply Guidance for review of protocol question Status of implementation Evidence/No tes/Commen ts Yes/Sat: Yes/Not Sat: No/Not Sat: N/A: FSS–AGA–FORM 011 30 April 2024 16 of 30 NAMCARs 139.09.4 NAMCATS-AH 139.09.4 departure end of runway provided with the accuracy required?","sha256:e2f8fcb24bad646e9346f4d1541a081e9901a9a7cf037fef99a8d445f2e248ea","all-forms-preview-011-0060","PROPOSED_SAFETY_CRITICAL","AERODROME_OPERATIONAL_SAFETY","true","SOURCE_MAPPING_REQUIRED","NOT_ATTESTED","CANDIDATE_INTERPRETATION_REQUIRES_EXPERT_REVIEW","NOT_SUPPLIED"
"FSS-AGA-FORM-011","AGA 011.295","61","16","raw PDF page 16; AGA 011.295; Protocol question column","NAMCARs 139.09.4 | NAMCARs 139.09.2","Is the highest elevation and slope of the touchdown zone of each precision approach runway provided with the accuracy required?","sha256:c6296b9cad794fee7e11761d32f8b95b475914f8921e2fa45e22ca48b93ff116","all-forms-preview-011-0061","PROPOSED_SAFETY_CRITICAL","AERODROME_OPERATIONAL_SAFETY","true","SOURCE_MAPPING_REQUIRED","NOT_ATTESTED","CANDIDATE_INTERPRETATION_REQUIRES_EXPERT_REVIEW","NOT_SUPPLIED"
"FSS-AGA-FORM-011","AGA 011.297","62","16","raw PDF page 16; AGA 011.297; Protocol question column","NAMCARs 139.09.2 | NAMCARs 139.09.4 | NAMCARs 139.09.6","Is the slope of the runway provided with the accuracy required?","sha256:eb5b024dbbaf19803dd353710107a3cd81184e0c379ffd2384a65416b1d85fc9","all-forms-preview-011-0062","PROPOSED_SAFETY_CRITICAL","AERODROME_OPERATIONAL_SAFETY","true","SOURCE_MAPPING_REQUIRED","NOT_ATTESTED","CANDIDATE_INTERPRETATION_REQUIRES_EXPERT_REVIEW","NOT_SUPPLIED"
"FSS-AGA-FORM-011","AGA 011.299","63","16","raw PDF page 16; AGA 011.299; Protocol question column","NAMCARs 139.09.2 | NAMCARs 139.09.6","Is the information on the geographical coordinate of the land and hold short operations (LAHSO) provided with the accuracy required?","sha256:c948cfb584a93bbccf7e9c98f7e7f04fef3fc622dc20e8a4dc7434b6f1891789","all-forms-preview-011-0063","PROPOSED_HIGH_OPERATIONAL","OPERATIONAL_ASSURANCE","false","SOURCE_MAPPING_REQUIRED","NOT_ATTESTED","CANDIDATE_INTERPRETATION_REQUIRES_EXPERT_REVIEW","NOT_SUPPLIED"
"FSS-AGA-FORM-011","AGA 011.301","64","17","raw PDF page 17; AGA 011.301; Protocol question column","NAMCARs 139.09.6","If AGA 011.299 is YES, is the information of the runway name or taxiway being protected provided?","sha256:b38a20ddf1ba06415812d1a75099cd0920a42c2ae6f5343c3f5f894a4847bbe6","all-forms-preview-011-0064","PROPOSED_SAFETY_CRITICAL","AERODROME_OPERATIONAL_SAFETY","true","SOURCE_MAPPING_REQUIRED","NOT_ATTESTED","CANDIDATE_INTERPRETATION_REQUIRES_EXPERT_REVIEW","NOT_SUPPLIED"
"FSS-AGA-FORM-011","AGA 011.303","65","17","raw PDF page 17; AGA 011.303; Protocol question column","NAMCARs 139.09.6 | NAMCARs 139.09.2","Is the information on the location, pavement classification number, surface type and aircraft restriction of the displaced area for each runway provided with the accuracy required?","sha256:204931c189acf643ebb6cfc1041eb963f758c6492c4616a0bfeb6c4744a85593","all-forms-preview-011-0065","PROPOSED_SAFETY_CRITICAL","AERODROME_OPERATIONAL_SAFETY","true","SOURCE_MAPPING_REQUIRED","NOT_ATTESTED","CANDIDATE_INTERPRETATION_REQUIRES_EXPERT_REVIEW","NOT_SUPPLIED"
"FSS-AGA-FORM-011","AGA 011.305","66","17","raw PDF page 17; AGA 011.305; Protocol question column","NAMCARs 139.09.2 | NAMCARs 139.09.6","Is the information on the geographical coordinate, length, width, slope and surface type of the stopway for each runway provided with the accuracy required?","sha256:f9a495322ed080eb392673518f76c534be11f5e2f509e5f1a0aba7abfd86440f","all-forms-preview-011-0066","PROPOSED_SAFETY_CRITICAL","AERODROME_OPERATIONAL_SAFETY","true","SOURCE_MAPPING_REQUIRED","NOT_ATTESTED","CANDIDATE_INTERPRETATION_REQUIRES_EXPERT_REVIEW","NOT_SUPPLIED"
"FSS-AGA-FORM-011","AGA 011.307","67","17","raw PDF page 17; AGA 011.307; Protocol question column","NAMCARs 139.09.2 | NAMCARs 139.09.6","Is the information on the length, width and ground profile of clearway for each runway provided with the accuracy required?","sha256:2c0a9b5eb4c97e37f6cb2db34906d252a929cb5c2156f50e5ceeaf49d9874a9e","all-forms-preview-011-0067","PROPOSED_SAFETY_CRITICAL","AERODROME_OPERATIONAL_SAFETY","true","SOURCE_MAPPING_REQUIRED","NOT_ATTESTED","CANDIDATE_INTERPRETATION_REQUIRES_EXPERT_REVIEW","NOT_SUPPLIED"
"FSS-AGA-FORM-011","AGA 011.309","68","18","raw PDF page 18; AGA 011.309; Protocol question column","NAMCARs 139.09.2 | NAMCARs 139.09.6","Is the information on the length width, longitudinal and transverse slopes and surface type of the runway end safety areas for each runway provided with the accuracy required?","sha256:276f202449a1663c452e7a3b28a54b41c55d606d1b83f5b8c463ab9e773ca806","all-forms-preview-011-0068","PROPOSED_SAFETY_CRITICAL","AERODROME_OPERATIONAL_SAFETY","true","SOURCE_MAPPING_REQUIRED","NOT_ATTESTED","CANDIDATE_INTERPRETATION_REQUIRES_EXPERT_REVIEW","NOT_SUPPLIED"
"FSS-AGA-FORM-011","AGA 011.311","69","18","raw PDF page 18; AGA 011.311; Protocol question column","NAMCARs 139.09.2 | NAMCARs 139.09.6 | NAMCARs 139.09.9","Is the information of all declared distances provided with the accuracy required?","sha256:74e82562575fae3102721699d73529b47d09ad4e924166d281abfc9aa7cc91e6","all-forms-preview-011-0069","PROPOSED_HIGH_OPERATIONAL","OPERATIONAL_ASSURANCE","false","SOURCE_MAPPING_REQUIRED","NOT_ATTESTED","CANDIDATE_INTERPRETATION_REQUIRES_EXPERT_REVIEW","NOT_SUPPLIED"
"FSS-AGA-FORM-011","AGA 011.313","70","19","raw PDF page 19; AGA 011.313; Protocol question column","NAMCARs 139.09.2 | NAMCARs 139.09.6","Is the geographical coordinates of the stopway lights provided with the accuracy required?","sha256:d764aceda7addc47374c6f0fe0764dc77c67d7717758055ecf2a237d29c42462","all-forms-preview-011-0070","PROPOSED_HIGH_OPERATIONAL","OPERATIONAL_ASSURANCE","false","SOURCE_MAPPING_REQUIRED","NOT_ATTESTED","CANDIDATE_INTERPRETATION_REQUIRES_EXPERT_REVIEW","NOT_SUPPLIED"
"FSS-AGA-FORM-011","AGA 011.315","71","19","raw PDF page 19; AGA 011.315; Protocol question column","NAMCARs 139.09.2 | NAMCARs 139.09.6","Has the aerodrome installed an approach lighting system?","sha256:d48fa42e2894d05e414898e1891054ee7920f24bc13e850acabbba3009036019","all-forms-preview-011-0071","PROPOSED_HIGH_OPERATIONAL","OPERATIONAL_ASSURANCE","false","SOURCE_MAPPING_REQUIRED","NOT_ATTESTED","CANDIDATE_INTERPRETATION_REQUIRES_EXPERT_REVIEW","NOT_SUPPLIED"
"FSS-AGA-FORM-011","AGA 011.316","72","19","raw PDF page 19; AGA 011.316; Protocol question column","NAMCARs 139.09.2 | NAMCARs 139.09.6","If the answer to AGA 011.315 is YES, is the information on the approach lighting system provided with the accuracy required?","sha256:b37312a3eb13da289fb87397aa80745ad06eac2c1add1243d3c6d3f3602de7a2","all-forms-preview-011-0072","PROPOSED_HIGH_OPERATIONAL","OPERATIONAL_ASSURANCE","false","SOURCE_MAPPING_REQUIRED","NOT_ATTESTED","CANDIDATE_INTERPRETATION_REQUIRES_EXPERT_REVIEW","NOT_SUPPLIED"
"FSS-AGA-FORM-011","AGA 011.317","73","19","raw PDF page 19; AGA 011.317; Protocol question column","NAMCARs 139.09.2 | NAMCARs 139.09.6","Is the information on the runway threshold lights geographical coordinates, colour and wing bar colour provided with the accuracy required?","sha256:f0350f1ee79e35e63de054d9414ff1f8726174a80e14185906d5a5dae88f7656","all-forms-preview-011-0073","PROPOSED_SAFETY_CRITICAL","AERODROME_OPERATIONAL_SAFETY","true","SOURCE_MAPPING_REQUIRED","NOT_ATTESTED","CANDIDATE_INTERPRETATION_REQUIRES_EXPERT_REVIEW","NOT_SUPPLIED"
"FSS-AGA-FORM-011","AGA 011.319","74","20","raw PDF page 20; AGA 011.319; Protocol question column","NAMCARs 139.09.2 | NAMCARs 139.09.6","Is the information on the touchdown zone lights geographical coordinates and length provided with the accuracy required?","sha256:18da13bb93bc9e0de226ef3c92f4283e8ef0db9d4f3bfc617bdd6393ff0e0383","all-forms-preview-011-0074","PROPOSED_HIGH_OPERATIONAL","OPERATIONAL_ASSURANCE","false","SOURCE_MAPPING_REQUIRED","NOT_ATTESTED","CANDIDATE_INTERPRETATION_REQUIRES_EXPERT_REVIEW","NOT_SUPPLIED"
"FSS-AGA-FORM-011","AGA 011.321","75","20","raw PDF page 20; AGA 011.321; Protocol question column","NAMCARs 139.09.2 | NAMCARs 139.09.6 | NAMCARs 139.09.13","Is a visual approach slope indicator system required?","sha256:f15ee04ce1fd4182631de3efa990a5419b254af501fd9945fab4049d79d5f008","all-forms-preview-011-0075","PROPOSED_HIGH_OPERATIONAL","OPERATIONAL_ASSURANCE","false","SOURCE_MAPPING_REQUIRED","NOT_ATTESTED","CANDIDATE_INTERPRETATION_REQUIRES_EXPERT_REVIEW","NOT_SUPPLIED"
"FSS-AGA-FORM-011","AGA 011.322","76","21","raw PDF page 21; AGA 011.322; Protocol question column","NAMCARs 139.09.2 | NAMCARs 139.09.13","If the answer to AGA 011.321 is YES, is the type of visual approach slope indicator system provided with the accuracy required?","sha256:9296d3797719f76f2ab0d4270718ef2a4cae4a2c434e0b29dc4ea0a00f3a3bd8","all-forms-preview-011-0076","PROPOSED_HIGH_OPERATIONAL","OPERATIONAL_ASSURANCE","false","SOURCE_MAPPING_REQUIRED","NOT_ATTESTED","CANDIDATE_INTERPRETATION_REQUIRES_EXPERT_REVIEW","NOT_SUPPLIED"
"FSS-AGA-FORM-011","AGA 011.323","77","21","raw PDF page 21; AGA 011.323; Protocol question column","NAMCARs 139.09.2 | NAMCARs 139.09.13","If the answer to AGA 011.322 is YES, is the description of the visual approach slope indicator system provided with the accuracy required?","sha256:c57dea2426e360a776e0ca0caa92832aa044303810a62e12fc79eadab1296955","all-forms-preview-011-0077","PROPOSED_HIGH_OPERATIONAL","OPERATIONAL_ASSURANCE","false","SOURCE_MAPPING_REQUIRED","NOT_ATTESTED","CANDIDATE_INTERPRETATION_REQUIRES_EXPERT_REVIEW","NOT_SUPPLIED"
"FSS-AGA-FORM-011","AGA 011.325","78","21","raw PDF page 21; AGA 011.325; Protocol question column","NAMCARs 139.09.2 | NAMCARs 139.09.13","Is the information of the displacement angle and direction of the visual approach slope indicator system provided, where the axis of the system is Yes No N/A Check the angle of displacement Check the direction of displacement i.e. left or right for the type of visual approach slope Satisfactory Not satisfactory Regulatory ref. Protocol question Reply Guidance for review of protocol question Status of implementation Evidence/No tes/Commen ts Yes/Sat: Yes/Not Sat: No/Not Sat: N/A: FSS–AGA–FORM 011 30 April 2024 22 of 30 NAMCATS-AH 139.09.13 not parallel to the runway centre line?","sha256:a632ba633f97e9e89e0ca6b7c28052f51b3be3edf4f44ba5c5b2fb55d41bbcf2","all-forms-preview-011-0078","PROPOSED_SAFETY_CRITICAL","AERODROME_OPERATIONAL_SAFETY","true","SOURCE_MAPPING_REQUIRED","NOT_ATTESTED","CANDIDATE_INTERPRETATION_REQUIRES_EXPERT_REVIEW","NOT_SUPPLIED"
"FSS-AGA-FORM-011","AGA 011.327","79","22","raw PDF page 22; AGA 011.327; Protocol question column","NAMCARs 139.09.6","Is the information on the location of the arresting gear cable provided across the runway?","sha256:52792e0fedb1d708c06b8a82384bf50695121c4a9d0b72b2f49b5655457418e0","all-forms-preview-011-0079","PROPOSED_SAFETY_CRITICAL","AERODROME_OPERATIONAL_SAFETY","true","SOURCE_MAPPING_REQUIRED","NOT_ATTESTED","CANDIDATE_INTERPRETATION_REQUIRES_EXPERT_REVIEW","NOT_SUPPLIED"
"FSS-AGA-FORM-011","AGA 011.329","80","22","raw PDF page 22; AGA 011.329; Protocol question column","NAMCARs 139.09.6 | NAMCARs 139.09.2","Is the information on the location and description of the arresting system provided at any runway end with the accuracy required?","sha256:6f949e387daa0b932a0d1b9a57dda9e572effdb13fcabb0be43b6a4de184c9a6","all-forms-preview-011-0080","PROPOSED_SAFETY_CRITICAL","AERODROME_OPERATIONAL_SAFETY","true","SOURCE_MAPPING_REQUIRED","NOT_ATTESTED","CANDIDATE_INTERPRETATION_REQUIRES_EXPERT_REVIEW","NOT_SUPPLIED"
"FSS-AGA-FORM-011","AGA 011.331","81","22","raw PDF page 22; AGA 011.331; Protocol question column","NAMCARs 139.09.2 | NAMCARs 139.10.9","Is the information on the location of radio altimeters operating area provided with the accuracy required?","sha256:1e91084fbb407c7c12351f9f342cb55892bc5c2d746d63e2126900295df374c0","all-forms-preview-011-0081","PROPOSED_HIGH_OPERATIONAL","OPERATIONAL_ASSURANCE","false","SOURCE_MAPPING_REQUIRED","NOT_ATTESTED","CANDIDATE_INTERPRETATION_REQUIRES_EXPERT_REVIEW","NOT_SUPPLIED"
"FSS-AGA-FORM-011","AGA 011.333","82","23","raw PDF page 23; AGA 011.333; Protocol question column","NAMCARs 139.09.2 | NAMCARs 139.09.6","Is the information on the geographical location and elevation of each apron(s) provided with the accuracy required?","sha256:5bad5c8fbbb2dfecd26ec2c444809fe673a7de751e9b3bd87c1699019670d55f","all-forms-preview-011-0082","PROPOSED_HIGH_OPERATIONAL","OPERATIONAL_ASSURANCE","false","SOURCE_MAPPING_REQUIRED","NOT_ATTESTED","CANDIDATE_INTERPRETATION_REQUIRES_EXPERT_REVIEW","NOT_SUPPLIED"
"FSS-AGA-FORM-011","AGA 011.335","83","23","raw PDF page 23; AGA 011.335; Protocol question column","NAMCARs 139.09.2 | NAMCARs 139.09.6","Is the information on the designation, type and aircraft restriction of each apron provided with the accuracy required?","sha256:369b1f3c65ffb03f0ff1ad64ee11dab4a3805a30f7c6becc3be60f6539cd0a02","all-forms-preview-011-0083","PROPOSED_SAFETY_CRITICAL","AERODROME_OPERATIONAL_SAFETY","true","SOURCE_MAPPING_REQUIRED","NOT_ATTESTED","CANDIDATE_INTERPRETATION_REQUIRES_EXPERT_REVIEW","NOT_SUPPLIED"
"FSS-AGA-FORM-011","AGA 011.337","84","23","raw PDF page 23; AGA 011.337; Protocol question column","NAMCARs 139.09.2 | NAMCARs 139.09.6 | NAMCARs 139.09.7","Is the information of the pavement surface type and bearing strength for each apron(s) provided with the accuracy required?","sha256:3a1ab116a65b0ef811ca461fa241959380cf7d0d712914619871398885a4db9a","all-forms-preview-011-0084","PROPOSED_HIGH_OPERATIONAL","OPERATIONAL_ASSURANCE","false","SOURCE_MAPPING_REQUIRED","NOT_ATTESTED","CANDIDATE_INTERPRETATION_REQUIRES_EXPERT_REVIEW","NOT_SUPPLIED"
"FSS-AGA-FORM-011","AGA 011.339","85","23","raw PDF page 23; AGA 011.339; Protocol question column","NAMCARs 139.09.2 | NAMCARs 139.09.7","Is the information on the designation, geographical location Yes No Check data on taxiways designation, Satisfactory Not satisfactory Regulatory ref. Protocol question Reply Guidance for review of protocol question Status of implementation Evidence/No tes/Commen ts Yes/Sat: Yes/Not Sat: No/Not Sat: N/A: FSS–AGA–FORM 011 30 April 2024 24 of 30 NAMCARs 139.09.6 NAMCATS-AH 139.09.6 and width of the taxiway for each taxiway provided with the accuracy required?","sha256:059134107100da99c7cf34a322dfd2b118c46063fa07303ea134203fa356b8af","all-forms-preview-011-0085","PROPOSED_HIGH_OPERATIONAL","OPERATIONAL_ASSURANCE","false","SOURCE_MAPPING_REQUIRED","NOT_ATTESTED","CANDIDATE_INTERPRETATION_REQUIRES_EXPERT_REVIEW","NOT_SUPPLIED"
"FSS-AGA-FORM-011","AGA 011.341","86","24","raw PDF page 24; AGA 011.341; Protocol question column","NAMCARs 139.09.6 | NAMCARs 139.09.2","Is the information on the type of bridge provided with the accuracy required?","sha256:25c9fdd69395f0b6dd98a20d74d38276c454e521b3d51bb999d8c73de5c76b38","all-forms-preview-011-0086","PROPOSED_HIGH_OPERATIONAL","OPERATIONAL_ASSURANCE","false","SOURCE_MAPPING_REQUIRED","NOT_ATTESTED","CANDIDATE_INTERPRETATION_REQUIRES_EXPERT_REVIEW","NOT_SUPPLIED"
"FSS-AGA-FORM-011","AGA 011.343","87","24","raw PDF page 24; AGA 011.343; Protocol question column","NAMCARs 139.09.2 | NAMCARs 139.09.6 | NAMCARs 139.09.7","Is the information of the pavement surface type and bearing strength for each taxiway(s) provided with the accuracy required?","sha256:44c4559bff25273ea3ee6635e2cff13af193d2c57fd5f7b48ca1c049efcbd8f6","all-forms-preview-011-0087","PROPOSED_HIGH_OPERATIONAL","OPERATIONAL_ASSURANCE","false","SOURCE_MAPPING_REQUIRED","NOT_ATTESTED","CANDIDATE_INTERPRETATION_REQUIRES_EXPERT_REVIEW","NOT_SUPPLIED"
"FSS-AGA-FORM-011","AGA 011.345","88","24","raw PDF page 24; AGA 011.345; Protocol question column","NAMCARs 139.09.2 | NAMCARs 139.09.7 | NAMCARs 139.09.6","Is the information of the aircraft restrictions imposed on the taxiway(s) provided?","sha256:afa5fd65d35f043e62b8a44e08d39f086790454bb712a98cf658e9614185f698","all-forms-preview-011-0088","PROPOSED_SAFETY_CRITICAL","AERODROME_OPERATIONAL_SAFETY","true","SOURCE_MAPPING_REQUIRED","NOT_ATTESTED","CANDIDATE_INTERPRETATION_REQUIRES_EXPERT_REVIEW","NOT_SUPPLIED"
"FSS-AGA-FORM-011","AGA 011.347","89","24","raw PDF page 24; AGA 011.347; Protocol question column","NAMCARs 139.09.2 | NAMCARs 139.09.6","Are the geographical coordinates of appropriate taxiway centreline points provided with the accuracy required?","sha256:96b5c49a7e1eae05991083b5cb634bc262a717e6dfe83d243fed1bd0be56ab4e","all-forms-preview-011-0089","PROPOSED_HIGH_OPERATIONAL","OPERATIONAL_ASSURANCE","false","SOURCE_MAPPING_REQUIRED","NOT_ATTESTED","CANDIDATE_INTERPRETATION_REQUIRES_EXPERT_REVIEW","NOT_SUPPLIED"
"FSS-AGA-FORM-011","AGA 011.349","90","25","raw PDF page 25; AGA 011.349; Protocol question column","NAMCARs 139.09.2 | NAMCARs 139.09.6","Is the information on the geometry, surface type and width of the shoulder for each taxiway provided with the accuracy required?","sha256:2f25d534fa73f7e87f6c6554e68b780e76a72a22ad2fb6530eb4202994402973","all-forms-preview-011-0090","PROPOSED_HIGH_OPERATIONAL","OPERATIONAL_ASSURANCE","false","SOURCE_MAPPING_REQUIRED","NOT_ATTESTED","CANDIDATE_INTERPRETATION_REQUIRES_EXPERT_REVIEW","NOT_SUPPLIED"
"FSS-AGA-FORM-011","AGA 011.351","91","25","raw PDF page 25; AGA 011.351; Protocol question column","NAMCARs 139.09.2 | NAMCARs 139.09.6","Is the information on the guidance lines for each taxiway provided with the accuracy required?","sha256:e2289ad2726d0831be4a94b28c2068f8078426f19905f2d046367102fe38e829","all-forms-preview-011-0091","PROPOSED_HIGH_OPERATIONAL","OPERATIONAL_ASSURANCE","false","SOURCE_MAPPING_REQUIRED","NOT_ATTESTED","CANDIDATE_INTERPRETATION_REQUIRES_EXPERT_REVIEW","NOT_SUPPLIED"
"FSS-AGA-FORM-011","AGA 011.353","92","25","raw PDF page 25; AGA 011.353; Protocol question column","NAMCARs 139.09.2 | NAMCARs 139.09.6","Is the information on the intermediate holding position and marking line of appropriate taxiway provided with the accuracy required?","sha256:5c92e37107bdbf30cc48963be13b5fa653171ac932036fac1dccd0a0bd4b3b92","all-forms-preview-011-0092","PROPOSED_HIGH_OPERATIONAL","OPERATIONAL_ASSURANCE","false","SOURCE_MAPPING_REQUIRED","NOT_ATTESTED","CANDIDATE_INTERPRETATION_REQUIRES_EXPERT_REVIEW","NOT_SUPPLIED"
"FSS-AGA-FORM-011","AGA 011.355","93","26","raw PDF page 26; AGA 011.355; Protocol question column","NAMCARs 139.09.2 | NAMCARs 139.09.6","Are the information on the marking, edge lights and centre line lights of taxiways provided with the accuracy required?","sha256:3c220eb837f6d78ec645dd607cf895b2c74ade4cc9284cdff107b7005f46568d","all-forms-preview-011-0093","PROPOSED_HIGH_OPERATIONAL","OPERATIONAL_ASSURANCE","false","SOURCE_MAPPING_REQUIRED","NOT_ATTESTED","CANDIDATE_INTERPRETATION_REQUIRES_EXPERT_REVIEW","NOT_SUPPLIED"
"FSS-AGA-FORM-011","AGA 011.357","94","26","raw PDF page 26; AGA 011.357; Protocol question column","NAMCARs 139.09.2 | NAMCARs 139.09.6","Are the information on the stop bars provided with the accuracy required?","sha256:1f588cae84bf84f95b7ebb452f6072c1d81c20d1d793858a975d09eb73606c40","all-forms-preview-011-0094","PROPOSED_HIGH_OPERATIONAL","OPERATIONAL_ASSURANCE","false","SOURCE_MAPPING_REQUIRED","NOT_ATTESTED","CANDIDATE_INTERPRETATION_REQUIRES_EXPERT_REVIEW","NOT_SUPPLIED"
"FSS-AGA-FORM-011","AGA 011.359","95","26","raw PDF page 26; AGA 011.359; Protocol question column","NAMCARs 139.09.2 | NAMCARs 139.09.6","Is the information on the runway guard lights and other runway protection measures provided with the accuracy required?","sha256:2a86a3110787801808bd2376e4dde60b98972ac54aeae160997d3e4cfa500600","all-forms-preview-011-0095","PROPOSED_SAFETY_CRITICAL","AERODROME_OPERATIONAL_SAFETY","true","SOURCE_MAPPING_REQUIRED","NOT_ATTESTED","CANDIDATE_INTERPRETATION_REQUIRES_EXPERT_REVIEW","NOT_SUPPLIED"
"FSS-AGA-FORM-011","AGA 011.361","96","26","raw PDF page 26; AGA 011.361; Protocol question column","NAMCARs 139.09.2 | NAMCARs 139.09.6","Is the information on the runway holding position provided with the accuracy required?","sha256:a25af0e0eee9b11a84ad13bd3b3a1247a3be348e47039266062ec3a414a2038a","all-forms-preview-011-0096","PROPOSED_SAFETY_CRITICAL","AERODROME_OPERATIONAL_SAFETY","true","SOURCE_MAPPING_REQUIRED","NOT_ATTESTED","CANDIDATE_INTERPRETATION_REQUIRES_EXPERT_REVIEW","NOT_SUPPLIED"
"FSS-AGA-FORM-011","AGA 011.363","97","26","raw PDF page 26; AGA 011.363; Protocol question column","NAMCARs 139.09.2","Is the information on the location and radio Yes No N/A Check the information on the location and radio Satisfactory Not satisfactory Regulatory ref. Protocol question Reply Guidance for review of protocol question Status of implementation Evidence/No tes/Commen ts Yes/Sat: Yes/Not Sat: No/Not Sat: N/A: FSS–AGA–FORM 011 30 April 2024 27 of 30 NAMCATS-AH 139.09.2 NAMCARs 139.09.6 NAMCATS-AH 139.09.6 frequency of the VOR aerodrome checkpoints provided with the accuracy required?","sha256:f11f77318a377fb6d25609e3fef50a5255f3d6eda9f575eea780d2a1060597a2","all-forms-preview-011-0097","PROPOSED_HIGH_OPERATIONAL","OPERATIONAL_ASSURANCE","false","SOURCE_MAPPING_REQUIRED","NOT_ATTESTED","CANDIDATE_INTERPRETATION_REQUIRES_EXPERT_REVIEW","NOT_SUPPLIED"
"FSS-AGA-FORM-011","AGA 011.365","98","27","raw PDF page 27; AGA 011.365; Protocol question column","NAMCARs 139.09.2 | NAMCARs 139.09.6 | NAMCARs 139.09.8","Is there one or more pre-flight altimeters checkpoint established?","sha256:54b8a4ba97c7846f7b305fd7c760a36c324eef9168f538b2bb6879426839352c","all-forms-preview-011-0098","PROPOSED_HIGH_OPERATIONAL","OPERATIONAL_ASSURANCE","false","SOURCE_MAPPING_REQUIRED","NOT_ATTESTED","CANDIDATE_INTERPRETATION_REQUIRES_EXPERT_REVIEW","NOT_SUPPLIED"
"FSS-AGA-FORM-011","AGA 011.366","99","27","raw PDF page 27; AGA 011.366; Protocol question column","NAMCARs 139.09.6 | NAMCARs 139.09.8 | NAMCARs 139.09.2","If the answer to AGA 011.365 is YES, is the information on the location of pre-flight altimeters checkpoint provided with the accuracy required?","sha256:07bd7098dbf7e9e4f406511d3dd9e197f5ed7c796e4826019a0d452fda818eb3","all-forms-preview-011-0099","PROPOSED_HIGH_OPERATIONAL","OPERATIONAL_ASSURANCE","false","SOURCE_MAPPING_REQUIRED","NOT_ATTESTED","CANDIDATE_INTERPRETATION_REQUIRES_EXPERT_REVIEW","NOT_SUPPLIED"
"FSS-AGA-FORM-011","AGA 011.367","100","27","raw PDF page 27; AGA 011.367; Protocol question column","NAMCARs 139.09.8 | NAMCARs 139.09.2 | NAMCARs 139.09.6","Is the information of the aircraft stand points and identification signs provided with the accuracy required?","sha256:d369c0cc59fa1970586b00c1ac05f8f2a6cc8f3ebd3a6dc6a6ab27bd4c15a11f","all-forms-preview-011-0100","PROPOSED_SAFETY_CRITICAL","AERODROME_OPERATIONAL_SAFETY","true","SOURCE_MAPPING_REQUIRED","NOT_ATTESTED","CANDIDATE_INTERPRETATION_REQUIRES_EXPERT_REVIEW","NOT_SUPPLIED"
"FSS-AGA-FORM-011","AGA 011.369","101","27","raw PDF page 27; AGA 011.369; Protocol question column","NAMCARs 139.09.2 | NAMCARs 139.09.6","Is the information on the type of visual docking guidance systems provided with the accuracy required?","sha256:8f29e7b6410eda47ca51d8448e61360ae337735b0edf645186457c0283269ae8","all-forms-preview-011-0101","PROPOSED_HIGH_OPERATIONAL","OPERATIONAL_ASSURANCE","false","SOURCE_MAPPING_REQUIRED","NOT_ATTESTED","CANDIDATE_INTERPRETATION_REQUIRES_EXPERT_REVIEW","NOT_SUPPLIED"
"FSS-AGA-FORM-011","AGA 011.371","102","27","raw PDF page 27; AGA 011.371; Protocol question column","NAMCARs 139.09.2 | NAMCARs 139.09.6","Is the information on the parking stand area and aircraft stand(s) provided with the accuracy required?","sha256:f3b8c8523282b214c0095148c1f80b9263fabbaa99721ffaa05ca53cec0d27cf","all-forms-preview-011-0102","PROPOSED_SAFETY_CRITICAL","AERODROME_OPERATIONAL_SAFETY","true","SOURCE_MAPPING_REQUIRED","NOT_ATTESTED","CANDIDATE_INTERPRETATION_REQUIRES_EXPERT_REVIEW","NOT_SUPPLIED"
"FSS-AGA-FORM-011","AGA 011.373","103","28","raw PDF page 28; AGA 011.373; Protocol question column","NAMCARs 139.09.2 | NAMCARs 139.09.6","Is the information of the stand guidance line provided with the accuracy required?","sha256:d8a92a14453f849b3dd8adfd34f0a3cc229f58eb9ba1ac23b4e59b20e9d4fb24","all-forms-preview-011-0103","PROPOSED_HIGH_OPERATIONAL","OPERATIONAL_ASSURANCE","false","SOURCE_MAPPING_REQUIRED","NOT_ATTESTED","CANDIDATE_INTERPRETATION_REQUIRES_EXPERT_REVIEW","NOT_SUPPLIED"
"FSS-AGA-FORM-011","AGA 011.375","104","28","raw PDF page 28; AGA 011.375; Protocol question column","NAMCARs 139.09.2 | NAMCARs 139.09.6 | NAMCARs 139.09.7","Is the information of the pavement surface type and bearing strength for each aircraft stand provided with the accuracy required?","sha256:526dbf3611f2f743f738b632084d4f8f4d4ccd2db0479b395ec9ad9346f3b12f","all-forms-preview-011-0104","PROPOSED_SAFETY_CRITICAL","AERODROME_OPERATIONAL_SAFETY","true","SOURCE_MAPPING_REQUIRED","NOT_ATTESTED","CANDIDATE_INTERPRETATION_REQUIRES_EXPERT_REVIEW","NOT_SUPPLIED"
"FSS-AGA-FORM-011","AGA 011.377","105","28","raw PDF page 28; AGA 011.377; Protocol question column","NAMCARs 139.09.2 | NAMCARs 139.09.7","Is the information of the aircraft restrictions imposed on the aircraft stand(s) provided?","sha256:09e4064ad3143158a2e1d70ea6b0c12db4f979234e234d5bc370ef44bf6b863c","all-forms-preview-011-0105","PROPOSED_SAFETY_CRITICAL","AERODROME_OPERATIONAL_SAFETY","true","SOURCE_MAPPING_REQUIRED","NOT_ATTESTED","CANDIDATE_INTERPRETATION_REQUIRES_EXPERT_REVIEW","NOT_SUPPLIED"
"FSS-AGA-FORM-011","AGA 011.379","106","29","raw PDF page 29; AGA 011.379; Protocol question column","NAMCARs 139.09.2 | NAMCARs 139.09.7 | NAMCARs 139.09.6","Is the information of the overload operation provided?","sha256:f416e3267ba44d74f3f68ba98444e44ac2111200720847d1023b29b4c44ee470","all-forms-preview-011-0106","PROPOSED_HIGH_OPERATIONAL","OPERATIONAL_ASSURANCE","false","SOURCE_MAPPING_REQUIRED","NOT_ATTESTED","CANDIDATE_INTERPRETATION_REQUIRES_EXPERT_REVIEW","NOT_SUPPLIED"
"FSS-AGA-FORM-011","AGA 011.381","107","29","raw PDF page 29; AGA 011.381; Protocol question column","NAMCARs 139.09.2 | NAMCARs 139.09.6","Are the geographical coordinates of Area 2 (the part within the aerodrome boundary) and in Area 3 (aerodrome movement area) and the top elevation of significant obstacles in the approach, take-off, circling area and the vicinity of the aerodrome provided with the accuracy required?","sha256:79f534736371ee15ad54d6ea5782f5f8687513dcfa7bd2e44be3870869ebd685","all-forms-preview-011-0107","PROPOSED_SAFETY_CRITICAL","AERODROME_OPERATIONAL_SAFETY","true","SOURCE_MAPPING_REQUIRED","NOT_ATTESTED","CANDIDATE_INTERPRETATION_REQUIRES_EXPERT_REVIEW","NOT_SUPPLIED"
"FSS-AGA-FORM-011","AGA 011.383","108","29","raw PDF page 29; AGA 011.383; Protocol question column","NAMCARs 139.09.2 | NAMCARs 139.09.6","Are the information of the mobile obstacles identified and provided with the accuracy required?","sha256:7e3a0ce2dd015b87f0b54b29dbcf2bd22aa8c1c82ecf59dcafae0b996923bae4","all-forms-preview-011-0108","PROPOSED_SAFETY_CRITICAL","AERODROME_OPERATIONAL_SAFETY","true","SOURCE_MAPPING_REQUIRED","NOT_ATTESTED","CANDIDATE_INTERPRETATION_REQUIRES_EXPERT_REVIEW","NOT_SUPPLIED"
"FSS-AGA-FORM-011","AGA 011.385","109","30","raw PDF page 30; AGA 011.385; Protocol question column","NAMCARs 139.09.6 | NAMCARs 139.09.14 | NAMCARs 139.14","Are the temporary or permanent or mobile obstacles light and/or marked in accordance with NAMCARs 139.14?","sha256:d3a70fe90ed9629a77cdf9daacacd0a068996cbfa16ff43012e301cb09c8e750","all-forms-preview-011-0109","PROPOSED_SAFETY_CRITICAL","AERODROME_OPERATIONAL_SAFETY","true","SOURCE_MAPPING_REQUIRED","NOT_ATTESTED","CANDIDATE_INTERPRETATION_REQUIRES_EXPERT_REVIEW","NOT_SUPPLIED"
"FSS-AGA-FORM-012","AGA 012.101","1","1","raw PDF page 1; AGA 012.101; Protocol question column","NAMCARs 139.10.2 | NAMCATS 139.10.2","Is the length of each runway adequate to meet the operational requirements of the aeroplanes for which it is intended?","sha256:3b2401ef7a534487f8282373989cce13973b2fdb592094fb14ca1bff28501dac","all-forms-preview-012-0001","PROPOSED_SAFETY_CRITICAL","AERODROME_OPERATIONAL_SAFETY","true","SOURCE_MAPPING_REQUIRED","NOT_ATTESTED","CANDIDATE_INTERPRETATION_REQUIRES_EXPERT_REVIEW","NOT_SUPPLIED"
"FSS-AGA-FORM-012","AGA 012.103","2","1","raw PDF page 1; AGA 012.103; Protocol question column","NAMCARs 139.10.2 | NAMCATS 139.10.2","Is the width of each runway conform to the aerodrome reference code and type of approach?","sha256:0b50d00039fe4cceb73a8b3054d5fec589a2f601c12721b930019ef4df9c29c7","all-forms-preview-012-0002","PROPOSED_SAFETY_CRITICAL","AERODROME_OPERATIONAL_SAFETY","true","SOURCE_MAPPING_REQUIRED","NOT_ATTESTED","CANDIDATE_INTERPRETATION_REQUIRES_EXPERT_REVIEW","NOT_SUPPLIED"
"FSS-AGA-FORM-012","AGA 012.105","3","1","raw PDF page 1; AGA 012.105; Protocol question column","NAMCARs 139.10.2 | NAMCATS 139.10.2","Is the threshold of each runway at its extremity?","sha256:c0123d72b09bc50b22cc5829ade2902908e6a91c9b2cde49ab78e2432e117ece","all-forms-preview-012-0003","PROPOSED_SAFETY_CRITICAL","AERODROME_OPERATIONAL_SAFETY","true","SOURCE_MAPPING_REQUIRED","NOT_ATTESTED","CANDIDATE_INTERPRETATION_REQUIRES_EXPERT_REVIEW","NOT_SUPPLIED"
"FSS-AGA-FORM-012","AGA 012.107","4","2","raw PDF page 2; AGA 012.107; Protocol question column","NAMCARs 139.10.2 | NAMCATS 139.10.2","If the location of the threshold of a runway is displaced from its normal location, has the due account been taken of the various factors which may have a bearing on its location?","sha256:5c77adb422af1641bb2560d779c0c5c9f093ecd347145e3d8e80fef0d0ca2085","all-forms-preview-012-0004","PROPOSED_SAFETY_CRITICAL","AERODROME_OPERATIONAL_SAFETY","true","SOURCE_MAPPING_REQUIRED","NOT_ATTESTED","CANDIDATE_INTERPRETATION_REQUIRES_EXPERT_REVIEW","NOT_SUPPLIED"
"FSS-AGA-FORM-012","AGA 012.109","5","2","raw PDF page 2; AGA 012.109; Protocol question column","NAMCARs 139.10.2 | NAMCATS 139.10.2","If the displacement of the threshold of a runway is due to an unserviceable runway condition, is a cleared and graded area of at least 60 m in length made available between the unserviceable area and the displaced threshold?","sha256:d2c2bb8f68dbb10f823eaa926eeaaa3aa899dfedabe4470533ef1478f856ddf5","all-forms-preview-012-0005","PROPOSED_SAFETY_CRITICAL","AERODROME_OPERATIONAL_SAFETY","true","SOURCE_MAPPING_REQUIRED","NOT_ATTESTED","CANDIDATE_INTERPRETATION_REQUIRES_EXPERT_REVIEW","NOT_SUPPLIED"
"FSS-AGA-FORM-012","AGA 012.113","6","2","raw PDF page 2; AGA 012.113; Protocol question column","NAMCARs 139.10.2 | NAMCATS 139.10.2","are the distances between centre-lines conform to the requirements?","sha256:9d0ff6cd44facd2b59ca65e1bcef06d2525698dc557041f61e2ddd598babc7a9","all-forms-preview-012-0006","PROPOSED_HIGH_OPERATIONAL","OPERATIONAL_ASSURANCE","false","SOURCE_MAPPING_REQUIRED","NOT_ATTESTED","CANDIDATE_INTERPRETATION_REQUIRES_EXPERT_REVIEW","NOT_SUPPLIED"
"FSS-AGA-FORM-012","AGA 012.115","7","3","raw PDF page 3; AGA 012.115; Protocol question column","NAMCARs 139.10.2 | NAMCATS 139.10.2","Is the slope of each runway conform to the requirements applicable to the aerodrome reference code?","sha256:c2e1382f867bdb65296591ce790c3e947de970ca5e3365d3e8181fc9301f6c3e","all-forms-preview-012-0007","PROPOSED_SAFETY_CRITICAL","AERODROME_OPERATIONAL_SAFETY","true","SOURCE_MAPPING_REQUIRED","NOT_ATTESTED","CANDIDATE_INTERPRETATION_REQUIRES_EXPERT_REVIEW","NOT_SUPPLIED"
"FSS-AGA-FORM-012","AGA 012.117","8","3","raw PDF page 3; AGA 012.117; Protocol question column","NAMCARs 139.10.2 | NAMCATS 139.10.2","Is the longitudinal slope in every portion of each runway conform to the requirements applicable to the aerodrome reference code?","sha256:1bce223f70071af7dbc2fbbcef731d8c27c274022ceee053285fe1b4e34d6675","all-forms-preview-012-0008","PROPOSED_SAFETY_CRITICAL","AERODROME_OPERATIONAL_SAFETY","true","SOURCE_MAPPING_REQUIRED","NOT_ATTESTED","CANDIDATE_INTERPRETATION_REQUIRES_EXPERT_REVIEW","NOT_SUPPLIED"
"FSS-AGA-FORM-012","AGA 012.121","9","3","raw PDF page 3; AGA 012.121; Protocol question column","NAMCARs 139.10.2 | NAMCATS 139.10.2","Where slope changes cannot be avoided, is the slope change between two consecutive slopes conform to the requirements applicable to the aerodrome reference code?","sha256:604f627e8c944e0e8e9a2b718b63910100450e20485eb4a06a0e3287268477a1","all-forms-preview-012-0009","PROPOSED_HIGH_OPERATIONAL","OPERATIONAL_ASSURANCE","false","SOURCE_MAPPING_REQUIRED","NOT_ATTESTED","CANDIDATE_INTERPRETATION_REQUIRES_EXPERT_REVIEW","NOT_SUPPLIED"
"FSS-AGA-FORM-012","AGA 012.123","10","3","raw PDF page 3; AGA 012.123; Protocol question column","NAMCARs 139.10.2 | NAMCATS 139.10.2","Where slope changes cannot be avoided, is the transition from one slope to another accomplished by a curved surface with a rate of change conform to the requirements applicable to the aerodrome reference code?","sha256:aa4d18a503876e78bb3be6caeb78e567ec6c0c4f6c6b3f17d55a13e121476468","all-forms-preview-012-0010","PROPOSED_HIGH_OPERATIONAL","OPERATIONAL_ASSURANCE","false","SOURCE_MAPPING_REQUIRED","NOT_ATTESTED","CANDIDATE_INTERPRETATION_REQUIRES_EXPERT_REVIEW","NOT_SUPPLIED"
"FSS-AGA-FORM-012","AGA 012.125","11","4","raw PDF page 4; AGA 012.125; Protocol question column","NAMCARs 139.10.2 | NAMCATS 139.10.2","Where slope changes cannot be avoided, is there unobstructed line of sight conform to the requirements applicable to the aerodrome reference code?","sha256:37bbf3e226f560d0ee15bb4649835c494d8c435637acca80ba57cb7d776b1031","all-forms-preview-012-0011","PROPOSED_HIGH_OPERATIONAL","OPERATIONAL_ASSURANCE","false","SOURCE_MAPPING_REQUIRED","NOT_ATTESTED","CANDIDATE_INTERPRETATION_REQUIRES_EXPERT_REVIEW","NOT_SUPPLIED"
"FSS-AGA-FORM-012","AGA 012.127","12","4","raw PDF page 4; AGA 012.127; Protocol question column","NAMCARs 139.10.2 | NAMCATS 139.10.2","Where slope changes cannot be avoided, is the distance between the points of intersection of two successive curves conform to the requirements applicable to the aerodrome reference code?","sha256:dfbe6e49808deccdfb8fc644c9375ad02b610e65322c81a52e2dad334a931ce6","all-forms-preview-012-0012","PROPOSED_HIGH_OPERATIONAL","OPERATIONAL_ASSURANCE","false","SOURCE_MAPPING_REQUIRED","NOT_ATTESTED","CANDIDATE_INTERPRETATION_REQUIRES_EXPERT_REVIEW","NOT_SUPPLIED"
"FSS-AGA-FORM-012","AGA 012.129","13","4","raw PDF page 4; AGA 012.129; Protocol question column","NAMCARs 139.10.2 | NAMCATS 139.10.2","Is the runway surface cambered or the transverse slope conform to the requirements applicable to the aerodrome reference code?","sha256:bccd7d5fe4dc1db86b5dd00fee54141350a08a550a4e940d4ac4fabdee45368b","all-forms-preview-012-0013","PROPOSED_SAFETY_CRITICAL","AERODROME_OPERATIONAL_SAFETY","true","SOURCE_MAPPING_REQUIRED","NOT_ATTESTED","CANDIDATE_INTERPRETATION_REQUIRES_EXPERT_REVIEW","NOT_SUPPLIED"
"FSS-AGA-FORM-012","AGA 012.131","14","5","raw PDF page 5; AGA 012.131; Protocol question column","NAMCATS 139.10.2 | NAMCARs 139.10.2","Is the transverse slope substantially the same throughout the length of a runway except at an intersection with another runway or a taxiway where an even transition is provided taking account of the need for adequate drainage?","sha256:6ba115d433d8a48cc6f80500313b2dc74df1c2dc65e3d64e8bcdabfe32bc00ca","all-forms-preview-012-0014","PROPOSED_SAFETY_CRITICAL","AERODROME_OPERATIONAL_SAFETY","true","SOURCE_MAPPING_REQUIRED","NOT_ATTESTED","CANDIDATE_INTERPRETATION_REQUIRES_EXPERT_REVIEW","NOT_SUPPLIED"
"FSS-AGA-FORM-012","AGA 012.133","15","5","raw PDF page 5; AGA 012.133; Protocol question column","NAMCARs 139.10.2 | NAMCATS 139.10.2","Is the strength of each runway capable of withstanding the traffic of aeroplanes for which it is intended?","sha256:5859a0fc9bf90b91004151522e3ec92f343ab834b6c417fc1068cf1c369619ad","all-forms-preview-012-0015","PROPOSED_SAFETY_CRITICAL","AERODROME_OPERATIONAL_SAFETY","true","SOURCE_MAPPING_REQUIRED","NOT_ATTESTED","CANDIDATE_INTERPRETATION_REQUIRES_EXPERT_REVIEW","NOT_SUPPLIED"
"FSS-AGA-FORM-012","AGA 012.135","16","5","raw PDF page 5; AGA 012.135; Protocol question column","NAMCARs 139.10.2 | NAMCATS 139.10.2","Is there a procedure in place for dealing with aeroplanes with an ACN higher than the runway’s PCN?","sha256:355b53b612589f8e060f6349f68551670d5602faf3561216bb539aeefa871705","all-forms-preview-012-0016","PROPOSED_SAFETY_CRITICAL","AERODROME_OPERATIONAL_SAFETY","true","SOURCE_MAPPING_REQUIRED","NOT_ATTESTED","CANDIDATE_INTERPRETATION_REQUIRES_EXPERT_REVIEW","NOT_SUPPLIED"
"FSS-AGA-FORM-012","AGA 012.137","17","5","raw PDF page 5; AGA 012.137; Protocol question column","NAMCARs 139.10.2 | NAMCATS 139.10.2","Is the surface of each runway constructed without irregularities that would impair the runway surface friction characteristics or otherwise adversely affect the take-off or landing of an aeroplane?","sha256:cea183cb04fa20b99ced895f905b48fdd6a605ff2b2b522cee65aaacbfb56cb7","all-forms-preview-012-0017","PROPOSED_SAFETY_CRITICAL","AERODROME_OPERATIONAL_SAFETY","true","SOURCE_MAPPING_REQUIRED","NOT_ATTESTED","CANDIDATE_INTERPRETATION_REQUIRES_EXPERT_REVIEW","NOT_SUPPLIED"
"FSS-AGA-FORM-012","AGA 012.139","18","6","raw PDF page 6; AGA 012.139; Protocol question column","NAMCARs 139.10.2 | NAMCATS 139.10.2 | NAMCARs 139.10.3 | NAMCATS 139.10.3","Are the surface friction characteristics of paved runways at or above the minimum friction level set by Namibia?","sha256:29006971a161e473759bf68ee6d3fbe01836874aa5d1cb3634b8d1fa55927362","all-forms-preview-012-0018","PROPOSED_SAFETY_CRITICAL","AERODROME_OPERATIONAL_SAFETY","true","SOURCE_MAPPING_REQUIRED","NOT_ATTESTED","CANDIDATE_INTERPRETATION_REQUIRES_EXPERT_REVIEW","NOT_SUPPLIED"
"FSS-AGA-FORM-012","AGA 012.151","19","6","raw PDF page 6; AGA 012.151; Protocol question column","NAMCARs 139.10.2 | NAMCATS 139.10.2 | NAMCARs 139.10.3 | NAMCATS 139.10.3","Are the runways provided with shoulders?","sha256:0dc4318196daf3e58a640f8d1e49ebe7d82f228d3bc0a576984c443dd3fedac1","all-forms-preview-012-0019","PROPOSED_SAFETY_CRITICAL","AERODROME_OPERATIONAL_SAFETY","true","SOURCE_MAPPING_REQUIRED","NOT_ATTESTED","CANDIDATE_INTERPRETATION_REQUIRES_EXPERT_REVIEW","NOT_SUPPLIED"
"FSS-AGA-FORM-012","AGA 012.161","20","7","raw PDF page 7; AGA 012.161; Protocol question column","NAMCARs 139.10.3 | NAMCATS 139.10.3 | NAMCARs 139.10.4 | NAMCATS 139.10.4","Are the runways provided with turn pad?","sha256:d0ba9037a1f370545bd7dab96d495591fbfef0b042c61417d396cc7fb2e9199c","all-forms-preview-012-0020","PROPOSED_SAFETY_CRITICAL","AERODROME_OPERATIONAL_SAFETY","true","SOURCE_MAPPING_REQUIRED","NOT_ATTESTED","CANDIDATE_INTERPRETATION_REQUIRES_EXPERT_REVIEW","NOT_SUPPLIED"
"FSS-AGA-FORM-012","AGA 012.171","21","9","raw PDF page 9; AGA 012.171; Protocol question column","NAMCARs 139.10.5 | NAMCATS 139.10.5","Is the runway and any associated stopways included in a strip?","sha256:4f87dbd4e6832f1cc8cfff2a5263fb2e8129022f689866c8d79d59d21446f670","all-forms-preview-012-0021","PROPOSED_SAFETY_CRITICAL","AERODROME_OPERATIONAL_SAFETY","true","SOURCE_MAPPING_REQUIRED","NOT_ATTESTED","CANDIDATE_INTERPRETATION_REQUIRES_EXPERT_REVIEW","NOT_SUPPLIED"
"FSS-AGA-FORM-012","AGA 012.173","22","9","raw PDF page 9; AGA 012.173; Protocol question column","NAMCARs 139.10.5 | NAMCATS 139.10.5","Is the length of each runway strip conform to the aerodrome reference code and type of approach?","sha256:5e458e7240d6780d77c0d93783e0a1f36ef485e3fb4a6d03575c35d75b2cd188","all-forms-preview-012-0022","PROPOSED_SAFETY_CRITICAL","AERODROME_OPERATIONAL_SAFETY","true","SOURCE_MAPPING_REQUIRED","NOT_ATTESTED","CANDIDATE_INTERPRETATION_REQUIRES_EXPERT_REVIEW","NOT_SUPPLIED"
"FSS-AGA-FORM-012","AGA 012.175","23","10","raw PDF page 10; AGA 012.175; Protocol question column","NAMCARs 139.10.5 | NAMCATS 139.10.5","Is the width of each runway strip conform to the aerodrome reference code and type of approach?","sha256:0173cee5c61926b88ee8411f37ab1dec24e697358f50058168142d1cb9b26097","all-forms-preview-012-0023","PROPOSED_SAFETY_CRITICAL","AERODROME_OPERATIONAL_SAFETY","true","SOURCE_MAPPING_REQUIRED","NOT_ATTESTED","CANDIDATE_INTERPRETATION_REQUIRES_EXPERT_REVIEW","NOT_SUPPLIED"
"FSS-AGA-FORM-012","AGA 012.177","24","10","raw PDF page 10; AGA 012.177; Protocol question column","NAMCARs 139.10.5 | NAMCATS 139.10.5","Is the runway strip free from fixed objects, other than frangible visual aids required for air navigation purposes?","sha256:2e90e16f9e90e3db5a39da9fbce50e44d569c2ee0f7b053f58b814e37faf052e","all-forms-preview-012-0024","PROPOSED_SAFETY_CRITICAL","AERODROME_OPERATIONAL_SAFETY","true","SOURCE_MAPPING_REQUIRED","NOT_ATTESTED","CANDIDATE_INTERPRETATION_REQUIRES_EXPERT_REVIEW","NOT_SUPPLIED"
"FSS-AGA-FORM-012","AGA 012.179","25","10","raw PDF page 10; AGA 012.179; Protocol question column","NAMCARs 139.10.5 | NAMCATS 139.10.5","Is the surface of the portion of a strip that abuts a runway, shoulder or stopway that flush with the surface of the runway, shoulder or stopway?","sha256:9a2f9cd918f14514438da8a882b037d15731decd178ed7f9a699d55b709211fa","all-forms-preview-012-0025","PROPOSED_SAFETY_CRITICAL","AERODROME_OPERATIONAL_SAFETY","true","SOURCE_MAPPING_REQUIRED","NOT_ATTESTED","CANDIDATE_INTERPRETATION_REQUIRES_EXPERT_REVIEW","NOT_SUPPLIED"
"FSS-AGA-FORM-012","AGA 012.181","26","10","raw PDF page 10; AGA 012.181; Protocol question column","NAMCARs 139.10.5 | NAMCATS 139.10.5","Is the longitudinal slope along that portion of a strip to be graded conform to the requirement for the number of the aerodrome reference code?","sha256:cfb37a8afe4784fb4506f3003656cca01d5767c577ea50a12ae419e67f6d60a3","all-forms-preview-012-0026","PROPOSED_HIGH_OPERATIONAL","OPERATIONAL_ASSURANCE","false","SOURCE_MAPPING_REQUIRED","NOT_ATTESTED","CANDIDATE_INTERPRETATION_REQUIRES_EXPERT_REVIEW","NOT_SUPPLIED"
"FSS-AGA-FORM-012","AGA 012.183","27","10","raw PDF page 10; AGA 012.183; Protocol question column","NAMCARs 139.10.5 | NAMCATS 139.10.5","Are Slope changes on that portion of a strip to be graded as gradual as practicable and abrupt changes or sudden reversals of slopes avoided?","sha256:648cf2c3a653b5a48cbb493f84184346ef5934402ccba261cbb6a229af5ae7cc","all-forms-preview-012-0027","PROPOSED_HIGH_OPERATIONAL","OPERATIONAL_ASSURANCE","false","SOURCE_MAPPING_REQUIRED","NOT_ATTESTED","CANDIDATE_INTERPRETATION_REQUIRES_EXPERT_REVIEW","NOT_SUPPLIED"
"FSS-AGA-FORM-012","AGA 012.185","28","11","raw PDF page 11; AGA 012.185; Protocol question column","NAMCARs 139.10.5 | NAMCATS 139.10.5","Are transverse slopes on that portion of a strip to be graded adequate to prevent the accumulation of water on the surface and not exceed the requirement for the number of the aerodrome reference code?","sha256:afcfd10127ddab9282dd57ac0059f0749b88c926013ddee5aff9535ff99755ba","all-forms-preview-012-0028","PROPOSED_HIGH_OPERATIONAL","OPERATIONAL_ASSURANCE","false","SOURCE_MAPPING_REQUIRED","NOT_ATTESTED","CANDIDATE_INTERPRETATION_REQUIRES_EXPERT_REVIEW","NOT_SUPPLIED"
"FSS-AGA-FORM-012","AGA 012.189","29","11","raw PDF page 11; AGA 012.189; Protocol question column","NAMCARs 139.10.5 | NAMCATS 139.10.5","Is the required portion of a strip prepared or constructed to minimize hazards arising from differences in the load- bearing capacity to aeroplanes which the runway is intended to serve in the event of an aeroplane running off the runway in accordance with the number code of the aerodrome reference code and the type of approach?","sha256:9b1ef9b5c2b98665cb480e3b04903bf573325be8c25124b25f3160d5b1040968","all-forms-preview-012-0029","PROPOSED_SAFETY_CRITICAL","AERODROME_OPERATIONAL_SAFETY","true","SOURCE_MAPPING_REQUIRED","NOT_ATTESTED","CANDIDATE_INTERPRETATION_REQUIRES_EXPERT_REVIEW","NOT_SUPPLIED"
"FSS-AGA-FORM-012","AGA 012.201","30","12","raw PDF page 12; AGA 012.201; Protocol question column","NAMCARs 139.10.6 | NAMCATS 139.10.6","Are the runways provided with runway end safety area?","sha256:93066d704d867fff0ec4fd5f1c725f00f452ce2a5b1a5174cd5d8987c2d42ac0","all-forms-preview-012-0030","PROPOSED_SAFETY_CRITICAL","AERODROME_OPERATIONAL_SAFETY","true","SOURCE_MAPPING_REQUIRED","NOT_ATTESTED","CANDIDATE_INTERPRETATION_REQUIRES_EXPERT_REVIEW","NOT_SUPPLIED"
"FSS-AGA-FORM-012","AGA 012.203","31","12","raw PDF page 12; AGA 012.203; Protocol question column","NAMCARs 139.10.6 | NAMCATS 139.10.6","Are the dimensions of every runway end safety area conform to the requirements for the number code of the aerodrome reference code and the type of runway?","sha256:222529a358e3c1e421b84df7d2a171dabfe1b62af3f09099ec94c8ed145dec22","all-forms-preview-012-0031","PROPOSED_SAFETY_CRITICAL","AERODROME_OPERATIONAL_SAFETY","true","SOURCE_MAPPING_REQUIRED","NOT_ATTESTED","CANDIDATE_INTERPRETATION_REQUIRES_EXPERT_REVIEW","NOT_SUPPLIED"
"FSS-AGA-FORM-012","AGA 012.205","32","12","raw PDF page 12; AGA 012.205; Protocol question column","NAMCARs 139.10.6 | NAMCATS 139.10.6","Are the runway end safety area free from objects that could endanger aeroplanes?","sha256:cc003aceeb2a8ff2e5399c87316c52659a50690d9479767d260f9193a0d44b5c","all-forms-preview-012-0032","PROPOSED_SAFETY_CRITICAL","AERODROME_OPERATIONAL_SAFETY","true","SOURCE_MAPPING_REQUIRED","NOT_ATTESTED","CANDIDATE_INTERPRETATION_REQUIRES_EXPERT_REVIEW","NOT_SUPPLIED"
"FSS-AGA-FORM-012","AGA 012.207","33","12","raw PDF page 12; AGA 012.207; Protocol question column","NAMCATS 139.10.6 | NAMCARs 139.10.6","Are the runway end safety area provided with a cleared and graded area for aeroplanes which the runway is intended to serve in the event of an aeroplane undershooting or overrunning the runway?","sha256:dccb4cbb4e4b0b5d784b2233de62043f26649d5ffecc86b0349df948845eca04","all-forms-preview-012-0033","PROPOSED_SAFETY_CRITICAL","AERODROME_OPERATIONAL_SAFETY","true","SOURCE_MAPPING_REQUIRED","NOT_ATTESTED","CANDIDATE_INTERPRETATION_REQUIRES_EXPERT_REVIEW","NOT_SUPPLIED"
"FSS-AGA-FORM-012","AGA 012.209","34","12","raw PDF page 12; AGA 012.209; Protocol question column","NAMCARs 139.10.6 | NAMCATS 139.10.6","Are the slopes of runway end safety areas such that no part of the runway end safety area penetrates the approach or take-off climb surface?","sha256:b64d19d3b086d8d1fd013f00077b3219e89aabadabe8b6c612fa860603137027","all-forms-preview-012-0034","PROPOSED_SAFETY_CRITICAL","AERODROME_OPERATIONAL_SAFETY","true","SOURCE_MAPPING_REQUIRED","NOT_ATTESTED","CANDIDATE_INTERPRETATION_REQUIRES_EXPERT_REVIEW","NOT_SUPPLIED"
"FSS-AGA-FORM-012","AGA 012.211","35","13","raw PDF page 13; AGA 012.211; Protocol question column","NAMCARs 139.10.6 | NAMCATS 139.10.6","Are the longitudinal slopes of the runway end safety area below a downward slope of 5 per Cent?","sha256:5d4fc8fab84f6a0fac2651c9dec8848d62886b36c42892f3e9eb79c44231ada1","all-forms-preview-012-0035","PROPOSED_SAFETY_CRITICAL","AERODROME_OPERATIONAL_SAFETY","true","SOURCE_MAPPING_REQUIRED","NOT_ATTESTED","CANDIDATE_INTERPRETATION_REQUIRES_EXPERT_REVIEW","NOT_SUPPLIED"
"FSS-AGA-FORM-012","AGA 012.213","36","13","raw PDF page 13; AGA 012.213; Protocol question column","NAMCARs 139.10.6 | NAMCATS 139.10.6","Are transition between transverse slope changes of the runway as gradual as practicable?","sha256:573fb25f977ce6e5ba24a15bcbbdad2302b61e3a7ad3c28f34eeba7a9b71e508","all-forms-preview-012-0036","PROPOSED_SAFETY_CRITICAL","AERODROME_OPERATIONAL_SAFETY","true","SOURCE_MAPPING_REQUIRED","NOT_ATTESTED","CANDIDATE_INTERPRETATION_REQUIRES_EXPERT_REVIEW","NOT_SUPPLIED"
"FSS-AGA-FORM-012","AGA 012.215","37","13","raw PDF page 13; AGA 012.215; Protocol question column","NAMCARs 139.10.6 | NAMCATS 139.10.6","Are the runway end safety areas prepared or constructed as to reduce the risk of damage to an aeroplane undershooting or overrunning the runway, enhance aeroplane deceleration and facilitate the movement of rescue and fire fighting vehicles?","sha256:41943a24b1d428cec127677d7281421e1b8407955dd1c5ade234b81ba47b0d7a","all-forms-preview-012-0037","PROPOSED_SAFETY_CRITICAL","AERODROME_OPERATIONAL_SAFETY","true","SOURCE_MAPPING_REQUIRED","NOT_ATTESTED","CANDIDATE_INTERPRETATION_REQUIRES_EXPERT_REVIEW","NOT_SUPPLIED"
"FSS-AGA-FORM-012","AGA 012.221","38","13","raw PDF page 13; AGA 012.221; Protocol question column","NAMCARs 139.10.6 | NAMCATS 139.10.6 | NAMCARs 139.10.7 | NAMCATS 139.10.7","Are clearways provided?","sha256:b45b4f1646579ddb38db1e63fb7f74b39609e5479325e7a44b3727e67947d10e","all-forms-preview-012-0038","PROPOSED_HIGH_OPERATIONAL","OPERATIONAL_ASSURANCE","false","SOURCE_MAPPING_REQUIRED","NOT_ATTESTED","CANDIDATE_INTERPRETATION_REQUIRES_EXPERT_REVIEW","NOT_SUPPLIED"
"FSS-AGA-FORM-012","AGA 012.242","39","14","raw PDF page 14; AGA 012.242; Protocol question column","NAMCARs 139.10.7 | NAMCATS 139.10.7 | NAMCARs 139.10.8 | NAMCATS 139.10.8","Are stopways provided?","sha256:a16292c7edcdde73ae63ff6a471ab941ab0a38529f525983d7e7829dadb4fafd","all-forms-preview-012-0039","PROPOSED_HIGH_OPERATIONAL","OPERATIONAL_ASSURANCE","false","SOURCE_MAPPING_REQUIRED","NOT_ATTESTED","CANDIDATE_INTERPRETATION_REQUIRES_EXPERT_REVIEW","NOT_SUPPLIED"
"FSS-AGA-FORM-012","AGA 012.302","40","16","raw PDF page 16; AGA 012.302; Protocol question column","NAMCATS 139.10.8 | NAMCARs 139.10.9 | NAMCATS 139.10.9","Is a radio altimeter operating area provided?","sha256:e04b0351596777cab693dc418649ad094410abf0e6bd59185d8ad9958e106830","all-forms-preview-012-0040","PROPOSED_HIGH_OPERATIONAL","OPERATIONAL_ASSURANCE","false","SOURCE_MAPPING_REQUIRED","NOT_ATTESTED","CANDIDATE_INTERPRETATION_REQUIRES_EXPERT_REVIEW","NOT_SUPPLIED"
"FSS-AGA-FORM-012","AGA 012.401","41","18","raw PDF page 18; AGA 012.401; Protocol question column","NAMCARs 139.10.10 | NAMCATS 139.10.10","Are taxiways provided to permit the safe and expeditious surface movement of aircraft?","sha256:9835eb02e784572c85842aca8026df8d71892c3c29dd1484a83d0abd5221d054","all-forms-preview-012-0041","PROPOSED_SAFETY_CRITICAL","AERODROME_OPERATIONAL_SAFETY","true","SOURCE_MAPPING_REQUIRED","NOT_ATTESTED","CANDIDATE_INTERPRETATION_REQUIRES_EXPERT_REVIEW","NOT_SUPPLIED"
"FSS-AGA-FORM-012","AGA 012.405","42","18","raw PDF page 18; AGA 012.405; Protocol question column","NAMCARs 139.10.10 | NAMCATS 139.10.10","are rapid exit taxiways provided?","sha256:32f94b1e4832dff17563c7f57ad47d63598ebaf93fe48a10d6980b8d7667d17d","all-forms-preview-012-0042","PROPOSED_HIGH_OPERATIONAL","OPERATIONAL_ASSURANCE","false","SOURCE_MAPPING_REQUIRED","NOT_ATTESTED","CANDIDATE_INTERPRETATION_REQUIRES_EXPERT_REVIEW","NOT_SUPPLIED"
"FSS-AGA-FORM-012","AGA 012.425","43","21","raw PDF page 21; AGA 012.425; Protocol question column","NAMCARs 139.10.10 | NAMCATS 139.10.10","Are the separations distances aircraft stand taxi lane, centre line to object conform to the requirements of aerodrome reference code and type of approach?","sha256:31513e8e15bdd26d4c970b4a2bd7c685b28b43a8fc6c03c91e44ba7d9b09a1ae","all-forms-preview-012-0043","PROPOSED_SAFETY_CRITICAL","AERODROME_OPERATIONAL_SAFETY","true","SOURCE_MAPPING_REQUIRED","NOT_ATTESTED","CANDIDATE_INTERPRETATION_REQUIRES_EXPERT_REVIEW","NOT_SUPPLIED"
"FSS-AGA-FORM-012","AGA 012.431","44","22","raw PDF page 22; AGA 012.431; Protocol question column","NAMCARs 139.10.10 | NAMCATS 139.10.10","Is longitudinal slope of a taxiway conform to the requirements for the letter code of the aerodrome reference code?","sha256:6da56bdb9f202b70b237e1dbcbf7a280a976511a981de1aa397b7fb13c88b176","all-forms-preview-012-0044","PROPOSED_HIGH_OPERATIONAL","OPERATIONAL_ASSURANCE","false","SOURCE_MAPPING_REQUIRED","NOT_ATTESTED","CANDIDATE_INTERPRETATION_REQUIRES_EXPERT_REVIEW","NOT_SUPPLIED"
"FSS-AGA-FORM-012","AGA 012.433","45","22","raw PDF page 22; AGA 012.433; Protocol question column","NAMCARs 139.10.10 | NAMCATS 139.10.10","Where slope changes on a taxiway cannot be avoided, is the transition from one slope to another slope accomplished by a curved surface with a rate of change conform to the requirements for the letter code of the aerodrome reference code?","sha256:ae10473ae9c5fa2218ed547fbaf275159cc61534e1e71d189640c2037115dfec","all-forms-preview-012-0045","PROPOSED_HIGH_OPERATIONAL","OPERATIONAL_ASSURANCE","false","SOURCE_MAPPING_REQUIRED","NOT_ATTESTED","CANDIDATE_INTERPRETATION_REQUIRES_EXPERT_REVIEW","NOT_SUPPLIED"
"FSS-AGA-FORM-012","AGA 012.435","46","22","raw PDF page 22; AGA 012.435; Protocol question column","NAMCARs 139.10.10 | NAMCATS 139.10.10","Where slope changes cannot be avoided, is there unobstructed line of sight conform to the requirements applicable to the aerodrome reference code?","sha256:37bbf3e226f560d0ee15bb4649835c494d8c435637acca80ba57cb7d776b1031","all-forms-preview-012-0046","PROPOSED_HIGH_OPERATIONAL","OPERATIONAL_ASSURANCE","false","SOURCE_MAPPING_REQUIRED","NOT_ATTESTED","CANDIDATE_INTERPRETATION_REQUIRES_EXPERT_REVIEW","NOT_SUPPLIED"
"FSS-AGA-FORM-012","AGA 012.439","47","22","raw PDF page 22; AGA 012.439; Protocol question column","NAMCARs 139.10.10 | NAMCATS 139.10.10","Is the taxiway transverse slope conform to the requirements applicable to the aerodrome reference code?","sha256:342392309c707ef6efe517e5bf8ee3ec741ee13e9ac9873a7a3b6e287bc46cfa","all-forms-preview-012-0047","PROPOSED_HIGH_OPERATIONAL","OPERATIONAL_ASSURANCE","false","SOURCE_MAPPING_REQUIRED","NOT_ATTESTED","CANDIDATE_INTERPRETATION_REQUIRES_EXPERT_REVIEW","NOT_SUPPLIED"
"FSS-AGA-FORM-012","AGA 012.443","48","22","raw PDF page 22; AGA 012.443; Protocol question column","NAMCARs 139.10.10 | NAMCATS 139.10.10","Is the strength of each taxiway at least equal to that of the runway it serves?","sha256:185a69e2e4483c0b7e84b961f7cbb020155d2f9c0c95edc1965e2655c3a00d12","all-forms-preview-012-0048","PROPOSED_SAFETY_CRITICAL","AERODROME_OPERATIONAL_SAFETY","true","SOURCE_MAPPING_REQUIRED","NOT_ATTESTED","CANDIDATE_INTERPRETATION_REQUIRES_EXPERT_REVIEW","NOT_SUPPLIED"
"FSS-AGA-FORM-012","AGA 012.447","49","23","raw PDF page 23; AGA 012.447; Protocol question column","NAMCARs 139.10.10 | NAMCATS 139.10.10","Is the surface of each taxiway constructed without irregularities that would impair the runway surface friction characteristics or otherwise adversely affect the taxiing of an aeroplane?","sha256:35ac5cd5fb669cf6cecf0b6cc7a98ffec3b56e99ceb8023f3719398b5170b79d","all-forms-preview-012-0049","PROPOSED_SAFETY_CRITICAL","AERODROME_OPERATIONAL_SAFETY","true","SOURCE_MAPPING_REQUIRED","NOT_ATTESTED","CANDIDATE_INTERPRETATION_REQUIRES_EXPERT_REVIEW","NOT_SUPPLIED"
"FSS-AGA-FORM-012","AGA 012.461","50","24","raw PDF page 24; AGA 012.461; Protocol question column","NAMCARs 139.10.10 | NAMCATS 139.10.10","Is there one or more taxiway on a bridge?","sha256:71d32cd50f4b4c0e210ce2c52816e167a321dc2e1c4d801a466e1b9fd384da22","all-forms-preview-012-0050","PROPOSED_HIGH_OPERATIONAL","OPERATIONAL_ASSURANCE","false","SOURCE_MAPPING_REQUIRED","NOT_ATTESTED","CANDIDATE_INTERPRETATION_REQUIRES_EXPERT_REVIEW","NOT_SUPPLIED"
"FSS-AGA-FORM-012","AGA 012.471","51","26","raw PDF page 26; AGA 012.471; Protocol question column","NAMCARs 139.10.11 | NAMCATS 139.10.11","Are straight portions of a taxiway provided with shoulders which extend symmetrically on each side of the taxiway so that the overall width of the taxiway and its shoulders on straight portions conform to the requirements for the letter code of the aerodrome reference code?","sha256:acde004f08cb1e25413a54f11f9a2ce9fa2d113e245e7a62562e53669fef9432","all-forms-preview-012-0051","PROPOSED_HIGH_OPERATIONAL","OPERATIONAL_ASSURANCE","false","SOURCE_MAPPING_REQUIRED","NOT_ATTESTED","CANDIDATE_INTERPRETATION_REQUIRES_EXPERT_REVIEW","NOT_SUPPLIED"
"FSS-AGA-FORM-012","AGA 012.473","52","26","raw PDF page 26; AGA 012.473; Protocol question column","NAMCARs 139.10.11 | NAMCATS 139.10.11","where increased pavement is provided, is the shoulder width should equal or greater than that on the adjacent straight portions of the taxiway?","sha256:c5bbe564f2ff8ea9ec5ea6c5afab699e8714766ae3e01cc89f106cbff69a9b79","all-forms-preview-012-0052","PROPOSED_HIGH_OPERATIONAL","OPERATIONAL_ASSURANCE","false","SOURCE_MAPPING_REQUIRED","NOT_ATTESTED","CANDIDATE_INTERPRETATION_REQUIRES_EXPERT_REVIEW","NOT_SUPPLIED"
"FSS-AGA-FORM-012","AGA 012.475","53","26","raw PDF page 26; AGA 012.475; Protocol question column","NAMCARs 139.10.11 | NAMCATS 139.10.11","Is the taxiway intended for turbine-engined aeroplanes?","sha256:7764bc70f3279cdbdd14bce659a50589fab06601459dd06e2991314ea4b908fc","all-forms-preview-012-0053","PROPOSED_HIGH_OPERATIONAL","OPERATIONAL_ASSURANCE","false","SOURCE_MAPPING_REQUIRED","NOT_ATTESTED","CANDIDATE_INTERPRETATION_REQUIRES_EXPERT_REVIEW","NOT_SUPPLIED"
"FSS-AGA-FORM-012","AGA 012.481","54","27","raw PDF page 27; AGA 012.481; Protocol question column","NAMCARs 139.10.11 | NAMCATS 139.10.11 | NAMCARs 139.10.12 | NAMCATS 139.10.12 | NAMCATS 139.10.10","Is each taxiway other than aircraft stand taxi lane included in a strip?","sha256:911d2b5c36ce1b5e8862516e1699cd6757e685dd999639fe0c91967605ee42bd","all-forms-preview-012-0054","PROPOSED_SAFETY_CRITICAL","AERODROME_OPERATIONAL_SAFETY","true","SOURCE_MAPPING_REQUIRED","NOT_ATTESTED","CANDIDATE_INTERPRETATION_REQUIRES_EXPERT_REVIEW","NOT_SUPPLIED"
"FSS-AGA-FORM-012","AGA 012.487","55","27","raw PDF page 27; AGA 012.487; Protocol question column","NAMCARs 139.10.12 | NAMCATS 139.10.10 | NAMCATS 139.10.12","Is the taxiway strip provided with an area clear of objects which may endanger taxiing aeroplanes?","sha256:5610e5ba2ebe66b012d1f6d85fbf0b6094add7635acfccffdcd014b20a2bcc45","all-forms-preview-012-0055","PROPOSED_HIGH_OPERATIONAL","OPERATIONAL_ASSURANCE","false","SOURCE_MAPPING_REQUIRED","NOT_ATTESTED","CANDIDATE_INTERPRETATION_REQUIRES_EXPERT_REVIEW","NOT_SUPPLIED"
"FSS-AGA-FORM-012","AGA 012.489","56","27","raw PDF page 27; AGA 012.489; Protocol question column","NAMCARs 139.10.12 | NAMCATS 139.10.12","Is the centre portion of a taxiway strip provided with a graded area to a distance from the centre line of the taxiway conform to the letter code of aerodrome reference code?","sha256:6b148496b96b8c16e1fd09c25ba6986c84392fbba6104c5adb7588a82b3db8c7","all-forms-preview-012-0056","PROPOSED_HIGH_OPERATIONAL","OPERATIONAL_ASSURANCE","false","SOURCE_MAPPING_REQUIRED","NOT_ATTESTED","CANDIDATE_INTERPRETATION_REQUIRES_EXPERT_REVIEW","NOT_SUPPLIED"
"FSS-AGA-FORM-012","AGA 012.493","57","28","raw PDF page 28; AGA 012.493; Protocol question column","NAMCARs 139.10.12 | NAMCATS 139.10.12","Is the surface of the strip flush at the edge of the taxiway or shoulder, if provided, and transverse slope of the graded portion conforms to the letter code of aerodrome reference code?","sha256:d40128f9944b305d872389f5a4a4643fcfd4cccb6717ce28f563af4ed5bee79a","all-forms-preview-012-0057","PROPOSED_HIGH_OPERATIONAL","OPERATIONAL_ASSURANCE","false","SOURCE_MAPPING_REQUIRED","NOT_ATTESTED","CANDIDATE_INTERPRETATION_REQUIRES_EXPERT_REVIEW","NOT_SUPPLIED"
"FSS-AGA-FORM-012","AGA 012.495","58","28","raw PDF page 28; AGA 012.495; Protocol question column","NAMCARs 139.10.12 | NAMCATS 139.10.12","Are the transverse slopes on any portion of a taxiway strip beyond that to be graded below an upward or downward slope of 5 per cent as measured in the direction away from the taxiway?","sha256:e8bc0b5aca628d519f38e291ca5bc88fca77154a6139d3619ff3a4bd9d15a233","all-forms-preview-012-0058","PROPOSED_HIGH_OPERATIONAL","OPERATIONAL_ASSURANCE","false","SOURCE_MAPPING_REQUIRED","NOT_ATTESTED","CANDIDATE_INTERPRETATION_REQUIRES_EXPERT_REVIEW","NOT_SUPPLIED"
"FSS-AGA-FORM-012","AGA 012.502","59","28","raw PDF page 28; AGA 012.502; Protocol question column","NAMCARs 139.10.12 | NAMCATS 139.10.12 | NAMCARs 139.10.13 | NAMCATS 139.10.13","Are holding – bays provided for medium or heavy traffic density runways?","sha256:43c442bff1dd9319d8b4aece0f3bb3bda2a0fe8988d81a6d730c3b020cad2061","all-forms-preview-012-0059","PROPOSED_SAFETY_CRITICAL","AERODROME_OPERATIONAL_SAFETY","true","SOURCE_MAPPING_REQUIRED","NOT_ATTESTED","CANDIDATE_INTERPRETATION_REQUIRES_EXPERT_REVIEW","NOT_SUPPLIED"
"FSS-AGA-FORM-012","AGA 012.504","60","28","raw PDF page 28; AGA 012.504; Protocol question column","NAMCARs 139.10.13 | NAMCATS 139.10.13","Are runway-holding positions provided on the taxiways, at the intersection of a taxiway and a runway?","sha256:c7f81d79c5b32fb05d092cd9c55b0ee58bd76cc1c5895eec9b193a917756db51","all-forms-preview-012-0060","PROPOSED_SAFETY_CRITICAL","AERODROME_OPERATIONAL_SAFETY","true","SOURCE_MAPPING_REQUIRED","NOT_ATTESTED","CANDIDATE_INTERPRETATION_REQUIRES_EXPERT_REVIEW","NOT_SUPPLIED"
"FSS-AGA-FORM-012","AGA 012.506","61","29","raw PDF page 29; AGA 012.506; Protocol question column","NAMCARs 139.10.13 | NAMCATS 139.10.13","Are runway-holding positions provided at intersection of a runway with another runway when the former runway is part of a standard taxi route?","sha256:47e589236a2711591545e6d4765b743748ce8ed6146db91d2274100ed142fa53","all-forms-preview-012-0061","PROPOSED_SAFETY_CRITICAL","AERODROME_OPERATIONAL_SAFETY","true","SOURCE_MAPPING_REQUIRED","NOT_ATTESTED","CANDIDATE_INTERPRETATION_REQUIRES_EXPERT_REVIEW","NOT_SUPPLIED"
"FSS-AGA-FORM-012","AGA 012.508","62","29","raw PDF page 29; AGA 012.508; Protocol question column","NAMCARs 139.10.13 | NAMCATS 139.10.13","Are runway-holding positions provided on the taxiways, when the location or alignment of the taxiway is such that a taxiing aircraft or vehicle can infringe an obstacle limitation surface?","sha256:7a7c73a29bab64ebecca0a2315025f4afa1045a32cf3592c3ae8151999d23b28","all-forms-preview-012-0062","PROPOSED_SAFETY_CRITICAL","AERODROME_OPERATIONAL_SAFETY","true","SOURCE_MAPPING_REQUIRED","NOT_ATTESTED","CANDIDATE_INTERPRETATION_REQUIRES_EXPERT_REVIEW","NOT_SUPPLIED"
"FSS-AGA-FORM-012","AGA 012.510","63","29","raw PDF page 29; AGA 012.510; Protocol question column","NAMCARs 139.10.13 | NAMCATS 139.10.13","Are runway-holding positions provided on the taxiways when the location or alignment of the taxiway is such that a taxiing aircraft or vehicle can interfere with the operation of radio navigation aids?","sha256:d23987d6c01d8b14c02ab6076d054692a36e918328a48d66ce412cd36343c114","all-forms-preview-012-0063","PROPOSED_SAFETY_CRITICAL","AERODROME_OPERATIONAL_SAFETY","true","SOURCE_MAPPING_REQUIRED","NOT_ATTESTED","CANDIDATE_INTERPRETATION_REQUIRES_EXPERT_REVIEW","NOT_SUPPLIED"
"FSS-AGA-FORM-012","AGA 012.512","64","29","raw PDF page 29; AGA 012.512; Protocol question column","NAMCARs 139.10.13 | NAMCATS 139.10.13","Are intermediary holding positions established on a taxiway at any point other than a runway- holding position where it is desirable to define a specific holding limit?","sha256:a405f0113504cb13f96d2ae6ede00b984845565a33f6152ce532343b464e2915","all-forms-preview-012-0064","PROPOSED_SAFETY_CRITICAL","AERODROME_OPERATIONAL_SAFETY","true","SOURCE_MAPPING_REQUIRED","NOT_ATTESTED","CANDIDATE_INTERPRETATION_REQUIRES_EXPERT_REVIEW","NOT_SUPPLIED"
"FSS-AGA-FORM-012","AGA 012.514","65","30","raw PDF page 30; AGA 012.514; Protocol question column","NAMCARs 139.10.13 | NAMCATS 139.10.13","Are road-holding positions provided on the roads, at the intersection of the road and a runway?","sha256:7249aa566aeccb28b67c8cea7290d161b689492f81d7bafcf46e1b30e41323a2","all-forms-preview-012-0065","PROPOSED_SAFETY_CRITICAL","AERODROME_OPERATIONAL_SAFETY","true","SOURCE_MAPPING_REQUIRED","NOT_ATTESTED","CANDIDATE_INTERPRETATION_REQUIRES_EXPERT_REVIEW","NOT_SUPPLIED"
"FSS-AGA-FORM-012","AGA 012.516","66","30","raw PDF page 30; AGA 012.516; Protocol question column","NAMCARs 139.10.13 | NAMCATS 139.10.13","Are the distances between the holding-bay positions and the centre line of a runway conform to the requirements for number code of the aerodrome reference code and the type of approach?","sha256:d85149210e6f6e8916884344aab9fbde3ad30785300e7b3b7fa4d6359203504c","all-forms-preview-012-0066","PROPOSED_SAFETY_CRITICAL","AERODROME_OPERATIONAL_SAFETY","true","SOURCE_MAPPING_REQUIRED","NOT_ATTESTED","CANDIDATE_INTERPRETATION_REQUIRES_EXPERT_REVIEW","NOT_SUPPLIED"
"FSS-AGA-FORM-012","AGA 012.519","67","30","raw PDF page 30; AGA 012.519; Protocol question column","NAMCARs 139.10.13 | NAMCATS 139.10.13","Are the locations of holding-bay positions such that a holding aircraft or vehicle will not interfere with the operation of radio navigation aids?","sha256:b46df437a0415bedda759f63d8c4c857aa4937caa6021a7f4099f82bf61c661c","all-forms-preview-012-0067","PROPOSED_SAFETY_CRITICAL","AERODROME_OPERATIONAL_SAFETY","true","SOURCE_MAPPING_REQUIRED","NOT_ATTESTED","CANDIDATE_INTERPRETATION_REQUIRES_EXPERT_REVIEW","NOT_SUPPLIED"
"FSS-AGA-FORM-012","AGA 012.522","68","30","raw PDF page 30; AGA 012.522; Protocol question column","NAMCARs 139.10.13 | NAMCATS 139.10.13","Are the distances between the runway-holding positions established at a taxiway/runway intersection and the centre line of a runway conform to the requirements for number code of the aerodrome reference code and the type of approach?","sha256:973faed76c16fc4bfce5e0d14a2e96830507ec3c1d402b65c879adea468130c5","all-forms-preview-012-0068","PROPOSED_SAFETY_CRITICAL","AERODROME_OPERATIONAL_SAFETY","true","SOURCE_MAPPING_REQUIRED","NOT_ATTESTED","CANDIDATE_INTERPRETATION_REQUIRES_EXPERT_REVIEW","NOT_SUPPLIED"
"FSS-AGA-FORM-012","AGA 012.525","69","31","raw PDF page 31; AGA 012.525; Protocol question column","NAMCARs 139.10.13 | NAMCATS 139.10.13","Are the locations of runway-holding positions such that a holding aircraft or vehicle will not interfere with the operation of radio navigation aids?","sha256:20af52a8b01bde88c1e36c3748b78d2e66b13ea425b0847e2e16e46d1a0515f9","all-forms-preview-012-0069","PROPOSED_SAFETY_CRITICAL","AERODROME_OPERATIONAL_SAFETY","true","SOURCE_MAPPING_REQUIRED","NOT_ATTESTED","CANDIDATE_INTERPRETATION_REQUIRES_EXPERT_REVIEW","NOT_SUPPLIED"
"FSS-AGA-FORM-012","AGA 012.528","70","31","raw PDF page 31; AGA 012.528; Protocol question column","NAMCARs 139.10.13 | NAMCATS 139.10.13","Are the distances between the road-holding positions established at a road/runway intersection and the centre line of a runway conform to the requirements for number code of the aerodrome reference code and the type of approach?","sha256:24d6176e7d780772ddb7f7c9edb8a55f09418ca98da4e3c1c29f053c456c91b8","all-forms-preview-012-0070","PROPOSED_SAFETY_CRITICAL","AERODROME_OPERATIONAL_SAFETY","true","SOURCE_MAPPING_REQUIRED","NOT_ATTESTED","CANDIDATE_INTERPRETATION_REQUIRES_EXPERT_REVIEW","NOT_SUPPLIED"
"FSS-AGA-FORM-012","AGA 012.533","71","31","raw PDF page 31; AGA 012.533; Protocol question column","NAMCARs 139.10.13 | NAMCATS 139.10.13","Are the locations of road-holding positions such that a holding vehicle will not interfere with the operation of radio navigation aids?","sha256:db43db1eb5bcd8c41be7c962b86e0212939558b667d6c4e7872cf929568f4356","all-forms-preview-012-0071","PROPOSED_HIGH_OPERATIONAL","OPERATIONAL_ASSURANCE","false","SOURCE_MAPPING_REQUIRED","NOT_ATTESTED","CANDIDATE_INTERPRETATION_REQUIRES_EXPERT_REVIEW","NOT_SUPPLIED"
"FSS-AGA-FORM-012","AGA 012.537","72","31","raw PDF page 31; AGA 012.537; Protocol question column","NAMCARs 139.10.13 | NAMCATS 139.10.13","Are the locations of runway-holding positions such that a holding aircraft or vehicle will not infringe the obstacle-free zone, approach surface, take-off climb surface?","sha256:447eee4f6035198a463594b984024797cfbe439c6206cbd2d81fd168ee12402a","all-forms-preview-012-0072","PROPOSED_SAFETY_CRITICAL","AERODROME_OPERATIONAL_SAFETY","true","SOURCE_MAPPING_REQUIRED","NOT_ATTESTED","CANDIDATE_INTERPRETATION_REQUIRES_EXPERT_REVIEW","NOT_SUPPLIED"
"FSS-AGA-FORM-012","AGA 012.539","73","32","raw PDF page 32; AGA 012.539; Protocol question column","NAMCARs 139.10.13 | NAMCATS 139.10.13","Are the locations of runway-holding positions such that a holding aircraft or vehicle will not infringe ILS/MLS critical/ sensitive area?","sha256:b08ce4e52560cfb030e90e60dc4538eae40c00650c1d48b6a7a9a0cad426ebf4","all-forms-preview-012-0073","PROPOSED_SAFETY_CRITICAL","AERODROME_OPERATIONAL_SAFETY","true","SOURCE_MAPPING_REQUIRED","NOT_ATTESTED","CANDIDATE_INTERPRETATION_REQUIRES_EXPERT_REVIEW","NOT_SUPPLIED"
"FSS-AGA-FORM-012","AGA 012.602","74","32","raw PDF page 32; AGA 012.602; Protocol question column","NAMCARs 139.10.13 | NAMCATS 139.10.13 | NAMCARs 139.10.14 | NAMCATS 139.10.14","Are aprons provided where necessary to permit the on- and off-loading of passengers, cargo or mail as well as the servicing of aircraft without interfering with the aerodrome traffic?","sha256:d570d5bbdffdb4c0da0b65149972cac22de5c84a496354fbba3595dd2d02c6e7","all-forms-preview-012-0074","PROPOSED_SAFETY_CRITICAL","AERODROME_OPERATIONAL_SAFETY","true","SOURCE_MAPPING_REQUIRED","NOT_ATTESTED","CANDIDATE_INTERPRETATION_REQUIRES_EXPERT_REVIEW","NOT_SUPPLIED"
"FSS-AGA-FORM-012","AGA 012.604","75","32","raw PDF page 32; AGA 012.604; Protocol question column","NAMCARs 139.10.14 | NAMCATS 139.10.14","Is the total apron area adequate to permit expeditious handling of the aerodrome traffic at its maximum anticipated density?","sha256:18748a32df548681d0c1a7faf1bf40b4b6f3a10f2e09bd486c3bc85604e9e412","all-forms-preview-012-0075","PROPOSED_HIGH_OPERATIONAL","OPERATIONAL_ASSURANCE","false","SOURCE_MAPPING_REQUIRED","NOT_ATTESTED","CANDIDATE_INTERPRETATION_REQUIRES_EXPERT_REVIEW","NOT_SUPPLIED"
"FSS-AGA-FORM-012","AGA 012.608","76","32","raw PDF page 32; AGA 012.608; Protocol question column","NAMCARs 139.10.14 | NAMCATS 139.10.14","Is each part of apron capable of withstanding the traffic of the aircraft it is intended to serve?","sha256:7a9038cf627a343b77e21848156b56402f7adb77ea262ead77ec4af572ecce93","all-forms-preview-012-0076","PROPOSED_SAFETY_CRITICAL","AERODROME_OPERATIONAL_SAFETY","true","SOURCE_MAPPING_REQUIRED","NOT_ATTESTED","CANDIDATE_INTERPRETATION_REQUIRES_EXPERT_REVIEW","NOT_SUPPLIED"
"FSS-AGA-FORM-012","AGA 012.612","77","33","raw PDF page 33; AGA 012.612; Protocol question column","NAMCARs 139.10.14 | NAMCATS 139.10.14","Are the slopes on an apron, including those on an aircraft, stand taxi lane, sufficient to prevent accumulation of water on the surface of the apron but kept as level as drainage requirements permit?","sha256:af0265b2ca8e717f9e3e175cf7c935fc386142dd2ca4aa4018fbbf16c18877ac","all-forms-preview-012-0077","PROPOSED_SAFETY_CRITICAL","AERODROME_OPERATIONAL_SAFETY","true","SOURCE_MAPPING_REQUIRED","NOT_ATTESTED","CANDIDATE_INTERPRETATION_REQUIRES_EXPERT_REVIEW","NOT_SUPPLIED"
"FSS-AGA-FORM-012","AGA 012.614","78","33","raw PDF page 33; AGA 012.614; Protocol question column","NAMCARs 139.10.14 | NAMCATS 139.10.14","Are the slopes on aircraft stand taxi lane below or at 1 per cent?","sha256:20d0790b09d8f7fd2c30a10b5446be5f361855fcaba0f1ea2cea1687a7bf6ff4","all-forms-preview-012-0078","PROPOSED_SAFETY_CRITICAL","AERODROME_OPERATIONAL_SAFETY","true","SOURCE_MAPPING_REQUIRED","NOT_ATTESTED","CANDIDATE_INTERPRETATION_REQUIRES_EXPERT_REVIEW","NOT_SUPPLIED"
"FSS-AGA-FORM-012","AGA 012.622","79","33","raw PDF page 33; AGA 012.622; Protocol question column","NAMCARs 139.10.14 | NAMCATS 139.10.14","Are the aircraft stands designed so that clearances between an aircraft using the stand and any adjacent building, aircraft on another stand and other objects are conform to the requirement for the leter code of the aerodrome reference code?","sha256:784e0451cfe8ad73aed0be02a95343ff9f579120965136db54d2ec68ff1f7990","all-forms-preview-012-0079","PROPOSED_SAFETY_CRITICAL","AERODROME_OPERATIONAL_SAFETY","true","SOURCE_MAPPING_REQUIRED","NOT_ATTESTED","CANDIDATE_INTERPRETATION_REQUIRES_EXPERT_REVIEW","NOT_SUPPLIED"
"FSS-AGA-FORM-012","AGA 012.702","80","34","raw PDF page 34; AGA 012.702; Protocol question column","NAMCARs 139.10.15 | NAMCATS 139.10.15","Is an isolated aircraft parking position designated for the parking of an aircraft which is known or believed to be the subject of unlawful interference, or which for other reasons needs isolation from normal aerodrome activities?","sha256:05b821635268d5d122fa0d64053d5a58541638f248bfcc5268d2e0b85533c69a","all-forms-preview-012-0080","PROPOSED_SAFETY_CRITICAL","AERODROME_OPERATIONAL_SAFETY","true","SOURCE_MAPPING_REQUIRED","NOT_ATTESTED","CANDIDATE_INTERPRETATION_REQUIRES_EXPERT_REVIEW","NOT_SUPPLIED"
"FSS-AGA-FORM-012","AGA 012.648","81","34","raw PDF page 34; AGA 012.648; Protocol question column","NAMCARs 139.10.15 | NAMCATS 139.10.15","Is the isolated aircraft parking position located at least 100 m from other parking positions, buildings or public areas?","sha256:d17f927647bfba86fd793f85b24e669b02eb38157308c3c1fe9b1204f92bb67b","all-forms-preview-012-0081","PROPOSED_SAFETY_CRITICAL","AERODROME_OPERATIONAL_SAFETY","true","SOURCE_MAPPING_REQUIRED","NOT_ATTESTED","CANDIDATE_INTERPRETATION_REQUIRES_EXPERT_REVIEW","NOT_SUPPLIED"
"FSS-AGA-FORM-012","AGA 012.650","82","35","raw PDF page 35; AGA 012.650; Protocol question column","NAMCARs 139.10.15 | NAMCATS 139.10.15","Is the isolated aircraft parking position located over underground utilities?","sha256:4a5118e4529595b32bb2f34dac87c581bdbac4d8cc47dd0f65dab74f81decdee","all-forms-preview-012-0082","PROPOSED_SAFETY_CRITICAL","AERODROME_OPERATIONAL_SAFETY","true","SOURCE_MAPPING_REQUIRED","NOT_ATTESTED","CANDIDATE_INTERPRETATION_REQUIRES_EXPERT_REVIEW","NOT_SUPPLIED"
"FSS-AGA-FORM-013","AGA 013.101","1","1","raw PDF page 1; AGA 013.101; Protocol question column","NAMCARs 139.11.3","Is the aerodrome provided with Obstacles Limitation Surfaces (OLS)?","sha256:eca5efd71ab8ca5d05d1db1012644733718216436d7bbc5992bf029fedcb7566","all-forms-preview-013-0001","PROPOSED_SAFETY_CRITICAL","AERODROME_OPERATIONAL_SAFETY","true","SOURCE_MAPPING_REQUIRED","NOT_ATTESTED","CANDIDATE_INTERPRETATION_REQUIRES_EXPERT_REVIEW","NOT_SUPPLIED"
"FSS-AGA-FORM-013","AGA 013.103","2","1","raw PDF page 1; AGA 013.103; Protocol question column","NAMCARs 139.11.3 | NAMCARs 139.11.4 | NAMCATS 139.11.4","Do the OLS include a conical surface with dimensions that conform to the requirements for the aerodrome reference code and runway classification?","sha256:73e6bdaa7929cb7076ea212ef3c0f47e07d15fdd14ae5173738b7b8ecc802b6e","all-forms-preview-013-0002","PROPOSED_SAFETY_CRITICAL","AERODROME_OPERATIONAL_SAFETY","true","SOURCE_MAPPING_REQUIRED","NOT_ATTESTED","CANDIDATE_INTERPRETATION_REQUIRES_EXPERT_REVIEW","NOT_SUPPLIED"
"FSS-AGA-FORM-013","AGA 013.105","3","1","raw PDF page 1; AGA 013.105; Protocol question column","NAMCARs 139.11.4 | NAMCATS 139.11.4","Is the established conical surface free from obstacles that may endanger aircraft visual circling prior to landing?","sha256:051fd92f75814fc0e635031ab4fc41972c092eadfad2e4922a295ff2cc4d8874","all-forms-preview-013-0003","PROPOSED_SAFETY_CRITICAL","AERODROME_OPERATIONAL_SAFETY","true","SOURCE_MAPPING_REQUIRED","NOT_ATTESTED","CANDIDATE_INTERPRETATION_REQUIRES_EXPERT_REVIEW","NOT_SUPPLIED"
"FSS-AGA-FORM-013","AGA 013.111","4","2","raw PDF page 2; AGA 013.111; Protocol question column","NAMCARs 139.11.4 | NAMCATS 139.11.4","Do the OLS include an inner horizontal surface with dimensions that conform to the requirements for the aerodrome reference code and runway classification?","sha256:48677c84bb5d87b36f18f95cc784afb3ed7ddf15fea1ba37c48a5e9309a8f0f8","all-forms-preview-013-0004","PROPOSED_SAFETY_CRITICAL","AERODROME_OPERATIONAL_SAFETY","true","SOURCE_MAPPING_REQUIRED","NOT_ATTESTED","CANDIDATE_INTERPRETATION_REQUIRES_EXPERT_REVIEW","NOT_SUPPLIED"
"FSS-AGA-FORM-013","AGA 013.115","5","2","raw PDF page 2; AGA 013.115; Protocol question column","NAMCARs 139.11.4 | NAMCATS 139.11.4","Is the established inner horizontal surface free from obstacles that may endanger aircraft visual circling prior to landing?","sha256:33419b88324302cf67e120c2be823751489c2d2c626d2753ccb872515e4e9d39","all-forms-preview-013-0005","PROPOSED_SAFETY_CRITICAL","AERODROME_OPERATIONAL_SAFETY","true","SOURCE_MAPPING_REQUIRED","NOT_ATTESTED","CANDIDATE_INTERPRETATION_REQUIRES_EXPERT_REVIEW","NOT_SUPPLIED"
"FSS-AGA-FORM-013","AGA 013.121","6","2","raw PDF page 2; AGA 013.121; Protocol question column","NAMCARs 139.11.4 | NAMCATS 139.11.4","Do the OLS include an approach surface with dimensions that conform to the requirements for the aerodrome reference code and runway classification?","sha256:dd09d271fc2e4c0cc6c4508eb6f71839c59047696683d43f32605e81f22b190b","all-forms-preview-013-0006","PROPOSED_SAFETY_CRITICAL","AERODROME_OPERATIONAL_SAFETY","true","SOURCE_MAPPING_REQUIRED","NOT_ATTESTED","CANDIDATE_INTERPRETATION_REQUIRES_EXPERT_REVIEW","NOT_SUPPLIED"
"FSS-AGA-FORM-013","AGA 013.125","7","2","raw PDF page 2; AGA 013.125; Protocol question column","NAMCARs 139.11.4 | NAMCATS 139.11.4","Is the established approach surface free from obstacles that may endanger aircraft in the final phase of the approach-to- land manoeuvre?","sha256:65219fc42cbac12a7ac8e24ae8d5c0fa1378a1093c31e35534a3ef38c9d64c38","all-forms-preview-013-0007","PROPOSED_SAFETY_CRITICAL","AERODROME_OPERATIONAL_SAFETY","true","SOURCE_MAPPING_REQUIRED","NOT_ATTESTED","CANDIDATE_INTERPRETATION_REQUIRES_EXPERT_REVIEW","NOT_SUPPLIED"
"FSS-AGA-FORM-013","AGA 013.131","8","2","raw PDF page 2; AGA 013.131; Protocol question column","NAMCARs 139.11.4 | NAMCATS 139.11.4","Do the OLS include an inner approach surface with dimensions that conform to the requirements for the aerodrome reference code and runway classification?","sha256:298ce319b608de4633c3224ccf2e6ce9258fe529e79f1562e4445780080a67b9","all-forms-preview-013-0008","PROPOSED_SAFETY_CRITICAL","AERODROME_OPERATIONAL_SAFETY","true","SOURCE_MAPPING_REQUIRED","NOT_ATTESTED","CANDIDATE_INTERPRETATION_REQUIRES_EXPERT_REVIEW","NOT_SUPPLIED"
"FSS-AGA-FORM-013","AGA 013.135","9","3","raw PDF page 3; AGA 013.135; Protocol question column","NAMCARs 139.11.4 | NAMCATS 139.11.4","Is the established inner approach surface free from obstacles that may endanger aircraft flying precision approaches in the final phase of the approach-to- land manoeuvre?","sha256:0e5b17d194bdfdc19c3aa3da8aae127ac4e91f2bcbf84b934767b52076e40d53","all-forms-preview-013-0009","PROPOSED_SAFETY_CRITICAL","AERODROME_OPERATIONAL_SAFETY","true","SOURCE_MAPPING_REQUIRED","NOT_ATTESTED","CANDIDATE_INTERPRETATION_REQUIRES_EXPERT_REVIEW","NOT_SUPPLIED"
"FSS-AGA-FORM-013","AGA 013.141","10","3","raw PDF page 3; AGA 013.141; Protocol question column","NAMCARs 139.11.4 | NAMCATS 139.11.4","Do the OLS include a transitional surface with dimensions that conform to the requirements for the aerodrome reference code and runway classification?","sha256:eef67ac4c53822725555a90035004badfc3a14256cc049d6d1306345fc326061","all-forms-preview-013-0010","PROPOSED_SAFETY_CRITICAL","AERODROME_OPERATIONAL_SAFETY","true","SOURCE_MAPPING_REQUIRED","NOT_ATTESTED","CANDIDATE_INTERPRETATION_REQUIRES_EXPERT_REVIEW","NOT_SUPPLIED"
"FSS-AGA-FORM-013","AGA 013.145","11","3","raw PDF page 3; AGA 013.145; Protocol question column","NAMCARs 139.11.4 | NAMCATS 139.11.4","Is the established transitional surface free from obstacles that may endanger aircraft during approach to land and go round?","sha256:33fc3934c8695f81c3db18a00dd9b66084b711f06bd28cadedcb34aaf6b40ac2","all-forms-preview-013-0011","PROPOSED_SAFETY_CRITICAL","AERODROME_OPERATIONAL_SAFETY","true","SOURCE_MAPPING_REQUIRED","NOT_ATTESTED","CANDIDATE_INTERPRETATION_REQUIRES_EXPERT_REVIEW","NOT_SUPPLIED"
"FSS-AGA-FORM-013","AGA 013.151","12","3","raw PDF page 3; AGA 013.151; Protocol question column","NAMCARs 139.11.4 | NAMCATS 139.11.4","Do the OLS include an inner transitional surface with dimensions that conform to the requirements for the aerodrome reference code and runway classification?","sha256:ef8449280861bcab17857370d761bd55ec11582d392f6bf1ad3237735420cc73","all-forms-preview-013-0012","PROPOSED_SAFETY_CRITICAL","AERODROME_OPERATIONAL_SAFETY","true","SOURCE_MAPPING_REQUIRED","NOT_ATTESTED","CANDIDATE_INTERPRETATION_REQUIRES_EXPERT_REVIEW","NOT_SUPPLIED"
"FSS-AGA-FORM-013","AGA 013.155","13","4","raw PDF page 4; AGA 013.155; Protocol question column","NAMCARs 139.11.4 | NAMCATS 139.11.4","Is the established inner transitional surface free from obstacles that may endanger aircraft during precisions approaches to land and go round?","sha256:ee14c3844f5dd09f38d24da8f876e87a4d466ceed17c52c97858e630f4d2b099","all-forms-preview-013-0013","PROPOSED_SAFETY_CRITICAL","AERODROME_OPERATIONAL_SAFETY","true","SOURCE_MAPPING_REQUIRED","NOT_ATTESTED","CANDIDATE_INTERPRETATION_REQUIRES_EXPERT_REVIEW","NOT_SUPPLIED"
"FSS-AGA-FORM-013","AGA 013.161","14","4","raw PDF page 4; AGA 013.161; Protocol question column","NAMCARs 139.11.4 | NAMCATS 139.11.4","Do the OLS include a balked landing surface with dimensions that conform to the requirements for the aerodrome reference code and runway classification?","sha256:5b2de529a4c626bfb6c2da0361368b400e16aaa19b9a5a5f7d368673c22fbb2e","all-forms-preview-013-0014","PROPOSED_SAFETY_CRITICAL","AERODROME_OPERATIONAL_SAFETY","true","SOURCE_MAPPING_REQUIRED","NOT_ATTESTED","CANDIDATE_INTERPRETATION_REQUIRES_EXPERT_REVIEW","NOT_SUPPLIED"
"FSS-AGA-FORM-013","AGA 013.165","15","4","raw PDF page 4; AGA 013.165; Protocol question column","NAMCARs 139.11.4 | NAMCATS 139.11.4","Is the established balked landing surface free from obstacles that may endanger aircraft during balked landing for a precision approach?","sha256:8def3a537eede24a62bca39b3eac26a9a0703cae0a94f8f68e4b85ea8e10f041","all-forms-preview-013-0015","PROPOSED_SAFETY_CRITICAL","AERODROME_OPERATIONAL_SAFETY","true","SOURCE_MAPPING_REQUIRED","NOT_ATTESTED","CANDIDATE_INTERPRETATION_REQUIRES_EXPERT_REVIEW","NOT_SUPPLIED"
"FSS-AGA-FORM-013","AGA 013.171","16","4","raw PDF page 4; AGA 013.171; Protocol question column","NAMCARs 139.11.4 | NAMCATS 139.11.4","Do the OLS include a take- off climb surface with dimensions that conform to the requirements for the aerodrome reference code and runway classification?","sha256:8c16779f0da5956e2e42426ec641d7e135ec6cd9606362558b23a99b2de08297","all-forms-preview-013-0016","PROPOSED_SAFETY_CRITICAL","AERODROME_OPERATIONAL_SAFETY","true","SOURCE_MAPPING_REQUIRED","NOT_ATTESTED","CANDIDATE_INTERPRETATION_REQUIRES_EXPERT_REVIEW","NOT_SUPPLIED"
"FSS-AGA-FORM-013","AGA 013.175","17","4","raw PDF page 4; AGA 013.175; Protocol question column","NAMCARs 139.11.4 | NAMCATS 139.11.4","Is the established take-off climb surface free from obstacles that may endanger aircraft during take-off and climb?","sha256:480924adc82d915374a36764643bae5409adc866c198d4db688cc6564c261fae","all-forms-preview-013-0017","PROPOSED_SAFETY_CRITICAL","AERODROME_OPERATIONAL_SAFETY","true","SOURCE_MAPPING_REQUIRED","NOT_ATTESTED","CANDIDATE_INTERPRETATION_REQUIRES_EXPERT_REVIEW","NOT_SUPPLIED"
"FSS-AGA-FORM-013","AGA 013.181","18","5","raw PDF page 5; AGA 013.181; Protocol question column","NAMCARs 139.11.4 | NAMCATS 139.11.4 | NAMCARs 139.11.6 | NAMCATS 139.11.6","has the applicant developed and implemented mitigating measures?","sha256:92d5b9f11777ce59aec941afaaf229db1ce4268d09aebca29af0b1dd08028595","all-forms-preview-013-0018","PROPOSED_SAFETY_CRITICAL","AERODROME_OPERATIONAL_SAFETY","true","SOURCE_MAPPING_REQUIRED","NOT_ATTESTED","CANDIDATE_INTERPRETATION_REQUIRES_EXPERT_REVIEW","NOT_SUPPLIED"
"FSS-AGA-FORM-013","AGA 013.191","19","5","raw PDF page 5; AGA 013.191; Protocol question column","NAMCARs 139.11.6 | NAMCATS 139.11.6","Is there a procedure to ensure that no mobile object is permitted above the inner approach surface, the inner transitional surface or the balked landing surface, during the use of the runway for landing?","sha256:5b4ec9df0f90ac6396dce009dc0636b23b1f7c8166d18b6cec4856cd25c23173","all-forms-preview-013-0019","PROPOSED_SAFETY_CRITICAL","AERODROME_OPERATIONAL_SAFETY","true","SOURCE_MAPPING_REQUIRED","NOT_ATTESTED","CANDIDATE_INTERPRETATION_REQUIRES_EXPERT_REVIEW","NOT_SUPPLIED"
"FSS-AGA-FORM-014","AGA 014.102","1","1","raw PDF page 1; AGA 014.102; Protocol question column","","Is the aerodrome provided with wind direction indicator?","sha256:45ead6095b2d239cc8f8bece88d410682de95651e0829c60d4781539b24fc622","all-forms-preview-014-0001","PROPOSED_SAFETY_CRITICAL","AERODROME_OPERATIONAL_SAFETY","true","SOURCE_MAPPING_REQUIRED","NOT_ATTESTED","CANDIDATE_INTERPRETATION_REQUIRES_EXPERT_REVIEW","NOT_SUPPLIED"
"FSS-AGA-FORM-014","AGA 014.104","2","1","raw PDF page 1; AGA 014.104; Protocol question column","NAMCARs 139.12.3 | NAMCARs 139.12.4","Is the aerodrome provided with landing direction indicator?","sha256:4210257523e0b1fff101c3805fa6ee27537fd8c893ca0f2bad06a91585af73f0","all-forms-preview-014-0002","PROPOSED_SAFETY_CRITICAL","AERODROME_OPERATIONAL_SAFETY","true","SOURCE_MAPPING_REQUIRED","NOT_ATTESTED","CANDIDATE_INTERPRETATION_REQUIRES_EXPERT_REVIEW","NOT_SUPPLIED"
"FSS-AGA-FORM-014","AGA 014.106","3","1","raw PDF page 1; AGA 014.106; Protocol question column","NAMCARs 139.12.3 | NAMCARs 139.12.4","Is the aerodrome provided with signalling lamp?","sha256:3e1c3cd0267979a384a469f5a561230b9f1eb542c862114f817f1f61fe35fd65","all-forms-preview-014-0003","PROPOSED_SAFETY_CRITICAL","AERODROME_OPERATIONAL_SAFETY","true","SOURCE_MAPPING_REQUIRED","NOT_ATTESTED","CANDIDATE_INTERPRETATION_REQUIRES_EXPERT_REVIEW","NOT_SUPPLIED"
"FSS-AGA-FORM-014","AGA 014.108","4","2","raw PDF page 2; AGA 014.108; Protocol question column","NAMCARs 139.12.5","Is the aerodrome provided with signal panels and a signal area?","sha256:332e9722a42755370852f0deff3c3c886c2257670274af8ff4c12031514c5a47","all-forms-preview-014-0004","PROPOSED_SAFETY_CRITICAL","AERODROME_OPERATIONAL_SAFETY","true","SOURCE_MAPPING_REQUIRED","NOT_ATTESTED","CANDIDATE_INTERPRETATION_REQUIRES_EXPERT_REVIEW","NOT_SUPPLIED"
"FSS-AGA-FORM-014","AGA 014.202","5","2","raw PDF page 2; AGA 014.202; Protocol question column","NAMCARs 139.12.5 | NAMCARs 139.12.6","If there is more than one runway, has the applicant established the order of importance of the runways?","sha256:55b8bd8a03529cb24042416fec8d7b92ab185e6f92dac5ea2dbc19adc6d7fb98","all-forms-preview-014-0005","PROPOSED_SAFETY_CRITICAL","AERODROME_OPERATIONAL_SAFETY","true","SOURCE_MAPPING_REQUIRED","NOT_ATTESTED","CANDIDATE_INTERPRETATION_REQUIRES_EXPERT_REVIEW","NOT_SUPPLIED"
"FSS-AGA-FORM-014","AGA 014.204","6","2","raw PDF page 2; AGA 014.204; Protocol question column","NAMCARs 139.12.6","are the markings of the more important runway, except for the runway side stripe marking, displayed and the markings of the other runway(s) interrupted?","sha256:797efc582fb7b999b8dab8c5895489dff8ab5da3c7c715b66db29d67603875b6","all-forms-preview-014-0006","PROPOSED_SAFETY_CRITICAL","AERODROME_OPERATIONAL_SAFETY","true","SOURCE_MAPPING_REQUIRED","NOT_ATTESTED","CANDIDATE_INTERPRETATION_REQUIRES_EXPERT_REVIEW","NOT_SUPPLIED"
"FSS-AGA-FORM-014","AGA 014.206","7","3","raw PDF page 3; AGA 014.206; Protocol question column","NAMCARs 139.12.6","are the markings of the runway, except for the runway side stripe marking, displayed and the markings of the taxiway interrupted?","sha256:62bb6dc6a1bf2f0f50522d93c5c886c7b95733a22e638debad9741f7aea1fa0a","all-forms-preview-014-0007","PROPOSED_SAFETY_CRITICAL","AERODROME_OPERATIONAL_SAFETY","true","SOURCE_MAPPING_REQUIRED","NOT_ATTESTED","CANDIDATE_INTERPRETATION_REQUIRES_EXPERT_REVIEW","NOT_SUPPLIED"
"FSS-AGA-FORM-014","AGA 014.208","8","3","raw PDF page 3; AGA 014.208; Protocol question column","NAMCARs 139.12.6","Are all runway markings in white colour?","sha256:4370bffa3de4c01ad1b93b3872134632a2d19c1cb28f2756de966c1d6e885a1f","all-forms-preview-014-0008","PROPOSED_SAFETY_CRITICAL","AERODROME_OPERATIONAL_SAFETY","true","SOURCE_MAPPING_REQUIRED","NOT_ATTESTED","CANDIDATE_INTERPRETATION_REQUIRES_EXPERT_REVIEW","NOT_SUPPLIED"
"FSS-AGA-FORM-014","AGA 014.210","9","3","raw PDF page 3; AGA 014.210; Protocol question column","NAMCARs 139.12.6","Are all taxiway markings, runway turn pad markings and aircraft stand markings in yellow colour?","sha256:e611260b5c2a048883dac1ebe3788f4d64553aa86df3093e02ccfc412e8ef406","all-forms-preview-014-0009","PROPOSED_SAFETY_CRITICAL","AERODROME_OPERATIONAL_SAFETY","true","SOURCE_MAPPING_REQUIRED","NOT_ATTESTED","CANDIDATE_INTERPRETATION_REQUIRES_EXPERT_REVIEW","NOT_SUPPLIED"
"FSS-AGA-FORM-014","AGA 014.212","10","3","raw PDF page 3; AGA 014.212; Protocol question column","NAMCARs 139.12.6","Are the apron safety lines of a conspicuous colour that contrast with that used for aircraft stand markings?","sha256:115c723565fd8cf69e27ba82ca623dd19fd979ef109bb257ce308353e5d23ed9","all-forms-preview-014-0010","PROPOSED_SAFETY_CRITICAL","AERODROME_OPERATIONAL_SAFETY","true","SOURCE_MAPPING_REQUIRED","NOT_ATTESTED","CANDIDATE_INTERPRETATION_REQUIRES_EXPERT_REVIEW","NOT_SUPPLIED"
"FSS-AGA-FORM-014","AGA 014.214","11","4","raw PDF page 4; AGA 014.214; Protocol question column","NAMCARs 139.12.6","where operations take place at night, are pavement markings made with reflective materials designed to enhance the visibility of the markings?","sha256:d7b4516103a7d1682b9f0c04e96a45b8ac056e953720104dc27edd5aacc8d322","all-forms-preview-014-0011","PROPOSED_SAFETY_CRITICAL","AERODROME_OPERATIONAL_SAFETY","true","SOURCE_MAPPING_REQUIRED","NOT_ATTESTED","CANDIDATE_INTERPRETATION_REQUIRES_EXPERT_REVIEW","NOT_SUPPLIED"
"FSS-AGA-FORM-014","AGA 014.222","12","4","raw PDF page 4; AGA 014.222; Protocol question column","NAMCARs 139.12.6","Are runway designation markings provided at runway theresholds?","sha256:bd6d3469535fec8ba13259317796ffa3dc80086f2208252be60d14ccf8b4c466","all-forms-preview-014-0012","PROPOSED_SAFETY_CRITICAL","AERODROME_OPERATIONAL_SAFETY","true","SOURCE_MAPPING_REQUIRED","NOT_ATTESTED","CANDIDATE_INTERPRETATION_REQUIRES_EXPERT_REVIEW","NOT_SUPPLIED"
"FSS-AGA-FORM-014","AGA 014.224","13","4","raw PDF page 4; AGA 014.224; Protocol question column","NAMCARs 139.12.6","Are runway designation markings located at the appropriate place at threshold and in conformance to the requirements?","sha256:24b5a3b3b04a1cff71175eb1610e89f6cfe82cbb00ddee5eedf6f1b8821b18cc","all-forms-preview-014-0013","PROPOSED_SAFETY_CRITICAL","AERODROME_OPERATIONAL_SAFETY","true","SOURCE_MAPPING_REQUIRED","NOT_ATTESTED","CANDIDATE_INTERPRETATION_REQUIRES_EXPERT_REVIEW","NOT_SUPPLIED"
"FSS-AGA-FORM-014","AGA 014.226","14","4","raw PDF page 4; AGA 014.226; Protocol question column","NAMCARs 139.12.6","Are runway centreline markings provided?","sha256:81da24aafb2b117de82cdd06dec4840aa30721042a2b2fa72b639088c20bdc3b","all-forms-preview-014-0014","PROPOSED_SAFETY_CRITICAL","AERODROME_OPERATIONAL_SAFETY","true","SOURCE_MAPPING_REQUIRED","NOT_ATTESTED","CANDIDATE_INTERPRETATION_REQUIRES_EXPERT_REVIEW","NOT_SUPPLIED"
"FSS-AGA-FORM-014","AGA 014.228","15","5","raw PDF page 5; AGA 014.228; Protocol question column","NAMCARs 139.12.6","Are runway centreline markings located at the appropriate place along the centre line of the runway between the runways designation markings and in conformance to the dimension’s requirements for the type of approach?","sha256:73f0a231fadfbe6aac3394e36e5f6189d8603ffa84702e417de1e276f23a2f95","all-forms-preview-014-0015","PROPOSED_SAFETY_CRITICAL","AERODROME_OPERATIONAL_SAFETY","true","SOURCE_MAPPING_REQUIRED","NOT_ATTESTED","CANDIDATE_INTERPRETATION_REQUIRES_EXPERT_REVIEW","NOT_SUPPLIED"
"FSS-AGA-FORM-014","AGA 014.232","16","5","raw PDF page 5; AGA 014.232; Protocol question column","NAMCARs 139.12.6","Are threshold markings provided?","sha256:827a1364556540f739e37101bd4aee2aa6841710f9974360c206203273436628","all-forms-preview-014-0016","PROPOSED_SAFETY_CRITICAL","AERODROME_OPERATIONAL_SAFETY","true","SOURCE_MAPPING_REQUIRED","NOT_ATTESTED","CANDIDATE_INTERPRETATION_REQUIRES_EXPERT_REVIEW","NOT_SUPPLIED"
"FSS-AGA-FORM-014","AGA 014.234","17","5","raw PDF page 5; AGA 014.234; Protocol question column","NAMCARs 139.12.6","Are threshold markings located at the appropriate place and in conformance to the requirements?","sha256:89228ab0cfa3b8bebfa596be4cd2cac6437c5a9d27569ec9270d8a556051dc65","all-forms-preview-014-0017","PROPOSED_SAFETY_CRITICAL","AERODROME_OPERATIONAL_SAFETY","true","SOURCE_MAPPING_REQUIRED","NOT_ATTESTED","CANDIDATE_INTERPRETATION_REQUIRES_EXPERT_REVIEW","NOT_SUPPLIED"
"FSS-AGA-FORM-014","AGA 014.236","18","5","raw PDF page 5; AGA 014.236; Protocol question column","NAMCARs 139.12.6","Is the runway threshold displaced?","sha256:a1d9802e3bc929d95ff09c6133b1bb420a83b8c12d6ab3186a9827755f004513","all-forms-preview-014-0018","PROPOSED_SAFETY_CRITICAL","AERODROME_OPERATIONAL_SAFETY","true","SOURCE_MAPPING_REQUIRED","NOT_ATTESTED","CANDIDATE_INTERPRETATION_REQUIRES_EXPERT_REVIEW","NOT_SUPPLIED"
"FSS-AGA-FORM-014","AGA 014.242","19","6","raw PDF page 6; AGA 014.242; Protocol question column","NAMCARs 139.12.6","Are aiming points markings provided and in conformance to the requirements?","sha256:e2b023f0bf685ffcdf6aa7a548a541cd853ce1e5d011dd029082d9a1b4d6cdc4","all-forms-preview-014-0019","PROPOSED_SAFETY_CRITICAL","AERODROME_OPERATIONAL_SAFETY","true","SOURCE_MAPPING_REQUIRED","NOT_ATTESTED","CANDIDATE_INTERPRETATION_REQUIRES_EXPERT_REVIEW","NOT_SUPPLIED"
"FSS-AGA-FORM-014","AGA 014.244","20","6","raw PDF page 6; AGA 014.244; Protocol question column","NAMCARs 139.12.6","Are touchdown zone markings provided and in conformance to the requirements?","sha256:d529fa5facddb4682e7255a93f7445bab6edee2799db7d3bb6cd120d23ce9a7a","all-forms-preview-014-0020","PROPOSED_SAFETY_CRITICAL","AERODROME_OPERATIONAL_SAFETY","true","SOURCE_MAPPING_REQUIRED","NOT_ATTESTED","CANDIDATE_INTERPRETATION_REQUIRES_EXPERT_REVIEW","NOT_SUPPLIED"
"FSS-AGA-FORM-014","AGA 014.246","21","6","raw PDF page 6; AGA 014.246; Protocol question column","NAMCARs 139.12.6","Are runway stripe markings provided and in conformance to the requirements?","sha256:32a1402a7725344dbe2f9915acbbae08de2643c91e34daae770136aa54117681","all-forms-preview-014-0021","PROPOSED_SAFETY_CRITICAL","AERODROME_OPERATIONAL_SAFETY","true","SOURCE_MAPPING_REQUIRED","NOT_ATTESTED","CANDIDATE_INTERPRETATION_REQUIRES_EXPERT_REVIEW","NOT_SUPPLIED"
"FSS-AGA-FORM-014","AGA 014.248","22","6","raw PDF page 6; AGA 014.248; Protocol question column","NAMCARs 139.12.6","Are taxiway center-line markings provided and in conformance to the requirements?","sha256:17ad663b36e18ccfaf6617bf487a1532833648180003cce50038646e1122bf50","all-forms-preview-014-0022","PROPOSED_SAFETY_CRITICAL","AERODROME_OPERATIONAL_SAFETY","true","SOURCE_MAPPING_REQUIRED","NOT_ATTESTED","CANDIDATE_INTERPRETATION_REQUIRES_EXPERT_REVIEW","NOT_SUPPLIED"
"FSS-AGA-FORM-014","AGA 014.250","23","6","raw PDF page 6; AGA 014.250; Protocol question column","NAMCARs 139.12.6","Are enhanced taxiway center- line markings provided at each taxiway/runway intersection and in conformance to the requirements?","sha256:f34a74d2f1a8596d1c2272b9a508f301492901f14eda60d6dee775b7d84af606","all-forms-preview-014-0023","PROPOSED_SAFETY_CRITICAL","AERODROME_OPERATIONAL_SAFETY","true","SOURCE_MAPPING_REQUIRED","NOT_ATTESTED","CANDIDATE_INTERPRETATION_REQUIRES_EXPERT_REVIEW","NOT_SUPPLIED"
"FSS-AGA-FORM-014","AGA 014.252","24","7","raw PDF page 7; AGA 014.252; Protocol question column","NAMCARs 139.12.6","Are runway turn-pad markings provided and in conformance to the requirements?","sha256:b5009c516a6d8163e5079c6e01ab0a091967d2cd9bd0985dfee1fefe3dbb1fe2","all-forms-preview-014-0024","PROPOSED_SAFETY_CRITICAL","AERODROME_OPERATIONAL_SAFETY","true","SOURCE_MAPPING_REQUIRED","NOT_ATTESTED","CANDIDATE_INTERPRETATION_REQUIRES_EXPERT_REVIEW","NOT_SUPPLIED"
"FSS-AGA-FORM-014","AGA 014.254","25","7","raw PDF page 7; AGA 014.254; Protocol question column","NAMCARs 139.12.6","Are runway holding position markings provided at all runway holding positions and in conformance to the requirements?","sha256:30a0a5934a52933a307dfe5a62dbbf11aec7c593c3d36f1e11f32f8f1a613f3f","all-forms-preview-014-0025","PROPOSED_SAFETY_CRITICAL","AERODROME_OPERATIONAL_SAFETY","true","SOURCE_MAPPING_REQUIRED","NOT_ATTESTED","CANDIDATE_INTERPRETATION_REQUIRES_EXPERT_REVIEW","NOT_SUPPLIED"
"FSS-AGA-FORM-014","AGA 014.255","26","7","raw PDF page 7; AGA 014.255; Protocol question column","NAMCARs 139.12.6","Are intermediary holding position markings provided at all intermediary holding positions and in conformance to the requirements?","sha256:e3622a8fbf19d04fbce77f424f2915bfdfc13ae50296d34877e6e425b2690090","all-forms-preview-014-0026","PROPOSED_SAFETY_CRITICAL","AERODROME_OPERATIONAL_SAFETY","true","SOURCE_MAPPING_REQUIRED","NOT_ATTESTED","CANDIDATE_INTERPRETATION_REQUIRES_EXPERT_REVIEW","NOT_SUPPLIED"
"FSS-AGA-FORM-014","AGA 014.256","27","7","raw PDF page 7; AGA 014.256; Protocol question column","NAMCARs 139.12.6","Is a VOR aerodrome checkpoint position marking provided at the VOR aerodrome checkpoint and in conformance to the requirements?","sha256:f0bc46a6e0ed2639a3207f2a1a7546df0f869ace5399786394af6b23920efec3","all-forms-preview-014-0027","PROPOSED_SAFETY_CRITICAL","AERODROME_OPERATIONAL_SAFETY","true","SOURCE_MAPPING_REQUIRED","NOT_ATTESTED","CANDIDATE_INTERPRETATION_REQUIRES_EXPERT_REVIEW","NOT_SUPPLIED"
"FSS-AGA-FORM-014","AGA 014.258","28","7","raw PDF page 7; AGA 014.258; Protocol question column","NAMCARs 139.12.6","Are aircraft stands markings provided at the designated aircraft parking positions?","sha256:dd72a61aa8d587e334927040197c86d26f0c44ccd64d8b8a2fd474a9e8140051","all-forms-preview-014-0028","PROPOSED_SAFETY_CRITICAL","AERODROME_OPERATIONAL_SAFETY","true","SOURCE_MAPPING_REQUIRED","NOT_ATTESTED","CANDIDATE_INTERPRETATION_REQUIRES_EXPERT_REVIEW","NOT_SUPPLIED"
"FSS-AGA-FORM-014","AGA 014.260","29","8","raw PDF page 8; AGA 014.260; Protocol question column","NAMCARs 139.12.6","Do aircraft stands markings include stand identification, lead-in line, turn bar, turning line, alignment bar, stop line and lead-out line as required by the parking configuration and to complement other parking aids?","sha256:9f31441b83ad10abefbf2cd81869a7814ea95b003e92b7a2c061558875067173","all-forms-preview-014-0029","PROPOSED_SAFETY_CRITICAL","AERODROME_OPERATIONAL_SAFETY","true","SOURCE_MAPPING_REQUIRED","NOT_ATTESTED","CANDIDATE_INTERPRETATION_REQUIRES_EXPERT_REVIEW","NOT_SUPPLIED"
"FSS-AGA-FORM-014","AGA 014.262","30","8","raw PDF page 8; AGA 014.262; Protocol question column","NAMCARs 139.12.6","Are apron safety lines provided at the designated aircraft parking positions?","sha256:85989aae2065a9daf1f39de84cd820063f3c9caef3b5c4afc5f1fa42b0754330","all-forms-preview-014-0030","PROPOSED_SAFETY_CRITICAL","AERODROME_OPERATIONAL_SAFETY","true","SOURCE_MAPPING_REQUIRED","NOT_ATTESTED","CANDIDATE_INTERPRETATION_REQUIRES_EXPERT_REVIEW","NOT_SUPPLIED"
"FSS-AGA-FORM-014","AGA 014.264","31","8","raw PDF page 8; AGA 014.264; Protocol question column","NAMCARs 139.12.6","Are road holding position markings provided at all road entrances to runways and in conformance to the requirements?","sha256:82e7f71e8035e853512896f59412ead3046fedb48c7bbe14f6229466681855b8","all-forms-preview-014-0031","PROPOSED_SAFETY_CRITICAL","AERODROME_OPERATIONAL_SAFETY","true","SOURCE_MAPPING_REQUIRED","NOT_ATTESTED","CANDIDATE_INTERPRETATION_REQUIRES_EXPERT_REVIEW","NOT_SUPPLIED"
"FSS-AGA-FORM-014","AGA 014.266","32","8","raw PDF page 8; AGA 014.266; Protocol question column","NAMCARs 139.12.6","Where it is impracticable to install a mandatory instruction sign, is a mandatory instruction marking provided on the surface of the pavement and in conformance to the requirements?","sha256:1a9891bd9e1286a34db66b8d250505378a3a3571039c9efee2c871940f50b4ed","all-forms-preview-014-0032","PROPOSED_SAFETY_CRITICAL","AERODROME_OPERATIONAL_SAFETY","true","SOURCE_MAPPING_REQUIRED","NOT_ATTESTED","CANDIDATE_INTERPRETATION_REQUIRES_EXPERT_REVIEW","NOT_SUPPLIED"
"FSS-AGA-FORM-014","AGA 014.268","33","9","raw PDF page 9; AGA 014.268; Protocol question column","NAMCARs 139.12.6","Where it is impracticable to install an information sign, is an information marking displayed on the surface of the pavement and in conformance to the requirements?","sha256:b085317bac7aaedbb484c106c48c9cf9481468a34adf9c464f54ce141798d170","all-forms-preview-014-0033","PROPOSED_SAFETY_CRITICAL","AERODROME_OPERATIONAL_SAFETY","true","SOURCE_MAPPING_REQUIRED","NOT_ATTESTED","CANDIDATE_INTERPRETATION_REQUIRES_EXPERT_REVIEW","NOT_SUPPLIED"
"FSS-AGA-FORM-014","AGA 014.301","34","9","raw PDF page 9; AGA 014.301; Protocol question column","NAMCARs 139.12.6 | NAMCARs 139.01.13 | NAMCARs 139.12.7","Has the applicant conducted a survey to identify the non- aeronautical lights that may endanger the safety of aircraft?","sha256:7cc6687c61aca4a6d89c8479aedbabe4c0cf5b7cbc7f6e9e16a168646f48e479","all-forms-preview-014-0034","PROPOSED_SAFETY_CRITICAL","AERODROME_OPERATIONAL_SAFETY","true","SOURCE_MAPPING_REQUIRED","NOT_ATTESTED","CANDIDATE_INTERPRETATION_REQUIRES_EXPERT_REVIEW","NOT_SUPPLIED"
"FSS-AGA-FORM-014","AGA 014.303","35","9","raw PDF page 9; AGA 014.303; Protocol question column","NAMCARs 139.01.13 | NAMCARs 139.12.7","If a non- aeronautical light has been identified as it might endanger the safety of aircraft, has any mitigating measure been taken so as to eliminate the source of danger?","sha256:1ec4304d7b3e91b10c1036dcf65ae78b373ab6c92663176dbf15131e501cfd74","all-forms-preview-014-0035","PROPOSED_SAFETY_CRITICAL","AERODROME_OPERATIONAL_SAFETY","true","SOURCE_MAPPING_REQUIRED","NOT_ATTESTED","CANDIDATE_INTERPRETATION_REQUIRES_EXPERT_REVIEW","NOT_SUPPLIED"
"FSS-AGA-FORM-014","AGA 014.305","36","9","raw PDF page 9; AGA 014.305; Protocol question column","NAMCARs 139.01.13 | NAMCARs 139.12.7","Has protected zones been established around the aerodrome to protect the safety of aircraft against the hazardous effects of laser emitters?","sha256:16ed5953365b4537d2f647903da6a27a612be9ec2eafb1eb5f75aef71449055b","all-forms-preview-014-0036","PROPOSED_SAFETY_CRITICAL","AERODROME_OPERATIONAL_SAFETY","true","SOURCE_MAPPING_REQUIRED","NOT_ATTESTED","CANDIDATE_INTERPRETATION_REQUIRES_EXPERT_REVIEW","NOT_SUPPLIED"
"FSS-AGA-FORM-014","AGA 014.307","37","10","raw PDF page 10; AGA 014.307; Protocol question column","NAMCARs 139.01.13 | NAMCARs 139.12.7","Has the applicant conducted a survey to identify the non- aeronautical ground light which, by reason of its intensity, configuration or colour, might prevent, or cause confusion in, the clear interpretation of aeronautical ground lights?","sha256:bfeb803de4826db876242ec9bb3dc0b21c9bc626d0a39b239c46e062f7d144c9","all-forms-preview-014-0037","PROPOSED_SAFETY_CRITICAL","AERODROME_OPERATIONAL_SAFETY","true","SOURCE_MAPPING_REQUIRED","NOT_ATTESTED","CANDIDATE_INTERPRETATION_REQUIRES_EXPERT_REVIEW","NOT_SUPPLIED"
"FSS-AGA-FORM-014","AGA 014.309","38","10","raw PDF page 10; AGA 014.309; Protocol question column","NAMCARs 139.01.13 | NAMCARs 139.12.7","If a non- aeronautical light has been identified as it might prevent, or cause confusion in, the clear interpretation of aeronautical ground lights, has any mitigating measure been taken so as to eliminate the source of danger?","sha256:cc6446d1460fd70c79b9b0a73e0158333eea81522b57583fbde47d4deec9230d","all-forms-preview-014-0038","PROPOSED_SAFETY_CRITICAL","AERODROME_OPERATIONAL_SAFETY","true","SOURCE_MAPPING_REQUIRED","NOT_ATTESTED","CANDIDATE_INTERPRETATION_REQUIRES_EXPERT_REVIEW","NOT_SUPPLIED"
"FSS-AGA-FORM-014","AGA 014.311","39","10","raw PDF page 10; AGA 014.311; Protocol question column","NAMCARs 139.12.7","Are the elevated lights frangible?","sha256:5d0d9d6017723aa53309e06aa00f471c54e14163955a27ca537f2d011f822dfa","all-forms-preview-014-0039","PROPOSED_SAFETY_CRITICAL","AERODROME_OPERATIONAL_SAFETY","true","SOURCE_MAPPING_REQUIRED","NOT_ATTESTED","CANDIDATE_INTERPRETATION_REQUIRES_EXPERT_REVIEW","NOT_SUPPLIED"
"FSS-AGA-FORM-014","AGA 014.313","40","10","raw PDF page 10; AGA 014.313; Protocol question column","NAMCARs 139.12.7","When an approach light fixture or supporting structure is not in itself sufficiently conspicuous, is it suitably marked?","sha256:277104defbdadc6f89d60d909c4a094478f1f013b4ca08d091b3f76289fbe7c8","all-forms-preview-014-0040","PROPOSED_SAFETY_CRITICAL","AERODROME_OPERATIONAL_SAFETY","true","SOURCE_MAPPING_REQUIRED","NOT_ATTESTED","CANDIDATE_INTERPRETATION_REQUIRES_EXPERT_REVIEW","NOT_SUPPLIED"
"FSS-AGA-FORM-014","AGA 014.314","41","11","raw PDF page 11; AGA 014.314; Protocol question column","NAMCARs 139.12.7","Are the elevated runway, stopway and taxiway lights frangible?","sha256:f9e9b0277d1d9d3b3a7d347fd4068dd6959ee119d7ef6d2613a181310a1b7776","all-forms-preview-014-0041","PROPOSED_SAFETY_CRITICAL","AERODROME_OPERATIONAL_SAFETY","true","SOURCE_MAPPING_REQUIRED","NOT_ATTESTED","CANDIDATE_INTERPRETATION_REQUIRES_EXPERT_REVIEW","NOT_SUPPLIED"
"FSS-AGA-FORM-014","AGA 014.315","42","11","raw PDF page 11; AGA 014.315; Protocol question column","NAMCARs 139.12.7","Are the light fixtures inset in the surface of runways, stopways, taxiways and aprons designed and fitted as to withstand being run over by the wheels of an aircraft without damage either to the aircraft or to the lights themselves?","sha256:8ee972047f78335585288f8981992404881b567f21599d9342a5ea26d493f216","all-forms-preview-014-0042","PROPOSED_SAFETY_CRITICAL","AERODROME_OPERATIONAL_SAFETY","true","SOURCE_MAPPING_REQUIRED","NOT_ATTESTED","CANDIDATE_INTERPRETATION_REQUIRES_EXPERT_REVIEW","NOT_SUPPLIED"
"FSS-AGA-FORM-014","AGA 014.316","43","11","raw PDF page 11; AGA 014.316; Protocol question column","NAMCARs 139.12.7","Is the intensity of runway lighting adequate for the minimum conditions of visibility and ambient light in which use of the runway is intended, and compatible with that of the nearest section of the approach lighting system?","sha256:2cfd789df439e098410bc7d704e5caecb5090e7467d1fc948fea4ba06efc3e12","all-forms-preview-014-0043","PROPOSED_SAFETY_CRITICAL","AERODROME_OPERATIONAL_SAFETY","true","SOURCE_MAPPING_REQUIRED","NOT_ATTESTED","CANDIDATE_INTERPRETATION_REQUIRES_EXPERT_REVIEW","NOT_SUPPLIED"
"FSS-AGA-FORM-014","AGA 014.317","44","12","raw PDF page 12; AGA 014.317; Protocol question column","NAMCARs 139.12.7","Where a high- intensity lighting system is provided, is a suitable intensity control incorporated to allow for adjustment of the light intensity to meet the prevailing conditions ?","sha256:f9db737fa9201de3471ef46dfcea963233095d7712fb6361016c760e3b3445f0","all-forms-preview-014-0044","PROPOSED_SAFETY_CRITICAL","AERODROME_OPERATIONAL_SAFETY","true","SOURCE_MAPPING_REQUIRED","NOT_ATTESTED","CANDIDATE_INTERPRETATION_REQUIRES_EXPERT_REVIEW","NOT_SUPPLIED"
"FSS-AGA-FORM-014","AGA 014.318","45","12","raw PDF page 12; AGA 014.318; Protocol question column","NAMCARs 139.12.7","Where a high- intensity lighting system is provided, are separate intensity controls or other suitable methods provided to ensure that specific systems, when installed, can be operated at compatible intensities?","sha256:c827a787627c456f7f5708dad7a114e51da3d9e43ae3b3577fff660f2a9a14c8","all-forms-preview-014-0045","PROPOSED_SAFETY_CRITICAL","AERODROME_OPERATIONAL_SAFETY","true","SOURCE_MAPPING_REQUIRED","NOT_ATTESTED","CANDIDATE_INTERPRETATION_REQUIRES_EXPERT_REVIEW","NOT_SUPPLIED"
"FSS-AGA-FORM-014","AGA 014.319","46","12","raw PDF page 12; AGA 014.319; Protocol question column","NAMCARs 139.12.7","is the maximum light intensity value greater than three times the minimum light intensity value measured in accordance with the requirements?","sha256:c9c565450b62fd380c0cefa962b360437e1c888d065da60678fa419388e872d7","all-forms-preview-014-0046","PROPOSED_SAFETY_CRITICAL","AERODROME_OPERATIONAL_SAFETY","true","SOURCE_MAPPING_REQUIRED","NOT_ATTESTED","CANDIDATE_INTERPRETATION_REQUIRES_EXPERT_REVIEW","NOT_SUPPLIED"
"FSS-AGA-FORM-014","AGA 014.320","47","13","raw PDF page 13; AGA 014.320; Protocol question column","NAMCARs 139.12.7","is the maximum light intensity value greater than three times the minimum light intensity value measured in accordance with the requirements?","sha256:c9c565450b62fd380c0cefa962b360437e1c888d065da60678fa419388e872d7","all-forms-preview-014-0047","PROPOSED_SAFETY_CRITICAL","AERODROME_OPERATIONAL_SAFETY","true","SOURCE_MAPPING_REQUIRED","NOT_ATTESTED","CANDIDATE_INTERPRETATION_REQUIRES_EXPERT_REVIEW","NOT_SUPPLIED"
"FSS-AGA-FORM-014","AGA 014.321","48","13","raw PDF page 13; AGA 014.321; Protocol question column","NAMCARs 139.12.7","Is the aerodrome provided with sufficient emergency lights and in conformance to the requirements, if secondary power supply is not provided for runway lighting?","sha256:d50cedbba76c5c53a768ec1cf1cb00f548accf4afa707ed63f69fd5f6c1418eb","all-forms-preview-014-0048","PROPOSED_SAFETY_CRITICAL","AERODROME_OPERATIONAL_SAFETY","true","SOURCE_MAPPING_REQUIRED","NOT_ATTESTED","CANDIDATE_INTERPRETATION_REQUIRES_EXPERT_REVIEW","NOT_SUPPLIED"
"FSS-AGA-FORM-014","AGA 014.322","49","13","raw PDF page 13; AGA 014.322; Protocol question column","NAMCARs 139.12.7","Has the applicant conducted an assessment to determine the need for an aerodrome beacon or identification beacon?","sha256:45e8eca995b5ab61085036e945dbca8e0bffe403b5da7322bdbf8cf74c850d5e","all-forms-preview-014-0049","PROPOSED_SAFETY_CRITICAL","AERODROME_OPERATIONAL_SAFETY","true","SOURCE_MAPPING_REQUIRED","NOT_ATTESTED","CANDIDATE_INTERPRETATION_REQUIRES_EXPERT_REVIEW","NOT_SUPPLIED"
"FSS-AGA-FORM-014","AGA 014.323","50","13","raw PDF page 13; AGA 014.323; Protocol question column","NAMCARs 139.12.7","Is an aerodrome beacon provided and in conformance to the requirements?","sha256:a469544c9d239560cc7de2558cdebbd6234cb97471e1b8a7ecbe18ca04a995ff","all-forms-preview-014-0050","PROPOSED_SAFETY_CRITICAL","AERODROME_OPERATIONAL_SAFETY","true","SOURCE_MAPPING_REQUIRED","NOT_ATTESTED","CANDIDATE_INTERPRETATION_REQUIRES_EXPERT_REVIEW","NOT_SUPPLIED"
"FSS-AGA-FORM-014","AGA 014.324","51","13","raw PDF page 13; AGA 014.324; Protocol question column","NAMCARs 139.12.7","Is an identification beacon provided and in conformance to the requirements?","sha256:793f58fff913b5d6c2f2545ab417100dde363806c5590d2d4786672e3e1d49a3","all-forms-preview-014-0051","PROPOSED_SAFETY_CRITICAL","AERODROME_OPERATIONAL_SAFETY","true","SOURCE_MAPPING_REQUIRED","NOT_ATTESTED","CANDIDATE_INTERPRETATION_REQUIRES_EXPERT_REVIEW","NOT_SUPPLIED"
"FSS-AGA-FORM-014","AGA 014.325","52","14","raw PDF page 14; AGA 014.325; Protocol question column","NAMCARs 139.12.7","Is an approach lighting system provided and in conformance to the requirements for the type of approach?","sha256:2da2ce4bbb676fd6411e3457cee573a3ddeec65af31e8dfa806cf56cd0e36cef","all-forms-preview-014-0052","PROPOSED_SAFETY_CRITICAL","AERODROME_OPERATIONAL_SAFETY","true","SOURCE_MAPPING_REQUIRED","NOT_ATTESTED","CANDIDATE_INTERPRETATION_REQUIRES_EXPERT_REVIEW","NOT_SUPPLIED"
"FSS-AGA-FORM-014","AGA 014.326","53","14","raw PDF page 14; AGA 014.326; Protocol question column","NAMCARs 139.12.7","Has the applicant conducted an assessment of to determine the need for a visual approach slope indicator system?","sha256:12ef4dbcab53ef0b094f94fd443a8a2337604a644aa9b2f4035203ae792ac403","all-forms-preview-014-0053","PROPOSED_SAFETY_CRITICAL","AERODROME_OPERATIONAL_SAFETY","true","SOURCE_MAPPING_REQUIRED","NOT_ATTESTED","CANDIDATE_INTERPRETATION_REQUIRES_EXPERT_REVIEW","NOT_SUPPLIED"
"FSS-AGA-FORM-014","AGA 014.327","54","14","raw PDF page 14; AGA 014.327; Protocol question column","NAMCARs 139.12.7","Is a visual approach slope indicator system provided?","sha256:3f74dbb0d25ea6d6971d6e7aa5c4d163a07289f803f28cfde06b27c02f9f3696","all-forms-preview-014-0054","PROPOSED_SAFETY_CRITICAL","AERODROME_OPERATIONAL_SAFETY","true","SOURCE_MAPPING_REQUIRED","NOT_ATTESTED","CANDIDATE_INTERPRETATION_REQUIRES_EXPERT_REVIEW","NOT_SUPPLIED"
"FSS-AGA-FORM-014","AGA 014.331","55","15","raw PDF page 15; AGA 014.331; Protocol question column","NAMCARs 139.12.7","Are the location and characteristics of the visual approach slope indicator system in conformance to the requirements?","sha256:42920ac9eaa26efd9f36269d79c80191b1a73b8fc2a7684ce321409dcb3f39f7","all-forms-preview-014-0055","PROPOSED_SAFETY_CRITICAL","AERODROME_OPERATIONAL_SAFETY","true","SOURCE_MAPPING_REQUIRED","NOT_ATTESTED","CANDIDATE_INTERPRETATION_REQUIRES_EXPERT_REVIEW","NOT_SUPPLIED"
"FSS-AGA-FORM-014","AGA 014.333","56","15","raw PDF page 15; AGA 014.333; Protocol question column","NAMCARs 139.12.7","Are the approach slope and elevation setting of light units of the visual approach slope indicator system in conformance to the requirements?","sha256:14fa91f66573c041e1710fb66eda383d929878bb28ba4ddf604e88c1bd8c8795","all-forms-preview-014-0056","PROPOSED_SAFETY_CRITICAL","AERODROME_OPERATIONAL_SAFETY","true","SOURCE_MAPPING_REQUIRED","NOT_ATTESTED","CANDIDATE_INTERPRETATION_REQUIRES_EXPERT_REVIEW","NOT_SUPPLIED"
"FSS-AGA-FORM-014","AGA 014.335","57","15","raw PDF page 15; AGA 014.335; Protocol question column","NAMCARs 139.12.7","Is an obstacle protection surface established to protect the visual approach slope indicator system and in conformance to the requirements?","sha256:34cee0c9168c2daef781495b3abf682c33d1934556d4161c10c66a7a6afd2775","all-forms-preview-014-0057","PROPOSED_SAFETY_CRITICAL","AERODROME_OPERATIONAL_SAFETY","true","SOURCE_MAPPING_REQUIRED","NOT_ATTESTED","CANDIDATE_INTERPRETATION_REQUIRES_EXPERT_REVIEW","NOT_SUPPLIED"
"FSS-AGA-FORM-014","AGA 014.337","58","15","raw PDF page 15; AGA 014.337; Protocol question column","NAMCARs 139.12.7","Does the obstacle control procedure include a system to ensure that new objects or extensions of existing objects are not permitted above an obstacle protection surface except when the new object or extension would be shielded by an existing immovable object?","sha256:1dd0310f036256e670684eebc08b4aa1cd394bd0d4ddf31f1c3be1e9433d9ff7","all-forms-preview-014-0058","PROPOSED_SAFETY_CRITICAL","AERODROME_OPERATIONAL_SAFETY","true","SOURCE_MAPPING_REQUIRED","NOT_ATTESTED","CANDIDATE_INTERPRETATION_REQUIRES_EXPERT_REVIEW","NOT_SUPPLIED"
"FSS-AGA-FORM-014","AGA 014.339","59","16","raw PDF page 16; AGA 014.339; Protocol question column","NAMCARs 139.12.7","Does the obstacle control procedure include a system to ensure that existing objects above an obstacle protection surface are removed except when the object is shielded by an existing immovable object, or after aeronautical study it is determined that the object would not adversely affect the safety of operations of aeroplanes?","sha256:bfb51bfac38590f1b195b069a974b36800d2dd30c57592749a708a6415d492ee","all-forms-preview-014-0059","PROPOSED_SAFETY_CRITICAL","AERODROME_OPERATIONAL_SAFETY","true","SOURCE_MAPPING_REQUIRED","NOT_ATTESTED","CANDIDATE_INTERPRETATION_REQUIRES_EXPERT_REVIEW","NOT_SUPPLIED"
"FSS-AGA-FORM-014","AGA 014.341","60","16","raw PDF page 16; AGA 014.341; Protocol question column","NAMCARs 139.12.7","Where an aeronautical study indicates that an existing object extending above an obstacle protection surface could adversely affect the safety of operations of aeroplanes, has any mitigating measure been put in place?","sha256:23377210f3e84928e863a765cfcdd2ae5f96a5f8d518ecce6fbce2e916edcdd0","all-forms-preview-014-0060","PROPOSED_SAFETY_CRITICAL","AERODROME_OPERATIONAL_SAFETY","true","SOURCE_MAPPING_REQUIRED","NOT_ATTESTED","CANDIDATE_INTERPRETATION_REQUIRES_EXPERT_REVIEW","NOT_SUPPLIED"
"FSS-AGA-FORM-014","AGA 014.351","61","17","raw PDF page 17; AGA 014.351; Protocol question column","NAMCARs 139.12.7","Are circling guidance lights provided, their location and characteristics in conformance to the requirements?","sha256:9ca2aba1dfc158ab41b46c65e7c7eb926d65cda7b2327d034706c0afc6c622bc","all-forms-preview-014-0061","PROPOSED_SAFETY_CRITICAL","AERODROME_OPERATIONAL_SAFETY","true","SOURCE_MAPPING_REQUIRED","NOT_ATTESTED","CANDIDATE_INTERPRETATION_REQUIRES_EXPERT_REVIEW","NOT_SUPPLIED"
"FSS-AGA-FORM-014","AGA 014.353","62","17","raw PDF page 17; AGA 014.353; Protocol question column","NAMCARs 139.12.7","Is a runway lead-in lighting system provided, its location and characteristics in conformance to the requirements?","sha256:07ca0f44572d2e74e9112f0dc023b215d4f5911f388bdc927e8636cacc93cd96","all-forms-preview-014-0062","PROPOSED_SAFETY_CRITICAL","AERODROME_OPERATIONAL_SAFETY","true","SOURCE_MAPPING_REQUIRED","NOT_ATTESTED","CANDIDATE_INTERPRETATION_REQUIRES_EXPERT_REVIEW","NOT_SUPPLIED"
"FSS-AGA-FORM-014","AGA 014.355","63","17","raw PDF page 17; AGA 014.355; Protocol question column","NAMCARs 139.12.7","Are runway threshold identification lights provided, their location and characteristics in conformance to the requirements?","sha256:23b825018f0df5cdda3a53ef7437db6adbc72625626fb4ae1b685a9260eeb21d","all-forms-preview-014-0063","PROPOSED_SAFETY_CRITICAL","AERODROME_OPERATIONAL_SAFETY","true","SOURCE_MAPPING_REQUIRED","NOT_ATTESTED","CANDIDATE_INTERPRETATION_REQUIRES_EXPERT_REVIEW","NOT_SUPPLIED"
"FSS-AGA-FORM-014","AGA 014.357","64","17","raw PDF page 17; AGA 014.357; Protocol question column","NAMCARs 139.12.7","Are runway edge lights provided, their location and characteristics in conformance to the requirements?","sha256:723ed983e97e69abd1cfd91bc5f996f97df7618d893c7d25b9863a48deeee5fb","all-forms-preview-014-0064","PROPOSED_SAFETY_CRITICAL","AERODROME_OPERATIONAL_SAFETY","true","SOURCE_MAPPING_REQUIRED","NOT_ATTESTED","CANDIDATE_INTERPRETATION_REQUIRES_EXPERT_REVIEW","NOT_SUPPLIED"
"FSS-AGA-FORM-014","AGA 014.363","65","18","raw PDF page 18; AGA 014.363; Protocol question column","NAMCARs 139.12.7","Are runway threshold lights or wing bar lights fixed unidirectional lights showing green in the direction of approach to the runway ?","sha256:6b43dc1a1351f1e9b34ab2ee9ba887f4e84460ea89d5ffc42b4e2f3958c231a9","all-forms-preview-014-0065","PROPOSED_SAFETY_CRITICAL","AERODROME_OPERATIONAL_SAFETY","true","SOURCE_MAPPING_REQUIRED","NOT_ATTESTED","CANDIDATE_INTERPRETATION_REQUIRES_EXPERT_REVIEW","NOT_SUPPLIED"
"FSS-AGA-FORM-014","AGA 014.365","66","18","raw PDF page 18; AGA 014.365; Protocol question column","NAMCARs 139.12.7","Is the intensity and beam spread of the runway threshold lights or wing bar lights adequate for the conditions of visibility and ambient light in which use of the runway is intended?","sha256:2b222dd959aa3d30b2aafb82343b563775f8b6a7ecca6524540d20d97d3240bb","all-forms-preview-014-0066","PROPOSED_SAFETY_CRITICAL","AERODROME_OPERATIONAL_SAFETY","true","SOURCE_MAPPING_REQUIRED","NOT_ATTESTED","CANDIDATE_INTERPRETATION_REQUIRES_EXPERT_REVIEW","NOT_SUPPLIED"
"FSS-AGA-FORM-014","AGA 014.367","67","19","raw PDF page 19; AGA 014.367; Protocol question column","NAMCARs 139.12.7","Are runway threshold lights and wing bar lights on a precision approach runway in conformance to the applicable specifications ?","sha256:1e89678d5e77d74592ff7dd344ba09108b759c04d6ea3c9de68d3c3229c8091d","all-forms-preview-014-0067","PROPOSED_SAFETY_CRITICAL","AERODROME_OPERATIONAL_SAFETY","true","SOURCE_MAPPING_REQUIRED","NOT_ATTESTED","CANDIDATE_INTERPRETATION_REQUIRES_EXPERT_REVIEW","NOT_SUPPLIED"
"FSS-AGA-FORM-014","AGA 014.373","68","19","raw PDF page 19; AGA 014.373; Protocol question column","NAMCARs 139.12.7 | NAMCARs 139.12","Are runway end lights on a precision approach runway in conformance to the applicable specifications ?","sha256:777cbf74f7a8b9c9204ac6a2f1a5499bd2900b66c04457a628ed0d6bca132548","all-forms-preview-014-0068","PROPOSED_SAFETY_CRITICAL","AERODROME_OPERATIONAL_SAFETY","true","SOURCE_MAPPING_REQUIRED","NOT_ATTESTED","CANDIDATE_INTERPRETATION_REQUIRES_EXPERT_REVIEW","NOT_SUPPLIED"
"FSS-AGA-FORM-014","AGA 014.375","69","19","raw PDF page 19; AGA 014.375; Protocol question column","NAMCARs 139.12.7","Are runway centre line lights provided and in conformance to the applicable specifications?","sha256:38c82e1c9a893d7565a766f19796f37f752ebd7b7016ee4e7296fb8aa219e66b","all-forms-preview-014-0069","PROPOSED_SAFETY_CRITICAL","AERODROME_OPERATIONAL_SAFETY","true","SOURCE_MAPPING_REQUIRED","NOT_ATTESTED","CANDIDATE_INTERPRETATION_REQUIRES_EXPERT_REVIEW","NOT_SUPPLIED"
"FSS-AGA-FORM-014","AGA 014.377","70","20","raw PDF page 20; AGA 014.377; Protocol question column","NAMCARs 139.12.7","Are centre line guidance for take-off from the beginning of a runway to a displaced threshold provided and in conformance to the specifications?","sha256:defa1ac2294d44a0775a53dbcd79f5b827164af0dbefa2aa14d2cf52e3c16b10","all-forms-preview-014-0070","PROPOSED_SAFETY_CRITICAL","AERODROME_OPERATIONAL_SAFETY","true","SOURCE_MAPPING_REQUIRED","NOT_ATTESTED","CANDIDATE_INTERPRETATION_REQUIRES_EXPERT_REVIEW","NOT_SUPPLIED"
"FSS-AGA-FORM-014","AGA 014.381","71","20","raw PDF page 20; AGA 014.381; Protocol question column","NAMCARs 139.12.7 | NAMCARs 139.12","Are touchdown zone lights provided and in conformance to the specifications?","sha256:1a87b481efea787b736ce5fa6c175079954b6bdf260ee7c3ffe381b98a036530","all-forms-preview-014-0071","PROPOSED_SAFETY_CRITICAL","AERODROME_OPERATIONAL_SAFETY","true","SOURCE_MAPPING_REQUIRED","NOT_ATTESTED","CANDIDATE_INTERPRETATION_REQUIRES_EXPERT_REVIEW","NOT_SUPPLIED"
"FSS-AGA-FORM-014","AGA 014.383","72","20","raw PDF page 20; AGA 014.383; Protocol question column","NAMCARs 139.12.7 | NAMCARs 139.12","Are touchdown zone lights fixed unidirectional lights showing variable white?","sha256:bb41e1706b8d29f76d1019845cff0b15da5227b4e34ff70a2f926a077b40b850","all-forms-preview-014-0072","PROPOSED_SAFETY_CRITICAL","AERODROME_OPERATIONAL_SAFETY","true","SOURCE_MAPPING_REQUIRED","NOT_ATTESTED","CANDIDATE_INTERPRETATION_REQUIRES_EXPERT_REVIEW","NOT_SUPPLIED"
"FSS-AGA-FORM-014","AGA 014.385","73","20","raw PDF page 20; AGA 014.385; Protocol question column","NAMCARs 139.12.7","Are simple touchdown zone lights provided and in conformance to the specifications?","sha256:6d571129c1faa8aa34dfff861b47063b988f2611a3f6f6534f06fd72a827ef3e","all-forms-preview-014-0073","PROPOSED_SAFETY_CRITICAL","AERODROME_OPERATIONAL_SAFETY","true","SOURCE_MAPPING_REQUIRED","NOT_ATTESTED","CANDIDATE_INTERPRETATION_REQUIRES_EXPERT_REVIEW","NOT_SUPPLIED"
"FSS-AGA-FORM-014","AGA 014.387","74","21","raw PDF page 21; AGA 014.387; Protocol question column","NAMCARs 139.12.7","Are simple touchdown zone lights fixed unidirectional lights showing variable white aligned so as to be visible to the pilot of a landing aeroplane in the direction of approach to the runway?","sha256:5844db4fb6e5481227ecdc5ec9ed5d276ed27a908ba4cef1bc8d7a9905c5ca82","all-forms-preview-014-0074","PROPOSED_SAFETY_CRITICAL","AERODROME_OPERATIONAL_SAFETY","true","SOURCE_MAPPING_REQUIRED","NOT_ATTESTED","CANDIDATE_INTERPRETATION_REQUIRES_EXPERT_REVIEW","NOT_SUPPLIED"
"FSS-AGA-FORM-014","AGA 014.391","75","21","raw PDF page 21; AGA 014.391; Protocol question column","NAMCARs 139.12.7","Are rapid exit taxiways indicator lights provided and in conformance to the specifications?","sha256:d421d93440b31d9fa699c6e86cfc0501154783d5ab36589eb91c199918e0dd6f","all-forms-preview-014-0075","PROPOSED_SAFETY_CRITICAL","AERODROME_OPERATIONAL_SAFETY","true","SOURCE_MAPPING_REQUIRED","NOT_ATTESTED","CANDIDATE_INTERPRETATION_REQUIRES_EXPERT_REVIEW","NOT_SUPPLIED"
"FSS-AGA-FORM-014","AGA 014.393","76","21","raw PDF page 21; AGA 014.393; Protocol question column","NAMCARs 139.12.7","Are rapid exit taxiway indicator lights fixed unidirectional yellow lights, aligned so as to be visible to the pilot of a landing aeroplane in the direction of approach to the runway?","sha256:360e9c1b61027265176721eac5c4c9c31de0b41ae664c3cbcebf464e63e0b80d","all-forms-preview-014-0076","PROPOSED_SAFETY_CRITICAL","AERODROME_OPERATIONAL_SAFETY","true","SOURCE_MAPPING_REQUIRED","NOT_ATTESTED","CANDIDATE_INTERPRETATION_REQUIRES_EXPERT_REVIEW","NOT_SUPPLIED"
"FSS-AGA-FORM-014","AGA 014.395","77","21","raw PDF page 21; AGA 014.395; Protocol question column","NAMCARs 139.12.7","Are stopway lights provided and in conformance to the specifications?","sha256:75785a2f97fd4ebf3cbaf2e50824f803644c855b118c97a4cae3e321b68a8247","all-forms-preview-014-0077","PROPOSED_SAFETY_CRITICAL","AERODROME_OPERATIONAL_SAFETY","true","SOURCE_MAPPING_REQUIRED","NOT_ATTESTED","CANDIDATE_INTERPRETATION_REQUIRES_EXPERT_REVIEW","NOT_SUPPLIED"
"FSS-AGA-FORM-014","AGA 014.397","78","21","raw PDF page 21; AGA 014.397; Protocol question column","NAMCARs 139.12.7","Are stopway lights fixed unidirectional lights showing red in the direction of the runway?","sha256:32017ac358cecc5aa53ebd3a3f898d925cbdeac218b75835fdda3425ab3318b1","all-forms-preview-014-0078","PROPOSED_SAFETY_CRITICAL","AERODROME_OPERATIONAL_SAFETY","true","SOURCE_MAPPING_REQUIRED","NOT_ATTESTED","CANDIDATE_INTERPRETATION_REQUIRES_EXPERT_REVIEW","NOT_SUPPLIED"
"FSS-AGA-FORM-014","AGA 014.401","79","22","raw PDF page 22; AGA 014.401; Protocol question column","NAMCARs 139.12.7","Are taxiway centre line lights provided on exit taxiway, and apron intended for use in runway visual range conditions less than a value of 350 m in such a manner as to provide continuous guidance between the runway centre line and aircraft stands?","sha256:81355850ade1f407e1faec3046ac673d33ef97d9de13941ceb194aac5b39497d","all-forms-preview-014-0079","PROPOSED_SAFETY_CRITICAL","AERODROME_OPERATIONAL_SAFETY","true","SOURCE_MAPPING_REQUIRED","NOT_ATTESTED","CANDIDATE_INTERPRETATION_REQUIRES_EXPERT_REVIEW","NOT_SUPPLIED"
"FSS-AGA-FORM-014","AGA 014.403","80","22","raw PDF page 22; AGA 014.403; Protocol question column","NAMCARs 139.12.7","Are taxiway centre line lights provided on exit taxiway, taxiway, and apron in all visibility conditions where specified as components of an advanced surface movement guidance and control system in such a manner as to provide continuous guidance between the runway centre line and aircraft stands?","sha256:1ab8c769370490740c56dde2b44df634f0dbe74e8009486242b81b3e53835ef5","all-forms-preview-014-0080","PROPOSED_SAFETY_CRITICAL","AERODROME_OPERATIONAL_SAFETY","true","SOURCE_MAPPING_REQUIRED","NOT_ATTESTED","CANDIDATE_INTERPRETATION_REQUIRES_EXPERT_REVIEW","NOT_SUPPLIED"
"FSS-AGA-FORM-014","AGA 014.405","81","22","raw PDF page 22; AGA 014.405; Protocol question column","NAMCARs 139.12.7","Are taxiway centre line lights provided on a runway forming part of a standard taxi- route and intended for taxiing in runway visual range conditions less than a value of 350 m?","sha256:042a691ab9d439fe26c20d0ae860c3687827e63c86a33808b810bf85de5fd7c9","all-forms-preview-014-0081","PROPOSED_SAFETY_CRITICAL","AERODROME_OPERATIONAL_SAFETY","true","SOURCE_MAPPING_REQUIRED","NOT_ATTESTED","CANDIDATE_INTERPRETATION_REQUIRES_EXPERT_REVIEW","NOT_SUPPLIED"
"FSS-AGA-FORM-014","AGA 014.407","82","23","raw PDF page 23; AGA 014.407; Protocol question column","NAMCARs 139.12.7","Are taxiway centre line lights provided on runway forming part of a standard taxi- route in all visibility conditions where specified as components of an advanced surface movement guidance and control system?","sha256:a1a34822af45b358ed4e714ad962ecfa9bbd708179454d65a231011b397e5996","all-forms-preview-014-0082","PROPOSED_SAFETY_CRITICAL","AERODROME_OPERATIONAL_SAFETY","true","SOURCE_MAPPING_REQUIRED","NOT_ATTESTED","CANDIDATE_INTERPRETATION_REQUIRES_EXPERT_REVIEW","NOT_SUPPLIED"
"FSS-AGA-FORM-014","AGA 014.409","83","23","raw PDF page 23; AGA 014.409; Protocol question column","NAMCARs 139.12.7","Are taxiway centre line lights in conformance to the applicable requirements?","sha256:61c0959aec767f21837f5bb3d1622fa001e9dd4c9fa50f0ebb17414168dadc2f","all-forms-preview-014-0083","PROPOSED_SAFETY_CRITICAL","AERODROME_OPERATIONAL_SAFETY","true","SOURCE_MAPPING_REQUIRED","NOT_ATTESTED","CANDIDATE_INTERPRETATION_REQUIRES_EXPERT_REVIEW","NOT_SUPPLIED"
"FSS-AGA-FORM-014","AGA 014.411","84","23","raw PDF page 23; AGA 014.411; Protocol question column","NAMCARs 139.12.7","Are taxiway edge lights provided at the edges of a runway turn pad, holding bay, apron, etc., intended for use at night and on a taxiway not provided with taxiway centre line lights and intended for use at night?","sha256:04a8aabc080119a0396847feecedfb95ba2f13758e1dbcaa20e99878210f54e2","all-forms-preview-014-0084","PROPOSED_SAFETY_CRITICAL","AERODROME_OPERATIONAL_SAFETY","true","SOURCE_MAPPING_REQUIRED","NOT_ATTESTED","CANDIDATE_INTERPRETATION_REQUIRES_EXPERT_REVIEW","NOT_SUPPLIED"
"FSS-AGA-FORM-014","AGA 014.413","85","23","raw PDF page 23; AGA 014.413; Protocol question column","NAMCARs 139.12.7","Are taxiway edge lights provided on a runway forming part of a standard taxi- route and intended for taxiing at night where the runway is not provided with taxiway centre line lights?","sha256:27d29bfe89817cb0aeb5aea8a17ca58859a84825e5a1641f69fdc60f5fd6608e","all-forms-preview-014-0085","PROPOSED_SAFETY_CRITICAL","AERODROME_OPERATIONAL_SAFETY","true","SOURCE_MAPPING_REQUIRED","NOT_ATTESTED","CANDIDATE_INTERPRETATION_REQUIRES_EXPERT_REVIEW","NOT_SUPPLIED"
"FSS-AGA-FORM-014","AGA 014.415","86","24","raw PDF page 24; AGA 014.415; Protocol question column","NAMCARs 139.12.7","Are taxiway edge lights in conformance to the applicable requirements?","sha256:91983e75a1c4b69464f3ba343d617f0261bdf6a89fba7891a98c01f3a525b2d2","all-forms-preview-014-0086","PROPOSED_SAFETY_CRITICAL","AERODROME_OPERATIONAL_SAFETY","true","SOURCE_MAPPING_REQUIRED","NOT_ATTESTED","CANDIDATE_INTERPRETATION_REQUIRES_EXPERT_REVIEW","NOT_SUPPLIED"
"FSS-AGA-FORM-014","AGA 014.421","87","24","raw PDF page 24; AGA 014.421; Protocol question column","NAMCARs 139.12.7","Are runway turn pad lights provided for continuous guidance on a runway turn pad intended for use in runway visual range conditions less than a value of 350 m?","sha256:b84007142574023729127147ec26ee45139bc01524904873cb4738f01c511ea9","all-forms-preview-014-0087","PROPOSED_SAFETY_CRITICAL","AERODROME_OPERATIONAL_SAFETY","true","SOURCE_MAPPING_REQUIRED","NOT_ATTESTED","CANDIDATE_INTERPRETATION_REQUIRES_EXPERT_REVIEW","NOT_SUPPLIED"
"FSS-AGA-FORM-014","AGA 014.423","88","24","raw PDF page 24; AGA 014.423; Protocol question column","NAMCARs 139.12.7","Are runway turn pad lights provided for continuous guidance on a runway turn pad intended for use at night?","sha256:b34d9436818dfa352da3a5a2fa1eb462fe159db1a4c76d685c54ce5c4d7d3efc","all-forms-preview-014-0088","PROPOSED_SAFETY_CRITICAL","AERODROME_OPERATIONAL_SAFETY","true","SOURCE_MAPPING_REQUIRED","NOT_ATTESTED","CANDIDATE_INTERPRETATION_REQUIRES_EXPERT_REVIEW","NOT_SUPPLIED"
"FSS-AGA-FORM-014","AGA 014.425","89","24","raw PDF page 24; AGA 014.425; Protocol question column","NAMCARs 139.12.7","Are runway turn pad lights fixed unidirectional lights showing green with beam dimensions such that the light is visible only from aeroplanes on or approaching the runway turn pad?","sha256:a904de163d9db40c08bc011b616c4af0742c1ae013a21557471d9e467d678b42","all-forms-preview-014-0089","PROPOSED_SAFETY_CRITICAL","AERODROME_OPERATIONAL_SAFETY","true","SOURCE_MAPPING_REQUIRED","NOT_ATTESTED","CANDIDATE_INTERPRETATION_REQUIRES_EXPERT_REVIEW","NOT_SUPPLIED"
"FSS-AGA-FORM-014","AGA 014.427","90","24","raw PDF page 24; AGA 014.427; Protocol question column","NAMCARs 139.12.7","Are runway turn pad lights in conformance to the applicable requirements?","sha256:239036d8f4071b24025eab7f4df8280498a9fa65c2a505d730413a80ee54b9b5","all-forms-preview-014-0090","PROPOSED_SAFETY_CRITICAL","AERODROME_OPERATIONAL_SAFETY","true","SOURCE_MAPPING_REQUIRED","NOT_ATTESTED","CANDIDATE_INTERPRETATION_REQUIRES_EXPERT_REVIEW","NOT_SUPPLIED"
"FSS-AGA-FORM-014","AGA 014.431","91","25","raw PDF page 25; AGA 014.431; Protocol question column","NAMCARs 139.12.7","Are stop bars provided at every runway- holding position serving a runway intended to be used in runway visual range conditions less than a value of 350 m?","sha256:fff6538f38335909fc6198e270efc7e8e77778b70f26106e77d7b3dbd567e5ce","all-forms-preview-014-0091","PROPOSED_SAFETY_CRITICAL","AERODROME_OPERATIONAL_SAFETY","true","SOURCE_MAPPING_REQUIRED","NOT_ATTESTED","CANDIDATE_INTERPRETATION_REQUIRES_EXPERT_REVIEW","NOT_SUPPLIED"
"FSS-AGA-FORM-014","AGA 014.433","92","25","raw PDF page 25; AGA 014.433; Protocol question column","NAMCARs 139.12.7","Where there is more than one stop bar associated with a taxiway/runway intersection, is there a system in place to ensure that only one is illuminated at any given time?","sha256:a7aa697431bd48fcb927a50b279d0e7bd78f201622a3b1375320d3457ca107e9","all-forms-preview-014-0092","PROPOSED_SAFETY_CRITICAL","AERODROME_OPERATIONAL_SAFETY","true","SOURCE_MAPPING_REQUIRED","NOT_ATTESTED","CANDIDATE_INTERPRETATION_REQUIRES_EXPERT_REVIEW","NOT_SUPPLIED"
"FSS-AGA-FORM-014","AGA 014.435","93","25","raw PDF page 25; AGA 014.435; Protocol question column","NAMCARs 139.12.7","Are stop bars provided at intermediate holding position when it is desired to supplement markings with lights and to provide traffic control by visual means?","sha256:cafdaea32b4ec95994836cf07422d307b67596a4bd96220f61455afbc767d519","all-forms-preview-014-0093","PROPOSED_SAFETY_CRITICAL","AERODROME_OPERATIONAL_SAFETY","true","SOURCE_MAPPING_REQUIRED","NOT_ATTESTED","CANDIDATE_INTERPRETATION_REQUIRES_EXPERT_REVIEW","NOT_SUPPLIED"
"FSS-AGA-FORM-014","AGA 014.437","94","26","raw PDF page 26; AGA 014.437; Protocol question column","NAMCARs 139.12.7","Are stop bars in conformance to the applicable requirements?","sha256:33a902b42acd98c1657082e0595e648ea2091d37dcee8afa2006398134a00c39","all-forms-preview-014-0094","PROPOSED_SAFETY_CRITICAL","AERODROME_OPERATIONAL_SAFETY","true","SOURCE_MAPPING_REQUIRED","NOT_ATTESTED","CANDIDATE_INTERPRETATION_REQUIRES_EXPERT_REVIEW","NOT_SUPPLIED"
"FSS-AGA-FORM-014","AGA 014.441","95","26","raw PDF page 26; AGA 014.441; Protocol question column","NAMCARs 139.12.7","Is the lighting circuit of the stop bars in conformance to the applicable requirements?","sha256:1c27279673ca6319543d787771239dcf5c15e13d177b224331d8051c812bcbe3","all-forms-preview-014-0095","PROPOSED_SAFETY_CRITICAL","AERODROME_OPERATIONAL_SAFETY","true","SOURCE_MAPPING_REQUIRED","NOT_ATTESTED","CANDIDATE_INTERPRETATION_REQUIRES_EXPERT_REVIEW","NOT_SUPPLIED"
"FSS-AGA-FORM-014","AGA 014.443","96","27","raw PDF page 27; AGA 014.443; Protocol question column","NAMCARs 139.12.7","Where stop bar is not installed, are intermediate holding position lights provided at an intermediate holding position intended for use in runway visual range conditions less than a value of 350 m?","sha256:cc56a5c7e721699b48eb15e72e7e02a743fc04d049c483238a107967f4e1d57e","all-forms-preview-014-0096","PROPOSED_SAFETY_CRITICAL","AERODROME_OPERATIONAL_SAFETY","true","SOURCE_MAPPING_REQUIRED","NOT_ATTESTED","CANDIDATE_INTERPRETATION_REQUIRES_EXPERT_REVIEW","NOT_SUPPLIED"
"FSS-AGA-FORM-014","AGA 014.445","97","27","raw PDF page 27; AGA 014.445; Protocol question column","NAMCARs 139.12.7","Are intermediate holding position lights provided at an intermediate holding position where there is no need for stop-and-go signals as provided by a stop bar?","sha256:6b49ef8d65e681e9c5f637e38bf5aea1f2979a93cc3d4b3167a81f3414780fd4","all-forms-preview-014-0097","PROPOSED_SAFETY_CRITICAL","AERODROME_OPERATIONAL_SAFETY","true","SOURCE_MAPPING_REQUIRED","NOT_ATTESTED","CANDIDATE_INTERPRETATION_REQUIRES_EXPERT_REVIEW","NOT_SUPPLIED"
"FSS-AGA-FORM-014","AGA 014.447","98","27","raw PDF page 27; AGA 014.447; Protocol question column","NAMCARs 139.12.7","Are the intermediate holding position lights in conformance to the applicable requirements?","sha256:da02f788d2ca7e065bd3d778f7048a980cebeaccd6559c2eb079ac8ba9584fa9","all-forms-preview-014-0098","PROPOSED_SAFETY_CRITICAL","AERODROME_OPERATIONAL_SAFETY","true","SOURCE_MAPPING_REQUIRED","NOT_ATTESTED","CANDIDATE_INTERPRETATION_REQUIRES_EXPERT_REVIEW","NOT_SUPPLIED"
"FSS-AGA-FORM-014","AGA 014.449","99","28","raw PDF page 28; AGA 014.449; Protocol question column","NAMCARs 139.12.7","Are runway guard lights, Configuration A, provided at each taxiway/runway intersection associated with a runway intended for use in: a) runway visual range conditions less than a value of 550 m where a stop bar is not installed: and b) runway visual range conditions of values between 550 m and 1 200 m where the traffic density is heavy?","sha256:6493093c709519164e12b494941cb694c816a762b0814bac09a69953e0b8f4c9","all-forms-preview-014-0099","PROPOSED_SAFETY_CRITICAL","AERODROME_OPERATIONAL_SAFETY","true","SOURCE_MAPPING_REQUIRED","NOT_ATTESTED","CANDIDATE_INTERPRETATION_REQUIRES_EXPERT_REVIEW","NOT_SUPPLIED"
"FSS-AGA-FORM-014","AGA 014.451","100","28","raw PDF page 28; AGA 014.451; Protocol question column","NAMCARs 139.12.7","Has the applicant conducted a survey/study to identify runway incursion hot spots?","sha256:3ceaeb7e991abf2829d76748aa9cdd6c52aa6d87557901bf79db349a26394c04","all-forms-preview-014-0100","PROPOSED_SAFETY_CRITICAL","AERODROME_OPERATIONAL_SAFETY","true","SOURCE_MAPPING_REQUIRED","NOT_ATTESTED","CANDIDATE_INTERPRETATION_REQUIRES_EXPERT_REVIEW","NOT_SUPPLIED"
"FSS-AGA-FORM-014","AGA 014.453","101","28","raw PDF page 28; AGA 014.453; Protocol question column","NAMCARs 139.12.7","Are runway guard lights, Configuration A or B, provided at each taxiway/runway intersection where runway incursion hot spots have been identified, and used under all weather conditions during day and night?","sha256:437bb339e0435ae638cc7c00626c508b96395d90f58e7e7c7a2a98671ea00d68","all-forms-preview-014-0101","PROPOSED_SAFETY_CRITICAL","AERODROME_OPERATIONAL_SAFETY","true","SOURCE_MAPPING_REQUIRED","NOT_ATTESTED","CANDIDATE_INTERPRETATION_REQUIRES_EXPERT_REVIEW","NOT_SUPPLIED"
"FSS-AGA-FORM-014","AGA 014.455","102","28","raw PDF page 28; AGA 014.455; Protocol question column","NAMCARs 139.12.7","Is there a runway guard light of Configuration B, collocated with a stop bar?","sha256:b8610cd2d0b842c9d5dce1e45ac33fc29c2a04fa9718202c1e6213f979bf44aa","all-forms-preview-014-0102","PROPOSED_SAFETY_CRITICAL","AERODROME_OPERATIONAL_SAFETY","true","SOURCE_MAPPING_REQUIRED","NOT_ATTESTED","CANDIDATE_INTERPRETATION_REQUIRES_EXPERT_REVIEW","NOT_SUPPLIED"
"FSS-AGA-FORM-014","AGA 014.457","103","29","raw PDF page 29; AGA 014.457; Protocol question column","NAMCARs 139.12.7","Are all runway guard lights of Configuration A located at each side of the taxiway at a distance from the runway centre line not less than that specified for a take-off runway applicable to the type of runway and number code of the aerodrome reference code?","sha256:8dafd388a6e47dc4c5119b87420ffff377e08bdd93e12b0636ab85c58c01a34f","all-forms-preview-014-0103","PROPOSED_SAFETY_CRITICAL","AERODROME_OPERATIONAL_SAFETY","true","SOURCE_MAPPING_REQUIRED","NOT_ATTESTED","CANDIDATE_INTERPRETATION_REQUIRES_EXPERT_REVIEW","NOT_SUPPLIED"
"FSS-AGA-FORM-014","AGA 014.459","104","29","raw PDF page 29; AGA 014.459; Protocol question column","NAMCARs 139.12.7","Are all runway guard lights of Configuration B located across the taxiway at a distance from the runway centre line not less than that specified for a take-off runway applicable to the type of runway and number code of the aerodrome reference code?","sha256:b0d7ce2255140a970016274dc7db2016a43df334ffecdd2281d6b2f2e130b7a8","all-forms-preview-014-0104","PROPOSED_SAFETY_CRITICAL","AERODROME_OPERATIONAL_SAFETY","true","SOURCE_MAPPING_REQUIRED","NOT_ATTESTED","CANDIDATE_INTERPRETATION_REQUIRES_EXPERT_REVIEW","NOT_SUPPLIED"
"FSS-AGA-FORM-014","AGA 014.461","105","30","raw PDF page 30; AGA 014.461; Protocol question column","NAMCARs 139.12.7","Are the runway guard lights in conformance to the specifications?","sha256:96beab23da5b0da81dfbd0a458c240824ff35eabc3d39bb80973dd8ab01aeb89","all-forms-preview-014-0105","PROPOSED_SAFETY_CRITICAL","AERODROME_OPERATIONAL_SAFETY","true","SOURCE_MAPPING_REQUIRED","NOT_ATTESTED","CANDIDATE_INTERPRETATION_REQUIRES_EXPERT_REVIEW","NOT_SUPPLIED"
"FSS-AGA-FORM-014","AGA 014.471","106","30","raw PDF page 30; AGA 014.471; Protocol question column","NAMCARs 139.12.7","Is apron floodlighting provided on an apron, and on a designated isolated aircraft parking position intended to be used at night?","sha256:9481f4f0ae834f09ba83dd4323785da82eede346612d8260553e3c6157f8bf7f","all-forms-preview-014-0106","PROPOSED_SAFETY_CRITICAL","AERODROME_OPERATIONAL_SAFETY","true","SOURCE_MAPPING_REQUIRED","NOT_ATTESTED","CANDIDATE_INTERPRETATION_REQUIRES_EXPERT_REVIEW","NOT_SUPPLIED"
"FSS-AGA-FORM-014","AGA 014.473","107","31","raw PDF page 31; AGA 014.473; Protocol question column","NAMCARs 139.12.7","Are apron floodlighting in conformance to the specifications?","sha256:1c4f173f3981b640656c72806968d4bfc03773b0f20a5d5150c76dc16b3c7780","all-forms-preview-014-0107","PROPOSED_SAFETY_CRITICAL","AERODROME_OPERATIONAL_SAFETY","true","SOURCE_MAPPING_REQUIRED","NOT_ATTESTED","CANDIDATE_INTERPRETATION_REQUIRES_EXPERT_REVIEW","NOT_SUPPLIED"
"FSS-AGA-FORM-014","AGA 014.481","108","32","raw PDF page 32; AGA 014.481; Protocol question column","NAMCARs 139.12.7","Is a visual docking guidance system provided to indicate, by a visual aid, the precise positioning of an aircraft on an aircraft stand when other alternative means, such as marshallers, are not practicable?","sha256:41befbb3dd6c56e5fce0229d2bb204f0c12d04364694e98369fe4975cf25e001","all-forms-preview-014-0108","PROPOSED_SAFETY_CRITICAL","AERODROME_OPERATIONAL_SAFETY","true","SOURCE_MAPPING_REQUIRED","NOT_ATTESTED","CANDIDATE_INTERPRETATION_REQUIRES_EXPERT_REVIEW","NOT_SUPPLIED"
"FSS-AGA-FORM-014","AGA 014.483","109","32","raw PDF page 32; AGA 014.483; Protocol question column","NAMCARs 139.12.7","Does the visual docking guidance system provide both azimuth and stopping guidance?","sha256:34b6c25fe5b857ffb76acab0ba5344fc9c28be60ed100272f02c4caf3bb84b31","all-forms-preview-014-0109","PROPOSED_SAFETY_CRITICAL","AERODROME_OPERATIONAL_SAFETY","true","SOURCE_MAPPING_REQUIRED","NOT_ATTESTED","CANDIDATE_INTERPRETATION_REQUIRES_EXPERT_REVIEW","NOT_SUPPLIED"
"FSS-AGA-FORM-014","AGA 014.485","110","32","raw PDF page 32; AGA 014.485; Protocol question column","NAMCARs 139.12.7","Are the azimuth and stopping guidance of the visual docking guidance system adequate for use in all weather, visibility, background lighting and pavement conditions for which the system is intended, both by day and night without dazzling the pilot?","sha256:e01e456d6ef201b554315c9d7c16377eab210b93d36965b5fc9ef1b809e8d450","all-forms-preview-014-0110","PROPOSED_SAFETY_CRITICAL","AERODROME_OPERATIONAL_SAFETY","true","SOURCE_MAPPING_REQUIRED","NOT_ATTESTED","CANDIDATE_INTERPRETATION_REQUIRES_EXPERT_REVIEW","NOT_SUPPLIED"
"FSS-AGA-FORM-014","AGA 014.487","111","33","raw PDF page 33; AGA 014.487; Protocol question column","NAMCARs 139.12.7","Are the azimuth and stopping guidance of the visual docking guidance system adequate for use in all weather, visibility, background lighting and pavement conditions for which the system is intended, both by day and night without dazzling the pilot?","sha256:e01e456d6ef201b554315c9d7c16377eab210b93d36965b5fc9ef1b809e8d450","all-forms-preview-014-0111","PROPOSED_SAFETY_CRITICAL","AERODROME_OPERATIONAL_SAFETY","true","SOURCE_MAPPING_REQUIRED","NOT_ATTESTED","CANDIDATE_INTERPRETATION_REQUIRES_EXPERT_REVIEW","NOT_SUPPLIED"
"FSS-AGA-FORM-014","AGA 014.489","112","33","raw PDF page 33; AGA 014.489; Protocol question column","NAMCARs 139.12.7","Are the azimuth guidance unit and the stopping position indicator designed such that a clear indication of malfunction of either or both is available to the pilot, and they can be turned off?","sha256:4eafdfb64ab27b8be8e7836349f68b29cc6b097f3ff0c6180bca730f00d89a1a","all-forms-preview-014-0112","PROPOSED_SAFETY_CRITICAL","AERODROME_OPERATIONAL_SAFETY","true","SOURCE_MAPPING_REQUIRED","NOT_ATTESTED","CANDIDATE_INTERPRETATION_REQUIRES_EXPERT_REVIEW","NOT_SUPPLIED"
"FSS-AGA-FORM-014","AGA 014.491","113","34","raw PDF page 34; AGA 014.491; Protocol question column","NAMCARs 139.12.7","Are the azimuth guidance unit and the stopping position indicator located in such a way that there is continuity of guidance between the aircraft stand markings, the aircraft stand manoeuvring guidance lights, if present, and the visual docking guidance system?","sha256:48f16d7bda44c1d143528e42f1193350cd80f6abeb66b030d74f9a46e5576ba4","all-forms-preview-014-0113","PROPOSED_SAFETY_CRITICAL","AERODROME_OPERATIONAL_SAFETY","true","SOURCE_MAPPING_REQUIRED","NOT_ATTESTED","CANDIDATE_INTERPRETATION_REQUIRES_EXPERT_REVIEW","NOT_SUPPLIED"
"FSS-AGA-FORM-014","AGA 014.493","114","34","raw PDF page 34; AGA 014.493; Protocol question column","NAMCARs 139.12.7","Is the accuracy of the system adequate for the type of loading bridge and fixed aircraft servicing installations with which it is to be used?","sha256:c43060f28d63273fd62417b20b59024f93c29070a9255fe68f59f03a16ce1a8e","all-forms-preview-014-0114","PROPOSED_SAFETY_CRITICAL","AERODROME_OPERATIONAL_SAFETY","true","SOURCE_MAPPING_REQUIRED","NOT_ATTESTED","CANDIDATE_INTERPRETATION_REQUIRES_EXPERT_REVIEW","NOT_SUPPLIED"
"FSS-AGA-FORM-014","AGA 014.495","115","34","raw PDF page 34; AGA 014.495; Protocol question column","NAMCARs 139.12.7","If selective operation is required to prepare the system for use by a particular type of aircraft, does the system provide an identification of the selected aircraft type to both the pilot and the system operator as a means of ensuring that the system has been set properly?","sha256:e9cefaf916b0ac8defd396dc5ffb78e00aeafb928b26e537a39596420fcc6c9b","all-forms-preview-014-0115","PROPOSED_SAFETY_CRITICAL","AERODROME_OPERATIONAL_SAFETY","true","SOURCE_MAPPING_REQUIRED","NOT_ATTESTED","CANDIDATE_INTERPRETATION_REQUIRES_EXPERT_REVIEW","NOT_SUPPLIED"
"FSS-AGA-FORM-014","AGA 014.497","116","35","raw PDF page 35; AGA 014.497; Protocol question column","NAMCARs 139.12.7","Are the location and characteristics of the azimuth guidance unit in conformance to the requirements?","sha256:3bab172d606bf675d13058ebbb837cb0c0f0ba103fa6b9cb796203697a6df4b5","all-forms-preview-014-0116","PROPOSED_SAFETY_CRITICAL","AERODROME_OPERATIONAL_SAFETY","true","SOURCE_MAPPING_REQUIRED","NOT_ATTESTED","CANDIDATE_INTERPRETATION_REQUIRES_EXPERT_REVIEW","NOT_SUPPLIED"
"FSS-AGA-FORM-014","AGA 014.499","117","36","raw PDF page 36; AGA 014.499; Protocol question column","NAMCARs 139.12.7","Are the location and characteristics of the stopping position indicator in conformance to the requirements?","sha256:cedc2567c7cd1d4c71658b1a22861535861fa01f42aff043326cf2ce5bf6dd13","all-forms-preview-014-0117","PROPOSED_SAFETY_CRITICAL","AERODROME_OPERATIONAL_SAFETY","true","SOURCE_MAPPING_REQUIRED","NOT_ATTESTED","CANDIDATE_INTERPRETATION_REQUIRES_EXPERT_REVIEW","NOT_SUPPLIED"
"FSS-AGA-FORM-014","AGA 014.501","118","37","raw PDF page 37; AGA 014.501; Protocol question column","NAMCARs 139.12.7","Is an advanced visual docking guidance system provided where it is operationally desirable to confirm the correct aircraft type for which guidance is being provided and/or to indicate the stand centre line in use, where more than one is provided for?","sha256:b12207ef31c989e6ed6ddb75a9f96981e8185080bd135927ec0488d29ef83595","all-forms-preview-014-0118","PROPOSED_SAFETY_CRITICAL","AERODROME_OPERATIONAL_SAFETY","true","SOURCE_MAPPING_REQUIRED","NOT_ATTESTED","CANDIDATE_INTERPRETATION_REQUIRES_EXPERT_REVIEW","NOT_SUPPLIED"
"FSS-AGA-FORM-014","AGA 014.503","119","37","raw PDF page 37; AGA 014.503; Protocol question column","NAMCARs 139.12.7","Is the advanced visual docking guidance system suitable for use by all types of aircraft for which the aircraft stand is intended?","sha256:3ef1931306bcc505b88df20e4c70c235317c9cd357a1d528fef54b43c9b8e55b","all-forms-preview-014-0119","PROPOSED_SAFETY_CRITICAL","AERODROME_OPERATIONAL_SAFETY","true","SOURCE_MAPPING_REQUIRED","NOT_ATTESTED","CANDIDATE_INTERPRETATION_REQUIRES_EXPERT_REVIEW","NOT_SUPPLIED"
"FSS-AGA-FORM-014","AGA 014.505","120","37","raw PDF page 37; AGA 014.505; Protocol question column","NAMCARs 139.12.7","Is the advanced visual docking guidance system used only in conditions in which its operational performance is specified?","sha256:cdf8b54e12c9e175a12aad52219bbaf36b6969e8b84bcb56ba903ad84483974e","all-forms-preview-014-0120","PROPOSED_SAFETY_CRITICAL","AERODROME_OPERATIONAL_SAFETY","true","SOURCE_MAPPING_REQUIRED","NOT_ATTESTED","CANDIDATE_INTERPRETATION_REQUIRES_EXPERT_REVIEW","NOT_SUPPLIED"
"FSS-AGA-FORM-014","AGA 014.507","121","37","raw PDF page 37; AGA 014.507; Protocol question column","NAMCARs 139.12.7","Is there a method for indicating that the advanced visual docking guidance system is not in operational use or is unserviceable?","sha256:7e6e4e39736898404fcef27ea45ea7e14d02df2d6055f8a62fc67b9efdc585d4","all-forms-preview-014-0121","PROPOSED_SAFETY_CRITICAL","AERODROME_OPERATIONAL_SAFETY","true","SOURCE_MAPPING_REQUIRED","NOT_ATTESTED","CANDIDATE_INTERPRETATION_REQUIRES_EXPERT_REVIEW","NOT_SUPPLIED"
"FSS-AGA-FORM-014","AGA 014.509","122","38","raw PDF page 38; AGA 014.509; Protocol question column","NAMCARs 139.12.7","Is there a method for ensuring that the guidance information provided by the advanced visual docking guidance system does not conflict with that provided by a conventional visual docking guidance system on an aircraft stand if both types are provided and are in operational use?","sha256:f2cec6fbd575ad7dd1f1e486fb2709d3d86e59a055555dfe663315a709159ccc","all-forms-preview-014-0122","PROPOSED_SAFETY_CRITICAL","AERODROME_OPERATIONAL_SAFETY","true","SOURCE_MAPPING_REQUIRED","NOT_ATTESTED","CANDIDATE_INTERPRETATION_REQUIRES_EXPERT_REVIEW","NOT_SUPPLIED"
"FSS-AGA-FORM-014","AGA 014.511","123","39","raw PDF page 39; AGA 014.511; Protocol question column","NAMCARs 139.12.7","Are the location and characteristics of the advanced docking guidance system in conformance to the requirements?","sha256:23d65ad66caf3c7bc8943d72d8e958058883add440a34dc00d3fc928da9377c3","all-forms-preview-014-0123","PROPOSED_SAFETY_CRITICAL","AERODROME_OPERATIONAL_SAFETY","true","SOURCE_MAPPING_REQUIRED","NOT_ATTESTED","CANDIDATE_INTERPRETATION_REQUIRES_EXPERT_REVIEW","NOT_SUPPLIED"
"FSS-AGA-FORM-014","AGA 014.513","124","40","raw PDF page 40; AGA 014.513; Protocol question column","NAMCARs 139.12.7","Is the advanced visual docking guidance system capable of providing docking guidance information for all aircraft taxi speeds encountered during the docking manoeuvre?","sha256:66abaae256caa2f253e365a34b81c2209504e6de04e7acd124b0f1d84c8f5e52","all-forms-preview-014-0124","PROPOSED_SAFETY_CRITICAL","AERODROME_OPERATIONAL_SAFETY","true","SOURCE_MAPPING_REQUIRED","NOT_ATTESTED","CANDIDATE_INTERPRETATION_REQUIRES_EXPERT_REVIEW","NOT_SUPPLIED"
"FSS-AGA-FORM-014","AGA 014.515","125","40","raw PDF page 40; AGA 014.515; Protocol question column","NAMCARs 139.12.7","Does the time taken from the determination of the lateral displacement to its display result in a deviation of the aircraft, when operated in normal conditions, from the stand centre line greater than 1 m?","sha256:8b9a141587e23dd9f4409351b87c8747afccfe4c593bdda6938a6a757f96c606","all-forms-preview-014-0125","PROPOSED_SAFETY_CRITICAL","AERODROME_OPERATIONAL_SAFETY","true","SOURCE_MAPPING_REQUIRED","NOT_ATTESTED","CANDIDATE_INTERPRETATION_REQUIRES_EXPERT_REVIEW","NOT_SUPPLIED"
"FSS-AGA-FORM-014","AGA 014.517","126","40","raw PDF page 40; AGA 014.517; Protocol question column","NAMCARs 139.12.7","Are the symbols and graphics used to depict guidance information intuitively representative of the type of information provided?","sha256:da70f0c4a4df622bc7b6b140213b3d4d8cda6e92dffc4abd15f0fd6f5b059fed","all-forms-preview-014-0126","PROPOSED_SAFETY_CRITICAL","AERODROME_OPERATIONAL_SAFETY","true","SOURCE_MAPPING_REQUIRED","NOT_ATTESTED","CANDIDATE_INTERPRETATION_REQUIRES_EXPERT_REVIEW","NOT_SUPPLIED"
"FSS-AGA-FORM-014","AGA 014.519","127","40","raw PDF page 40; AGA 014.519; Protocol question column","NAMCARs 139.12.7","Is information on the lateral displacement of the aircraft relative to the stand centre line provided at least 25 m prior to the stop position?","sha256:fad2d62007927208caa9874d268d1577e39de28e2a89303c7b16d39cf4164d32","all-forms-preview-014-0127","PROPOSED_SAFETY_CRITICAL","AERODROME_OPERATIONAL_SAFETY","true","SOURCE_MAPPING_REQUIRED","NOT_ATTESTED","CANDIDATE_INTERPRETATION_REQUIRES_EXPERT_REVIEW","NOT_SUPPLIED"
"FSS-AGA-FORM-014","AGA 014.521","128","41","raw PDF page 41; AGA 014.521; Protocol question column","NAMCARs 139.12.7","Is information on continuous closure distance and closure rate provided from at least 15 m prior to the stop position?","sha256:7c086d4b74ab1fb4f8cfd91b846a6709ea7a1299de214f9ec9f087acbec9c38c","all-forms-preview-014-0128","PROPOSED_SAFETY_CRITICAL","AERODROME_OPERATIONAL_SAFETY","true","SOURCE_MAPPING_REQUIRED","NOT_ATTESTED","CANDIDATE_INTERPRETATION_REQUIRES_EXPERT_REVIEW","NOT_SUPPLIED"
"FSS-AGA-FORM-014","AGA 014.523","129","41","raw PDF page 41; AGA 014.523; Protocol question column","NAMCARs 139.12.7","Is there a means on the advanced visual docking guidance system to indicate the need to bring the aircraft to an immediate halt?","sha256:715e484992d85dd27720f9d9ac7ce4b0cf9599efdc07d46e0c74ed1b3adabce0","all-forms-preview-014-0129","PROPOSED_SAFETY_CRITICAL","AERODROME_OPERATIONAL_SAFETY","true","SOURCE_MAPPING_REQUIRED","NOT_ATTESTED","CANDIDATE_INTERPRETATION_REQUIRES_EXPERT_REVIEW","NOT_SUPPLIED"
"FSS-AGA-FORM-014","AGA 014.525","130","41","raw PDF page 41; AGA 014.525; Protocol question column","NAMCARs 139.12.7","is there a method to ensure that no information is displayed?","sha256:6133b8b71c07deb2c3b294dec86fdd1500a24d2c3f40edc436f7cee0311a33ec","all-forms-preview-014-0130","PROPOSED_SAFETY_CRITICAL","AERODROME_OPERATIONAL_SAFETY","true","SOURCE_MAPPING_REQUIRED","NOT_ATTESTED","CANDIDATE_INTERPRETATION_REQUIRES_EXPERT_REVIEW","NOT_SUPPLIED"
"FSS-AGA-FORM-014","AGA 014.527","131","41","raw PDF page 41; AGA 014.527; Protocol question column","NAMCARs 139.12.7","Is the provision to initiate an immediate halt to the docking procedure made available to personnel responsible for the operational safety of the stand?","sha256:982f38893c40ec978ac5bf6bb882df498db0a484e767b71bfd34dbe21d916ef2","all-forms-preview-014-0131","PROPOSED_SAFETY_CRITICAL","AERODROME_OPERATIONAL_SAFETY","true","SOURCE_MAPPING_REQUIRED","NOT_ATTESTED","CANDIDATE_INTERPRETATION_REQUIRES_EXPERT_REVIEW","NOT_SUPPLIED"
"FSS-AGA-FORM-014","AGA 014.531","132","41","raw PDF page 41; AGA 014.531; Protocol question column","NAMCARs 139.12.7","Are aircraft stand manoeuvring guidance lights provided to facilitate the positioning of an aircraft on an aircraft stand on a paved apron intended for use in poor visibility conditions?","sha256:76c987f42daf3eccf97b8697c3e5834dc24537afd91bf6dc75f7f223e5afc3aa","all-forms-preview-014-0132","PROPOSED_SAFETY_CRITICAL","AERODROME_OPERATIONAL_SAFETY","true","SOURCE_MAPPING_REQUIRED","NOT_ATTESTED","CANDIDATE_INTERPRETATION_REQUIRES_EXPERT_REVIEW","NOT_SUPPLIED"
"FSS-AGA-FORM-014","AGA 014.533","133","42","raw PDF page 42; AGA 014.533; Protocol question column","NAMCARs 139.12.7","Are the location and characteristics of the aircraft stand manoeuvring guidance lights in conformance to the requirements?","sha256:6bc347664ef77eb9f2e3134f99d0f03ae5551a079f5870244fad0747ea9de450","all-forms-preview-014-0133","PROPOSED_SAFETY_CRITICAL","AERODROME_OPERATIONAL_SAFETY","true","SOURCE_MAPPING_REQUIRED","NOT_ATTESTED","CANDIDATE_INTERPRETATION_REQUIRES_EXPERT_REVIEW","NOT_SUPPLIED"
"FSS-AGA-FORM-014","AGA 014.541","134","42","raw PDF page 42; AGA 014.541; Protocol question column","NAMCARs 139.12.7","Is a road-holding position light provided at road-holding position serving a runway intended to be used in runway visual range conditions less than a value of 350 m?","sha256:fcc38b031c3d242db87edd8f2e1de63006b587091d66349b3f768ddc849f440c","all-forms-preview-014-0134","PROPOSED_SAFETY_CRITICAL","AERODROME_OPERATIONAL_SAFETY","true","SOURCE_MAPPING_REQUIRED","NOT_ATTESTED","CANDIDATE_INTERPRETATION_REQUIRES_EXPERT_REVIEW","NOT_SUPPLIED"
"FSS-AGA-FORM-014","AGA 014.543","135","42","raw PDF page 42; AGA 014.543; Protocol question column","NAMCARs 139.12.7","Is a road-holding position light provided at road-holding position serving a runway intended to be used in runway visual range conditions of values between 350 m and 550 m?","sha256:7a45cfba0d73dd12fcf8c162126b0fe931c2be33022633ecd2797e8b30f22b5c","all-forms-preview-014-0135","PROPOSED_SAFETY_CRITICAL","AERODROME_OPERATIONAL_SAFETY","true","SOURCE_MAPPING_REQUIRED","NOT_ATTESTED","CANDIDATE_INTERPRETATION_REQUIRES_EXPERT_REVIEW","NOT_SUPPLIED"
"FSS-AGA-FORM-014","AGA 014.545","136","43","raw PDF page 43; AGA 014.545; Protocol question column","NAMCARs 139.12.7","Are the location and characteristics of the road- holding position light in conformance to the requirements?","sha256:2313ca40ddb02e5afa0876bfc3bc8a1df4dc066d90c0114da319a32085e11f61","all-forms-preview-014-0136","PROPOSED_SAFETY_CRITICAL","AERODROME_OPERATIONAL_SAFETY","true","SOURCE_MAPPING_REQUIRED","NOT_ATTESTED","CANDIDATE_INTERPRETATION_REQUIRES_EXPERT_REVIEW","NOT_SUPPLIED"
"FSS-AGA-FORM-014","AGA 014.551","137","43","raw PDF page 43; AGA 014.551; Protocol question column","NAMCARs 139.12.7","Is a no-entry bar provided across a taxiway which is intended to be used as an exit only taxiway to assist in preventing inadvertent access of traffic to that taxiway?","sha256:1e04918815a199c583fb3cbe58712177a1108b2d571d236e404c35ea1e2900f2","all-forms-preview-014-0137","PROPOSED_SAFETY_CRITICAL","AERODROME_OPERATIONAL_SAFETY","true","SOURCE_MAPPING_REQUIRED","NOT_ATTESTED","CANDIDATE_INTERPRETATION_REQUIRES_EXPERT_REVIEW","NOT_SUPPLIED"
"FSS-AGA-FORM-014","AGA 014.553","138","44","raw PDF page 44; AGA 014.553; Protocol question column","NAMCARs 139.12.7","Are the location and characteristics of the no-entry bar in conformance to the requirements?","sha256:947fbd162ba422f9dc9f9b1761d4f6c6e231a7835e7fd0498191eb566a257b6d","all-forms-preview-014-0138","PROPOSED_SAFETY_CRITICAL","AERODROME_OPERATIONAL_SAFETY","true","SOURCE_MAPPING_REQUIRED","NOT_ATTESTED","CANDIDATE_INTERPRETATION_REQUIRES_EXPERT_REVIEW","NOT_SUPPLIED"
"FSS-AGA-FORM-014","AGA 014.555","139","45","raw PDF page 45; AGA 014.555; Protocol question column","NAMCARs 139.12.7","Are runway status lights provided to serve as an autonomous runway incursion warning system in conformance to the specifications?","sha256:767437f66303e591284c62bec6d3ece9491ef5679fb35018643dbbc98e29235e","all-forms-preview-014-0139","PROPOSED_SAFETY_CRITICAL","AERODROME_OPERATIONAL_SAFETY","true","SOURCE_MAPPING_REQUIRED","NOT_ATTESTED","CANDIDATE_INTERPRETATION_REQUIRES_EXPERT_REVIEW","NOT_SUPPLIED"
"FSS-AGA-FORM-014","AGA 014.602","140","46","raw PDF page 46; AGA 014.602; Protocol question column","NAMCARs 139.12.8","Are adequate signs provided at points needed to convey a mandatory instruction, information on a specific location or destination on a movement area or to provide other information to meet the requirements for a surface movement guidance and control system (SMGCS)?","sha256:6086fbb26b705d0c18a17ac7b6e1227974b3836b55ff0aeb8f23381d0871c4bd","all-forms-preview-014-0140","PROPOSED_SAFETY_CRITICAL","AERODROME_OPERATIONAL_SAFETY","true","SOURCE_MAPPING_REQUIRED","NOT_ATTESTED","CANDIDATE_INTERPRETATION_REQUIRES_EXPERT_REVIEW","NOT_SUPPLIED"
"FSS-AGA-FORM-014","AGA 014.604","141","47","raw PDF page 47; AGA 014.604; Protocol question column","NAMCARs 139.12.8","Are variable message signs provided where the instruction or information displayed on the sign is relevant only during a certain period of time, and/or there is a need for variable predetermined information to be displayed on the sign to meet the requirements for a SMGCS?","sha256:f81e1fc231ec956f0e65a1e7c3165392a6502b7473cfbd3f9ab40e93ab66ce57","all-forms-preview-014-0141","PROPOSED_SAFETY_CRITICAL","AERODROME_OPERATIONAL_SAFETY","true","SOURCE_MAPPING_REQUIRED","NOT_ATTESTED","CANDIDATE_INTERPRETATION_REQUIRES_EXPERT_REVIEW","NOT_SUPPLIED"
"FSS-AGA-FORM-014","AGA 014.606","142","47","raw PDF page 47; AGA 014.606; Protocol question column","NAMCARs 139.12.8","Are signs frangible?","sha256:4a69d3188b0eeca2c69e034d362f51f744dcbee340bb09b3b3a01fe41a9ec961","all-forms-preview-014-0142","PROPOSED_SAFETY_CRITICAL","AERODROME_OPERATIONAL_SAFETY","true","SOURCE_MAPPING_REQUIRED","NOT_ATTESTED","CANDIDATE_INTERPRETATION_REQUIRES_EXPERT_REVIEW","NOT_SUPPLIED"
"FSS-AGA-FORM-014","AGA 014.608","143","47","raw PDF page 47; AGA 014.608; Protocol question column","NAMCARs 139.12.8","Are signs located near a runway or taxiway sufficiently low to preserve clearance for propellers and the engine pods of jet aircraft?","sha256:b2b244c6092ec7e78381da6472ff2436f16a49f02c3de5e1be24611b348ebfcc","all-forms-preview-014-0143","PROPOSED_SAFETY_CRITICAL","AERODROME_OPERATIONAL_SAFETY","true","SOURCE_MAPPING_REQUIRED","NOT_ATTESTED","CANDIDATE_INTERPRETATION_REQUIRES_EXPERT_REVIEW","NOT_SUPPLIED"
"FSS-AGA-FORM-014","AGA 014.610","144","47","raw PDF page 47; AGA 014.610; Protocol question column","NAMCARs 139.12.8","Are the height of the installed signs and location in conformance to the appropriate requirements for the code number of the aerodrome reference code?","sha256:7c525bef2b9a2cfe10f2dc22b9864523509a60d762bebe2bb6f5bacb984ee9ea","all-forms-preview-014-0144","PROPOSED_SAFETY_CRITICAL","AERODROME_OPERATIONAL_SAFETY","true","SOURCE_MAPPING_REQUIRED","NOT_ATTESTED","CANDIDATE_INTERPRETATION_REQUIRES_EXPERT_REVIEW","NOT_SUPPLIED"
"FSS-AGA-FORM-014","AGA 014.612","145","47","raw PDF page 47; AGA 014.612; Protocol question column","NAMCARs 139.12.8","Are signs rectangular with the longer side horizontal?","sha256:3fefc02f6433574600f1f62a51e21db765142d4dff6cf0f1110579fce6e40fd1","all-forms-preview-014-0145","PROPOSED_SAFETY_CRITICAL","AERODROME_OPERATIONAL_SAFETY","true","SOURCE_MAPPING_REQUIRED","NOT_ATTESTED","CANDIDATE_INTERPRETATION_REQUIRES_EXPERT_REVIEW","NOT_SUPPLIED"
"FSS-AGA-FORM-014","AGA 014.614","146","48","raw PDF page 48; AGA 014.614; Protocol question column","NAMCARs 139.12.8","Are all signs on the movement area utilizing red mandatory instruction signs?","sha256:24c42682c2a118e633160252aa92e79d799e8f5d362defd34ed6105aa8e13859","all-forms-preview-014-0146","PROPOSED_SAFETY_CRITICAL","AERODROME_OPERATIONAL_SAFETY","true","SOURCE_MAPPING_REQUIRED","NOT_ATTESTED","CANDIDATE_INTERPRETATION_REQUIRES_EXPERT_REVIEW","NOT_SUPPLIED"
"FSS-AGA-FORM-014","AGA 014.616","147","48","raw PDF page 48; AGA 014.616; Protocol question column","NAMCARs 139.12.8","Are inscriptions on signs in accordance with the applicable provisions?","sha256:7e858a41eb3c13949e4acbe61a5b824ad477078cc9fc7cfb3c53fc7772b4e508","all-forms-preview-014-0147","PROPOSED_SAFETY_CRITICAL","AERODROME_OPERATIONAL_SAFETY","true","SOURCE_MAPPING_REQUIRED","NOT_ATTESTED","CANDIDATE_INTERPRETATION_REQUIRES_EXPERT_REVIEW","NOT_SUPPLIED"
"FSS-AGA-FORM-014","AGA 014.618","148","48","raw PDF page 48; AGA 014.618; Protocol question column","NAMCARs 139.12.8","Are signs illuminated in accordance with the appropriate provisions when intended for use in runway visual range conditions less than a value of 800 m?","sha256:7b365be733006b63cb515043f289f70028fc67cc6e7e43b8f027d263472a399c","all-forms-preview-014-0148","PROPOSED_SAFETY_CRITICAL","AERODROME_OPERATIONAL_SAFETY","true","SOURCE_MAPPING_REQUIRED","NOT_ATTESTED","CANDIDATE_INTERPRETATION_REQUIRES_EXPERT_REVIEW","NOT_SUPPLIED"
"FSS-AGA-FORM-014","AGA 014.620","149","48","raw PDF page 48; AGA 014.620; Protocol question column","NAMCARs 139.12.8","Are signs illuminated in accordance with the appropriate provisions when intended for use at night?","sha256:ecc7645e663ef391c6205852dafd09766759ee61aca1a3089b8cd02f25f5faf4","all-forms-preview-014-0149","PROPOSED_SAFETY_CRITICAL","AERODROME_OPERATIONAL_SAFETY","true","SOURCE_MAPPING_REQUIRED","NOT_ATTESTED","CANDIDATE_INTERPRETATION_REQUIRES_EXPERT_REVIEW","NOT_SUPPLIED"
"FSS-AGA-FORM-014","AGA 014.622","150","48","raw PDF page 48; AGA 014.622; Protocol question column","NAMCARs 139.12.8","Are signs retroflective, and/or illuminated in accordance with the appropriate provisions when intended for use at night in line with the requirements for the type of runway and code number of aerodrome reference code?","sha256:fb3a5dc9b76cf6b077064cb51d64e2941f88157b1f07ce1f53f618664a9b3597","all-forms-preview-014-0150","PROPOSED_SAFETY_CRITICAL","AERODROME_OPERATIONAL_SAFETY","true","SOURCE_MAPPING_REQUIRED","NOT_ATTESTED","CANDIDATE_INTERPRETATION_REQUIRES_EXPERT_REVIEW","NOT_SUPPLIED"
"FSS-AGA-FORM-014","AGA 014.624","151","49","raw PDF page 49; AGA 014.624; Protocol question column","NAMCARs 139.12.8","Do variable message signs show a blank face when not in use?","sha256:e0787e8d31bde10ae8447c2598ce7cae9fd43958c38c96f34da334639772a0ba","all-forms-preview-014-0151","PROPOSED_SAFETY_CRITICAL","AERODROME_OPERATIONAL_SAFETY","true","SOURCE_MAPPING_REQUIRED","NOT_ATTESTED","CANDIDATE_INTERPRETATION_REQUIRES_EXPERT_REVIEW","NOT_SUPPLIED"
"FSS-AGA-FORM-014","AGA 014.626","152","49","raw PDF page 49; AGA 014.626; Protocol question column","NAMCARs 139.12.8","Is there a system to ensure that in case of failure, a variable message sign does not provide information that could lead to unsafe action from a pilot or a vehicle driver?","sha256:91207bbab9eee52e2ca9825c9ea99835c67e3f31591cb26478b41d06c2b2e45d","all-forms-preview-014-0152","PROPOSED_SAFETY_CRITICAL","AERODROME_OPERATIONAL_SAFETY","true","SOURCE_MAPPING_REQUIRED","NOT_ATTESTED","CANDIDATE_INTERPRETATION_REQUIRES_EXPERT_REVIEW","NOT_SUPPLIED"
"FSS-AGA-FORM-014","AGA 014.628","153","49","raw PDF page 49; AGA 014.628; Protocol question column","NAMCARs 139.12.8","Is the time interval to change from one message to another on a variable message sign below 5 seconds?","sha256:b9e9a0b228320fc41e3cef5efb189774de1dd72fa6d77240592645d5b7391dd3","all-forms-preview-014-0153","PROPOSED_SAFETY_CRITICAL","AERODROME_OPERATIONAL_SAFETY","true","SOURCE_MAPPING_REQUIRED","NOT_ATTESTED","CANDIDATE_INTERPRETATION_REQUIRES_EXPERT_REVIEW","NOT_SUPPLIED"
"FSS-AGA-FORM-014","AGA 014.632","154","49","raw PDF page 49; AGA 014.632; Protocol question column","NAMCARs 139.12.8","Are mandatory instruction signs provided to identify locations beyond which an aircraft taxiing or vehicle shall not proceed unless authorized by the aerodrome control tower?","sha256:59e0faa3a36d0b60d6cf22b5f56a3408d4521881826186151d398663bb569b92","all-forms-preview-014-0154","PROPOSED_SAFETY_CRITICAL","AERODROME_OPERATIONAL_SAFETY","true","SOURCE_MAPPING_REQUIRED","NOT_ATTESTED","CANDIDATE_INTERPRETATION_REQUIRES_EXPERT_REVIEW","NOT_SUPPLIED"
"FSS-AGA-FORM-014","AGA 014.634","155","49","raw PDF page 49; AGA 014.634; Protocol question column","NAMCARs 139.12.8","Do mandatory instruction signs include runway designation signs, category I, II or III holding position signs, runway-holding position signs, road-holding position signs and NO ENTRY signs?","sha256:ec7e488e1627ffbf58269f9dacf263fb7fafd4a8ccb98bde334b0370d8f2bc00","all-forms-preview-014-0155","PROPOSED_SAFETY_CRITICAL","AERODROME_OPERATIONAL_SAFETY","true","SOURCE_MAPPING_REQUIRED","NOT_ATTESTED","CANDIDATE_INTERPRETATION_REQUIRES_EXPERT_REVIEW","NOT_SUPPLIED"
"FSS-AGA-FORM-014","AGA 014.636","156","50","raw PDF page 50; AGA 014.636; Protocol question column","NAMCARs 139.12.8","Are pattern “A” runway-holding position markings supplemented at a taxiway/runway intersection or a runway/runway intersection with a runway designation sign?","sha256:337708346e1280a2a7d676a0be59c0440d42705232f8c092511c166c961263dd","all-forms-preview-014-0156","PROPOSED_SAFETY_CRITICAL","AERODROME_OPERATIONAL_SAFETY","true","SOURCE_MAPPING_REQUIRED","NOT_ATTESTED","CANDIDATE_INTERPRETATION_REQUIRES_EXPERT_REVIEW","NOT_SUPPLIED"
"FSS-AGA-FORM-014","AGA 014.638","157","50","raw PDF page 50; AGA 014.638; Protocol question column","NAMCARs 139.12.8","Are pattern “B” runway-holding position markings supplemented with a category I, II or III holding position sign?","sha256:04f732f6e96debe307cba62da2ce750ed0ea49b39ed8f0bba1a82a1587c27091","all-forms-preview-014-0157","PROPOSED_SAFETY_CRITICAL","AERODROME_OPERATIONAL_SAFETY","true","SOURCE_MAPPING_REQUIRED","NOT_ATTESTED","CANDIDATE_INTERPRETATION_REQUIRES_EXPERT_REVIEW","NOT_SUPPLIED"
"FSS-AGA-FORM-014","AGA 014.640","158","50","raw PDF page 50; AGA 014.640; Protocol question column","NAMCARs 139.12.8","Are pattern “A” runway-holding position marking displayed at a runway-holding position established on taxiways for the protection of obstacle limitation surface or the operation of radio navigation aids in conformance to the applicable specifications?","sha256:4201bd86e9e414298de864e2771d40f2b91ed7f866dc2577e51a833526f89c6f","all-forms-preview-014-0158","PROPOSED_SAFETY_CRITICAL","AERODROME_OPERATIONAL_SAFETY","true","SOURCE_MAPPING_REQUIRED","NOT_ATTESTED","CANDIDATE_INTERPRETATION_REQUIRES_EXPERT_REVIEW","NOT_SUPPLIED"
"FSS-AGA-FORM-014","AGA 014.642","159","50","raw PDF page 50; AGA 014.642; Protocol question column","NAMCARs 139.12.8","Are NO ENTRY signs provided when entry into an area is prohibited?","sha256:f62776bc506ef297001a0fb8b30c065c4efa8642608c73c2ec31a8bbf7c6505d","all-forms-preview-014-0159","PROPOSED_SAFETY_CRITICAL","AERODROME_OPERATIONAL_SAFETY","true","SOURCE_MAPPING_REQUIRED","NOT_ATTESTED","CANDIDATE_INTERPRETATION_REQUIRES_EXPERT_REVIEW","NOT_SUPPLIED"
"FSS-AGA-FORM-014","AGA 014.644","160","51","raw PDF page 51; AGA 014.644; Protocol question column","NAMCARs 139.12.8","Are runway designation signs at taxiway/runway or runway/runway intersections located on each side of the runway- holding position marking facing the direction of approach to the runway?","sha256:4c5ec01c8354e0c1f38d7a6c816f8a0b34c40986554f2baae42411fad8eec700","all-forms-preview-014-0160","PROPOSED_SAFETY_CRITICAL","AERODROME_OPERATIONAL_SAFETY","true","SOURCE_MAPPING_REQUIRED","NOT_ATTESTED","CANDIDATE_INTERPRETATION_REQUIRES_EXPERT_REVIEW","NOT_SUPPLIED"
"FSS-AGA-FORM-014","AGA 014.646","161","51","raw PDF page 51; AGA 014.646; Protocol question column","NAMCARs 139.12.8","Are category I, II or III holding position signs located on each side of the runway-holding position marking facing the direction of the approach to the critical area?","sha256:ed752e4d14892959e9852b5cf520e7993ed0681c2abd9b593950207be6025b35","all-forms-preview-014-0161","PROPOSED_SAFETY_CRITICAL","AERODROME_OPERATIONAL_SAFETY","true","SOURCE_MAPPING_REQUIRED","NOT_ATTESTED","CANDIDATE_INTERPRETATION_REQUIRES_EXPERT_REVIEW","NOT_SUPPLIED"
"FSS-AGA-FORM-014","AGA 014.648","162","51","raw PDF page 51; AGA 014.648; Protocol question column","NAMCARs 139.12.8","Are NO ENTRY sign located at the beginning of the area to which entrance is prohibited on each side of the taxiway as viewed by the pilot?","sha256:3d11246b2a08f97fe7cf8f2f845b5e86cae69796106fb2a5c272296a4321d4c4","all-forms-preview-014-0162","PROPOSED_SAFETY_CRITICAL","AERODROME_OPERATIONAL_SAFETY","true","SOURCE_MAPPING_REQUIRED","NOT_ATTESTED","CANDIDATE_INTERPRETATION_REQUIRES_EXPERT_REVIEW","NOT_SUPPLIED"
"FSS-AGA-FORM-014","AGA 014.650","163","52","raw PDF page 52; AGA 014.650; Protocol question column","NAMCARs 139.12.8","Are the runway- holding position signs established on taxiways for the protection of obstacle limitation surface or the operation of radio navigation aids, located on each side of the runway-holding position facing the approach to the obstacle limitation surface or ILS/MLS critical/sensitive area, as appropriate?","sha256:1050c9d7adf9e9fb052ec1cefa571661e29104f256a0c93b6f9ad467e7eb2ecb","all-forms-preview-014-0163","PROPOSED_SAFETY_CRITICAL","AERODROME_OPERATIONAL_SAFETY","true","SOURCE_MAPPING_REQUIRED","NOT_ATTESTED","CANDIDATE_INTERPRETATION_REQUIRES_EXPERT_REVIEW","NOT_SUPPLIED"
"FSS-AGA-FORM-014","AGA 014.652","164","52","raw PDF page 52; AGA 014.652; Protocol question column","NAMCARs 139.12.8","Do mandatory instruction signs consist of an inscription in white on a red background?","sha256:e9b4b436eade7fd4cdb8307198a79003b84ec3544ec3f6c09bfb6598dd0fa634","all-forms-preview-014-0164","PROPOSED_SAFETY_CRITICAL","AERODROME_OPERATIONAL_SAFETY","true","SOURCE_MAPPING_REQUIRED","NOT_ATTESTED","CANDIDATE_INTERPRETATION_REQUIRES_EXPERT_REVIEW","NOT_SUPPLIED"
"FSS-AGA-FORM-014","AGA 014.654","165","52","raw PDF page 52; AGA 014.654; Protocol question column","NAMCARs 139.12.8","Where the conspicuity of the inscription on a mandatory instruction sign needs to be enhanced, is the outside edge of the white inscription supplemented by a black outline of the dimensions applicable to the code number of the aerodrome reference code?","sha256:e3a5a7dabee56f8b862b95455a94867b6b8631b2c33bfbb6948a18dc9294f42a","all-forms-preview-014-0165","PROPOSED_SAFETY_CRITICAL","AERODROME_OPERATIONAL_SAFETY","true","SOURCE_MAPPING_REQUIRED","NOT_ATTESTED","CANDIDATE_INTERPRETATION_REQUIRES_EXPERT_REVIEW","NOT_SUPPLIED"
"FSS-AGA-FORM-014","AGA 014.656","166","53","raw PDF page 53; AGA 014.656; Protocol question column","NAMCARs 139.12.8","Does the inscription on a runway designation sign consist of the runway designations of the intersecting runway properly oriented with respect to the viewing position of the sign?","sha256:e576947cb71df4c15b634163f77ea98bd3f4fa67afb9ac65e75d771ba538ab8f","all-forms-preview-014-0166","PROPOSED_SAFETY_CRITICAL","AERODROME_OPERATIONAL_SAFETY","true","SOURCE_MAPPING_REQUIRED","NOT_ATTESTED","CANDIDATE_INTERPRETATION_REQUIRES_EXPERT_REVIEW","NOT_SUPPLIED"
"FSS-AGA-FORM-014","AGA 014.658","167","53","raw PDF page 53; AGA 014.658; Protocol question column","NAMCARs 139.12.8","Does the inscription on a category I, II, III or joint II/III holding position sign consist of the runway designator followed by CAT I, CAT II, CAT III or CAT II/III, as appropriate?","sha256:7fe44e389b05672aac168c2aec41b05fed6066b345d9d520d5ab2bb4cdf0141c","all-forms-preview-014-0167","PROPOSED_SAFETY_CRITICAL","AERODROME_OPERATIONAL_SAFETY","true","SOURCE_MAPPING_REQUIRED","NOT_ATTESTED","CANDIDATE_INTERPRETATION_REQUIRES_EXPERT_REVIEW","NOT_SUPPLIED"
"FSS-AGA-FORM-014","AGA 014.660","168","53","raw PDF page 53; AGA 014.660; Protocol question column","NAMCARs 139.12.8","Is the inscription on NO ENTRY sign in accordance with the specifications?","sha256:09f1f5fe044bb3d50bd97306f7cbea262b9a3f494c1864f65e3598ed950a153f","all-forms-preview-014-0168","PROPOSED_SAFETY_CRITICAL","AERODROME_OPERATIONAL_SAFETY","true","SOURCE_MAPPING_REQUIRED","NOT_ATTESTED","CANDIDATE_INTERPRETATION_REQUIRES_EXPERT_REVIEW","NOT_SUPPLIED"
"FSS-AGA-FORM-014","AGA 014.662","169","53","raw PDF page 53; AGA 014.662; Protocol question column","NAMCARs 139.12.8","Does the inscription on a runway-holding position marking displayed at a runway-holding position established on taxiways for the protection of obstacle limitation surface or the operation of radio navigation aids in conformance to the applicable specifications consist of the taxiway designation and a number?","sha256:06c297fab27ede69540ff1622cb6f513a48b4c7b6e82e33a2721f45a55be200a","all-forms-preview-014-0169","PROPOSED_SAFETY_CRITICAL","AERODROME_OPERATIONAL_SAFETY","true","SOURCE_MAPPING_REQUIRED","NOT_ATTESTED","CANDIDATE_INTERPRETATION_REQUIRES_EXPERT_REVIEW","NOT_SUPPLIED"
"FSS-AGA-FORM-014","AGA 014.670","170","54","raw PDF page 54; AGA 014.670; Protocol question column","NAMCARs 139.12.8","Are information signs provided where there is an operational need to identify by a sign, a specific location, or routing (direction or destination) information?","sha256:f77318f270204f63807f35ab1b7ab2683579950d42bf82ab094404cbac12ad52","all-forms-preview-014-0170","PROPOSED_SAFETY_CRITICAL","AERODROME_OPERATIONAL_SAFETY","true","SOURCE_MAPPING_REQUIRED","NOT_ATTESTED","CANDIDATE_INTERPRETATION_REQUIRES_EXPERT_REVIEW","NOT_SUPPLIED"
"FSS-AGA-FORM-014","AGA 014.672","171","54","raw PDF page 54; AGA 014.672; Protocol question column","NAMCARs 139.12.8","Do information signs include direction signs, location signs, destination signs, runway exit signs, runway vacated signs and intersection take-off signs?","sha256:6474a934dc350e1bd6c266392157990cfa3ab0a00a0980cdb1334a436a93a0a0","all-forms-preview-014-0171","PROPOSED_SAFETY_CRITICAL","AERODROME_OPERATIONAL_SAFETY","true","SOURCE_MAPPING_REQUIRED","NOT_ATTESTED","CANDIDATE_INTERPRETATION_REQUIRES_EXPERT_REVIEW","NOT_SUPPLIED"
"FSS-AGA-FORM-014","AGA 014.674","172","54","raw PDF page 54; AGA 014.674; Protocol question column","NAMCARs 139.12.8","Is a runway exit sign provided where there is an operational need to identify a runway exit?","sha256:09ab7060aef777598fe7798b64f0dc939255912da19c3e26af3194d98476c778","all-forms-preview-014-0172","PROPOSED_SAFETY_CRITICAL","AERODROME_OPERATIONAL_SAFETY","true","SOURCE_MAPPING_REQUIRED","NOT_ATTESTED","CANDIDATE_INTERPRETATION_REQUIRES_EXPERT_REVIEW","NOT_SUPPLIED"
"FSS-AGA-FORM-014","AGA 014.676","173","54","raw PDF page 54; AGA 014.676; Protocol question column","NAMCARs 139.12.8","Is a runway vacated sign provided where the exit taxiway is not provided with taxiway centre line lights and there is a need to indicate to a pilot leaving a runway the perimeter of the ILS/MLS critical/sensitive area or the lower edge of the inner transitional surface?","sha256:14bc269349e216a7131c94fd823fd589b79822b0b7f71d398088ba41a9e1156d","all-forms-preview-014-0173","PROPOSED_SAFETY_CRITICAL","AERODROME_OPERATIONAL_SAFETY","true","SOURCE_MAPPING_REQUIRED","NOT_ATTESTED","CANDIDATE_INTERPRETATION_REQUIRES_EXPERT_REVIEW","NOT_SUPPLIED"
"FSS-AGA-FORM-014","AGA 014.678","174","55","raw PDF page 55; AGA 014.678; Protocol question column","NAMCARs 139.12.8","Are intersection take-off signs provided when there is an operational need to indicate the remaining take-off run available (TORA) for intersection take-offs?","sha256:2a3246558a26f48b3ce446e28845922fc8aecf3edae218e888b3df55c37ea15d","all-forms-preview-014-0174","PROPOSED_SAFETY_CRITICAL","AERODROME_OPERATIONAL_SAFETY","true","SOURCE_MAPPING_REQUIRED","NOT_ATTESTED","CANDIDATE_INTERPRETATION_REQUIRES_EXPERT_REVIEW","NOT_SUPPLIED"
"FSS-AGA-FORM-014","AGA 014.680","175","55","raw PDF page 55; AGA 014.680; Protocol question column","NAMCARs 139.12.8","Are destination signs provided to indicate the direction to a specific destination on the aerodrome?","sha256:7c65bea13ccbef9ddf7e2f8b417719e13bc5a41a8c74c39cbc974f430cabba60","all-forms-preview-014-0175","PROPOSED_SAFETY_CRITICAL","AERODROME_OPERATIONAL_SAFETY","true","SOURCE_MAPPING_REQUIRED","NOT_ATTESTED","CANDIDATE_INTERPRETATION_REQUIRES_EXPERT_REVIEW","NOT_SUPPLIED"
"FSS-AGA-FORM-014","AGA 014.682","176","55","raw PDF page 55; AGA 014.682; Protocol question column","NAMCARs 139.12.8","Are combined location and direction sign provided to indicate routing information prior to a taxiway intersection?","sha256:34d3db61985e55d1d39e631a48260f2c12454f9b57250989cf06f1a78dee0772","all-forms-preview-014-0176","PROPOSED_SAFETY_CRITICAL","AERODROME_OPERATIONAL_SAFETY","true","SOURCE_MAPPING_REQUIRED","NOT_ATTESTED","CANDIDATE_INTERPRETATION_REQUIRES_EXPERT_REVIEW","NOT_SUPPLIED"
"FSS-AGA-FORM-014","AGA 014.684","177","55","raw PDF page 55; AGA 014.684; Protocol question column","NAMCARs 139.12.8","Are direction signs provided when there is an operational need to identify the designation and direction of taxiways at an intersection?","sha256:436b51401267b2093a365ce4e3df24db2b29313c0b1250de0fa2a2a30a177b01","all-forms-preview-014-0177","PROPOSED_SAFETY_CRITICAL","AERODROME_OPERATIONAL_SAFETY","true","SOURCE_MAPPING_REQUIRED","NOT_ATTESTED","CANDIDATE_INTERPRETATION_REQUIRES_EXPERT_REVIEW","NOT_SUPPLIED"
"FSS-AGA-FORM-014","AGA 014.686","178","55","raw PDF page 55; AGA 014.686; Protocol question column","NAMCARs 139.12.8","Are location signs provided at an intermediate holding position?","sha256:d1138012db5829db27040b7668d37afa8b70718c7e6b281f63f67de71da8547f","all-forms-preview-014-0178","PROPOSED_SAFETY_CRITICAL","AERODROME_OPERATIONAL_SAFETY","true","SOURCE_MAPPING_REQUIRED","NOT_ATTESTED","CANDIDATE_INTERPRETATION_REQUIRES_EXPERT_REVIEW","NOT_SUPPLIED"
"FSS-AGA-FORM-014","AGA 014.688","179","55","raw PDF page 55; AGA 014.688; Protocol question column","NAMCARs 139.12.8","Are location signs provided in conjunction with runway designation signs except at a runway/runway intersection?","sha256:fa4d787e9494ae6a9d93b3815f87a98fdf290eae107757a8be07003da6b74d60","all-forms-preview-014-0179","PROPOSED_SAFETY_CRITICAL","AERODROME_OPERATIONAL_SAFETY","true","SOURCE_MAPPING_REQUIRED","NOT_ATTESTED","CANDIDATE_INTERPRETATION_REQUIRES_EXPERT_REVIEW","NOT_SUPPLIED"
"FSS-AGA-FORM-014","AGA 014.690","180","56","raw PDF page 56; AGA 014.690; Protocol question column","NAMCARs 139.12.8","Are location signs provided in conjunction with direction signs?","sha256:8fba2bb3335206d71dbca51f46c422640436d6af7a6f35c495e783eec23ffe85","all-forms-preview-014-0180","PROPOSED_SAFETY_CRITICAL","AERODROME_OPERATIONAL_SAFETY","true","SOURCE_MAPPING_REQUIRED","NOT_ATTESTED","CANDIDATE_INTERPRETATION_REQUIRES_EXPERT_REVIEW","NOT_SUPPLIED"
"FSS-AGA-FORM-014","AGA 014.692","181","56","raw PDF page 56; AGA 014.692; Protocol question column","NAMCARs 139.12.8","Are location signs provided to identify taxiways exiting an apron or taxiways beyond an intersection?","sha256:8018850dfae2d2a856f3da920cd4a540549caa9733d0cb9c64215a491b46309e","all-forms-preview-014-0181","PROPOSED_SAFETY_CRITICAL","AERODROME_OPERATIONAL_SAFETY","true","SOURCE_MAPPING_REQUIRED","NOT_ATTESTED","CANDIDATE_INTERPRETATION_REQUIRES_EXPERT_REVIEW","NOT_SUPPLIED"
"FSS-AGA-FORM-014","AGA 014.694","182","56","raw PDF page 56; AGA 014.694; Protocol question column","NAMCARs 139.12.8","Where a taxiway ends at an intersection such as a ‘‘T’’ and it is necessary to identify this, is a barricade, direction sign and/or other appropriate visual aid used?","sha256:180fb36a3e7066dfb3a3f25af06d305483a010f6c66815d7007964472885a0e7","all-forms-preview-014-0182","PROPOSED_SAFETY_CRITICAL","AERODROME_OPERATIONAL_SAFETY","true","SOURCE_MAPPING_REQUIRED","NOT_ATTESTED","CANDIDATE_INTERPRETATION_REQUIRES_EXPERT_REVIEW","NOT_SUPPLIED"
"FSS-AGA-FORM-014","AGA 014.696","183","56","raw PDF page 56; AGA 014.696; Protocol question column","NAMCARs 139.12.8","Are information signs located on the left-hand side of the taxiway in accordance with the applicable specifications?","sha256:9587bff723c792b6b90d735c9992bff3a0d439111ecf25432fa416de3e9e50b5","all-forms-preview-014-0183","PROPOSED_SAFETY_CRITICAL","AERODROME_OPERATIONAL_SAFETY","true","SOURCE_MAPPING_REQUIRED","NOT_ATTESTED","CANDIDATE_INTERPRETATION_REQUIRES_EXPERT_REVIEW","NOT_SUPPLIED"
"FSS-AGA-FORM-014","AGA 014.700","184","57","raw PDF page 57; AGA 014.700; Protocol question column","NAMCARs 139.12.8","Are runway exit signs located on the same side of the runway as the exit is located (i.e., left, or right) and positioned in accordance with the applicable specifications?","sha256:6e2f297f36006cebd9831ed44d24b60f0aa27093bc2b1fb1be12e92ed0815085","all-forms-preview-014-0184","PROPOSED_SAFETY_CRITICAL","AERODROME_OPERATIONAL_SAFETY","true","SOURCE_MAPPING_REQUIRED","NOT_ATTESTED","CANDIDATE_INTERPRETATION_REQUIRES_EXPERT_REVIEW","NOT_SUPPLIED"
"FSS-AGA-FORM-014","AGA 014.702","185","57","raw PDF page 57; AGA 014.702; Protocol question column","NAMCARs 139.12.8","Are runway exit signs located prior to the runway exit point in line with a position in accordance with the applicable specifications?","sha256:deea32880b91de1259cb175b591b8e0fab286020ce077cc69e3f1b9bd2bafc00","all-forms-preview-014-0185","PROPOSED_SAFETY_CRITICAL","AERODROME_OPERATIONAL_SAFETY","true","SOURCE_MAPPING_REQUIRED","NOT_ATTESTED","CANDIDATE_INTERPRETATION_REQUIRES_EXPERT_REVIEW","NOT_SUPPLIED"
"FSS-AGA-FORM-014","AGA 014.704","186","57","raw PDF page 57; AGA 014.704; Protocol question column","NAMCARs 139.12.8","Are taxiway location signs installed in conjunction with a runway designation sign positioned outboard of the runway designation sign?","sha256:3e1a7452eef639a1473315a9217396c6cf3819195a1b7ca46512f0b197ed8335","all-forms-preview-014-0186","PROPOSED_SAFETY_CRITICAL","AERODROME_OPERATIONAL_SAFETY","true","SOURCE_MAPPING_REQUIRED","NOT_ATTESTED","CANDIDATE_INTERPRETATION_REQUIRES_EXPERT_REVIEW","NOT_SUPPLIED"
"FSS-AGA-FORM-014","AGA 014.706","187","57","raw PDF page 57; AGA 014.706; Protocol question column","NAMCARs 139.12.8","Are destination signs collocated with a location or direction sign?","sha256:d6bdae0f8dae24d5134f8c0ed6bc2a34a4de7888d251b686a464fbef67edbf84","all-forms-preview-014-0187","PROPOSED_SAFETY_CRITICAL","AERODROME_OPERATIONAL_SAFETY","true","SOURCE_MAPPING_REQUIRED","NOT_ATTESTED","CANDIDATE_INTERPRETATION_REQUIRES_EXPERT_REVIEW","NOT_SUPPLIED"
"FSS-AGA-FORM-014","AGA 014.708","188","57","raw PDF page 57; AGA 014.708; Protocol question column","NAMCARs 139.12.8","Are information signs other than location signs collocated with a mandatory instruction sign?","sha256:4598e68005b42f58471f85d050fb43006808f047aa0bd56f14ebc38b3c153d3a","all-forms-preview-014-0188","PROPOSED_SAFETY_CRITICAL","AERODROME_OPERATIONAL_SAFETY","true","SOURCE_MAPPING_REQUIRED","NOT_ATTESTED","CANDIDATE_INTERPRETATION_REQUIRES_EXPERT_REVIEW","NOT_SUPPLIED"
"FSS-AGA-FORM-014","AGA 014.710","189","58","raw PDF page 58; AGA 014.710; Protocol question column","NAMCARs 139.12.8","Are direction sign, barricade and/or other appropriate visual aid used to identify a ‘‘T’’ intersection located on the opposite side of the intersection facing the taxiway?","sha256:ea1d99bb710243336ed4f56c7d080f46d76099f1b455b37c582c5d8a6a0367e4","all-forms-preview-014-0189","PROPOSED_SAFETY_CRITICAL","AERODROME_OPERATIONAL_SAFETY","true","SOURCE_MAPPING_REQUIRED","NOT_ATTESTED","CANDIDATE_INTERPRETATION_REQUIRES_EXPERT_REVIEW","NOT_SUPPLIED"
"FSS-AGA-FORM-014","AGA 014.712","190","58","raw PDF page 58; AGA 014.712; Protocol question column","NAMCARs 139.12.8","Do information signs other than location sign consist of an inscription in black on a yellow background?","sha256:ebd1b367883499fc69c6bdefa59fdd9395926737f7f50e1652cbc7d5d0be205f","all-forms-preview-014-0190","PROPOSED_SAFETY_CRITICAL","AERODROME_OPERATIONAL_SAFETY","true","SOURCE_MAPPING_REQUIRED","NOT_ATTESTED","CANDIDATE_INTERPRETATION_REQUIRES_EXPERT_REVIEW","NOT_SUPPLIED"
"FSS-AGA-FORM-014","AGA 014.713","191","58","raw PDF page 58; AGA 014.713; Protocol question column","NAMCARs 139.12.8","Do location signs consist of an inscription in yellow on a black background and where it is a stand-alone sign have a yellow border?","sha256:c551fc81de65765dacc18c091cf878cc53f0c135c38f8eb236960ed81f232ce7","all-forms-preview-014-0191","PROPOSED_SAFETY_CRITICAL","AERODROME_OPERATIONAL_SAFETY","true","SOURCE_MAPPING_REQUIRED","NOT_ATTESTED","CANDIDATE_INTERPRETATION_REQUIRES_EXPERT_REVIEW","NOT_SUPPLIED"
"FSS-AGA-FORM-014","AGA 014.714","192","58","raw PDF page 58; AGA 014.714; Protocol question column","NAMCARs 139.12.8","Do the inscriptions on runway exit signs consist of the designator of the exit taxiway and an arrow indicating the direction to follow?","sha256:95f6d97465cf348cf557526005b6a7d637a1dc56b8d80c551ade58c31de0cc6d","all-forms-preview-014-0192","PROPOSED_SAFETY_CRITICAL","AERODROME_OPERATIONAL_SAFETY","true","SOURCE_MAPPING_REQUIRED","NOT_ATTESTED","CANDIDATE_INTERPRETATION_REQUIRES_EXPERT_REVIEW","NOT_SUPPLIED"
"FSS-AGA-FORM-014","AGA 014.716","193","58","raw PDF page 58; AGA 014.716; Protocol question column","NAMCARs 139.12.8","Do the inscriptions on runway vacated signs depict the pattern A runway-holding position marking in accordance with the specifications?","sha256:13b823799ab80467023acf342d9d195aee2b834904a68faf2eae15850be3800c","all-forms-preview-014-0193","PROPOSED_SAFETY_CRITICAL","AERODROME_OPERATIONAL_SAFETY","true","SOURCE_MAPPING_REQUIRED","NOT_ATTESTED","CANDIDATE_INTERPRETATION_REQUIRES_EXPERT_REVIEW","NOT_SUPPLIED"
"FSS-AGA-FORM-014","AGA 014.718","194","59","raw PDF page 59; AGA 014.718; Protocol question column","NAMCARs 139.12.8","Do the inscriptions on intersection take-off signs consist of a numerical message indicating the remaining take-off run available in metres plus an arrow, appropriately located and oriented, indicating the direction of the take-off in accordance with the specifications?","sha256:8e263f52d8048bea35dac2102ed33b52667ac77cf14b727ccc5cd8da27d0b2c4","all-forms-preview-014-0194","PROPOSED_SAFETY_CRITICAL","AERODROME_OPERATIONAL_SAFETY","true","SOURCE_MAPPING_REQUIRED","NOT_ATTESTED","CANDIDATE_INTERPRETATION_REQUIRES_EXPERT_REVIEW","NOT_SUPPLIED"
"FSS-AGA-FORM-014","AGA 014.720","195","59","raw PDF page 59; AGA 014.720; Protocol question column","NAMCARs 139.12.8","Do the inscriptions on destination signs comprise an alpha, alphanumerical or numerical message identifying the destination plus an arrow indicating the direction to proceed in accordance with the specifications?","sha256:ab85697076131b9a20952e3af315742a476523d7a3e8f7c75b43d4f2919a8603","all-forms-preview-014-0195","PROPOSED_SAFETY_CRITICAL","AERODROME_OPERATIONAL_SAFETY","true","SOURCE_MAPPING_REQUIRED","NOT_ATTESTED","CANDIDATE_INTERPRETATION_REQUIRES_EXPERT_REVIEW","NOT_SUPPLIED"
"FSS-AGA-FORM-014","AGA 014.722","196","59","raw PDF page 59; AGA 014.722; Protocol question column","NAMCARs 139.12.8","Do the inscriptions on direction signs comprise an alpha, or alphanumerical message identifying the taxiway(s) plus an arrow or arrows appropriately oriented in accordance with the specifications?","sha256:8d91333f56593772e56af0fa50d0375d7e1d83557e3bc9a484be2c37fb6cdcb1","all-forms-preview-014-0196","PROPOSED_SAFETY_CRITICAL","AERODROME_OPERATIONAL_SAFETY","true","SOURCE_MAPPING_REQUIRED","NOT_ATTESTED","CANDIDATE_INTERPRETATION_REQUIRES_EXPERT_REVIEW","NOT_SUPPLIED"
"FSS-AGA-FORM-014","AGA 014.724","197","60","raw PDF page 60; AGA 014.724; Protocol question column","NAMCARs 139.12.8","Do the inscriptions on location signs comprise the designation of the location taxiway, runway or other pavement the aircraft is on or is entering and not contain arrows?","sha256:b6d9de8fe7e84a38b272cbba21b5aafa94e5c2ecc138a24ce8b5bb2f04b06598","all-forms-preview-014-0197","PROPOSED_SAFETY_CRITICAL","AERODROME_OPERATIONAL_SAFETY","true","SOURCE_MAPPING_REQUIRED","NOT_ATTESTED","CANDIDATE_INTERPRETATION_REQUIRES_EXPERT_REVIEW","NOT_SUPPLIED"
"FSS-AGA-FORM-014","AGA 014.726","198","60","raw PDF page 60; AGA 014.726; Protocol question column","NAMCARs 139.12.8","Where it is necessary to identify each of a series of intermediate holding positions on the same taxiway, do the location signs consist of the taxiway designation and a number?","sha256:3d19fb43d1eec2241588c0ce1fcad678cad5c56968ad91cd091c6636887f628d","all-forms-preview-014-0198","PROPOSED_SAFETY_CRITICAL","AERODROME_OPERATIONAL_SAFETY","true","SOURCE_MAPPING_REQUIRED","NOT_ATTESTED","CANDIDATE_INTERPRETATION_REQUIRES_EXPERT_REVIEW","NOT_SUPPLIED"
"FSS-AGA-FORM-014","AGA 014.728","199","61","raw PDF page 61; AGA 014.728; Protocol question column","NAMCARs 139.12.8","Where location sign and direction signs are used in combination, are all direction signs related to left and right turns placed appropriately?","sha256:e433bc22fa2c5bd3d14f7835d22d932e6edeaa48bdf106a7b343e3509de50369","all-forms-preview-014-0199","PROPOSED_SAFETY_CRITICAL","AERODROME_OPERATIONAL_SAFETY","true","SOURCE_MAPPING_REQUIRED","NOT_ATTESTED","CANDIDATE_INTERPRETATION_REQUIRES_EXPERT_REVIEW","NOT_SUPPLIED"
"FSS-AGA-FORM-014","AGA 014.730","200","61","raw PDF page 61; AGA 014.730; Protocol question column","NAMCARs 139.12.8","Are taxiway identified by a designator comprising a letter, letters or a combination of a letter or letters followed by a number?","sha256:57c5e0283a0284a194cd64b74de3c20a08d00c0bf8b03ef94cbc8b92c8714d90","all-forms-preview-014-0200","PROPOSED_SAFETY_CRITICAL","AERODROME_OPERATIONAL_SAFETY","true","SOURCE_MAPPING_REQUIRED","NOT_ATTESTED","CANDIDATE_INTERPRETATION_REQUIRES_EXPERT_REVIEW","NOT_SUPPLIED"
"FSS-AGA-FORM-014","AGA 014.732","201","61","raw PDF page 61; AGA 014.732; Protocol question column","NAMCARs 139.12.8","When designating taxiways, is the use of the letters I, O or X and of words such as inner and outer avoided?","sha256:e198e54ce9f177e507e2c73fa9c944f9b5db931b385f496fcb805e7faff94d64","all-forms-preview-014-0201","PROPOSED_SAFETY_CRITICAL","AERODROME_OPERATIONAL_SAFETY","true","SOURCE_MAPPING_REQUIRED","NOT_ATTESTED","CANDIDATE_INTERPRETATION_REQUIRES_EXPERT_REVIEW","NOT_SUPPLIED"
"FSS-AGA-FORM-014","AGA 014.734","202","62","raw PDF page 62; AGA 014.734; Protocol question column","NAMCARs 139.12.8","Is the use of numbers alone on the manoeuvring area reserved for the designation of runways?","sha256:0362797594ed26da86d06ab8059a5fd17f29c37affa53678570c12231b50700b","all-forms-preview-014-0202","PROPOSED_SAFETY_CRITICAL","AERODROME_OPERATIONAL_SAFETY","true","SOURCE_MAPPING_REQUIRED","NOT_ATTESTED","CANDIDATE_INTERPRETATION_REQUIRES_EXPERT_REVIEW","NOT_SUPPLIED"
"FSS-AGA-FORM-014","AGA 014.736","203","62","raw PDF page 62; AGA 014.736; Protocol question column","NAMCARs 139.12.8","Is the VOR aerodrome checkpoint indicated by a marking and sign located at the appropriate place and in conformance to the requirements?","sha256:33d941bd29af1bc8397fbed54da1b8a63afeadf03ad49936ee226f2f97bdb981","all-forms-preview-014-0203","PROPOSED_SAFETY_CRITICAL","AERODROME_OPERATIONAL_SAFETY","true","SOURCE_MAPPING_REQUIRED","NOT_ATTESTED","CANDIDATE_INTERPRETATION_REQUIRES_EXPERT_REVIEW","NOT_SUPPLIED"
"FSS-AGA-FORM-014","AGA 014.738","204","62","raw PDF page 62; AGA 014.738; Protocol question column","NAMCARs 139.12.8","Is an aerodrome identification sign provided at the appropriate location and characteristics in conformance to the requirements?","sha256:f033b12ad7da64a01a5d2767aee879d0f5f07facb9a6ff7b7824c0aebb742f22","all-forms-preview-014-0204","PROPOSED_SAFETY_CRITICAL","AERODROME_OPERATIONAL_SAFETY","true","SOURCE_MAPPING_REQUIRED","NOT_ATTESTED","CANDIDATE_INTERPRETATION_REQUIRES_EXPERT_REVIEW","NOT_SUPPLIED"
"FSS-AGA-FORM-014","AGA 014.740","205","62","raw PDF page 62; AGA 014.740; Protocol question column","NAMCARs 139.12.8","Are aircraft stand identification markings supplemented with aircraft stand identification signs at the appropriate location and characteristics in conformance to the requirements?","sha256:b87c6fd1e0ddf8144521c70489e178a3654d361cbfb1f9012bafbea15bc365ac","all-forms-preview-014-0205","PROPOSED_SAFETY_CRITICAL","AERODROME_OPERATIONAL_SAFETY","true","SOURCE_MAPPING_REQUIRED","NOT_ATTESTED","CANDIDATE_INTERPRETATION_REQUIRES_EXPERT_REVIEW","NOT_SUPPLIED"
"FSS-AGA-FORM-014","AGA 014.742","206","63","raw PDF page 63; AGA 014.742; Protocol question column","NAMCARs 139.12.8","Are road- holding position sign provided at all road entrances to a runway at the appropriate location and characteristics in conformance to the requirements?","sha256:5a44bb3efcf8084aef8d463e65d953e75923f38b7199d8b285b43e9f275e9b76","all-forms-preview-014-0206","PROPOSED_SAFETY_CRITICAL","AERODROME_OPERATIONAL_SAFETY","true","SOURCE_MAPPING_REQUIRED","NOT_ATTESTED","CANDIDATE_INTERPRETATION_REQUIRES_EXPERT_REVIEW","NOT_SUPPLIED"
"FSS-AGA-FORM-014","AGA 014.801","207","63","raw PDF page 63; AGA 014.801; Protocol question column","NAMCARs 139.12.9","Are markers frangible?","sha256:f56a073be932f8efec373ed6a8e3464703a1486a33602059577cc286bc384f12","all-forms-preview-014-0207","PROPOSED_SAFETY_CRITICAL","AERODROME_OPERATIONAL_SAFETY","true","SOURCE_MAPPING_REQUIRED","NOT_ATTESTED","CANDIDATE_INTERPRETATION_REQUIRES_EXPERT_REVIEW","NOT_SUPPLIED"
"FSS-AGA-FORM-014","AGA 014.803","208","63","raw PDF page 63; AGA 014.803; Protocol question column","NAMCARs 139.12.9","Are markers located near a runway or taxiway sufficiently low to preserve clearance for propellers and the engine pods of jet aircraft?","sha256:271df44bfdce31169350f5fdf1d6034f99e4fec41217038bb0ee90928d17bccc","all-forms-preview-014-0208","PROPOSED_SAFETY_CRITICAL","AERODROME_OPERATIONAL_SAFETY","true","SOURCE_MAPPING_REQUIRED","NOT_ATTESTED","CANDIDATE_INTERPRETATION_REQUIRES_EXPERT_REVIEW","NOT_SUPPLIED"
"FSS-AGA-FORM-014","AGA 014.805","209","64","raw PDF page 64; AGA 014.805; Protocol question column","NAMCARs 139.12.9","Are markers provided when the extent of an unpaved runway is not clearly indicated by the appearance of its surface compared with that of the surrounding ground at the appropriate location and characteristics in conformance to the requirements?","sha256:a519755679d1eafb0dc76888a0705f8bda3dd3b471b24dbd2572bd660cec0268","all-forms-preview-014-0209","PROPOSED_SAFETY_CRITICAL","AERODROME_OPERATIONAL_SAFETY","true","SOURCE_MAPPING_REQUIRED","NOT_ATTESTED","CANDIDATE_INTERPRETATION_REQUIRES_EXPERT_REVIEW","NOT_SUPPLIED"
"FSS-AGA-FORM-014","AGA 014.807","210","64","raw PDF page 64; AGA 014.807; Protocol question column","NAMCARs 139.12.9","Are stopway edge markers provided when the extent of a stopway is not clearly indicated by the appearance of its surface compared with that of the surrounding ground at the appropriate location and characteristics in conformance to the requirements?","sha256:243789a3f7f51809600f41a2b60c7572c721050ef51c6d2aa3bb056633a6e817","all-forms-preview-014-0210","PROPOSED_SAFETY_CRITICAL","AERODROME_OPERATIONAL_SAFETY","true","SOURCE_MAPPING_REQUIRED","NOT_ATTESTED","CANDIDATE_INTERPRETATION_REQUIRES_EXPERT_REVIEW","NOT_SUPPLIED"
"FSS-AGA-FORM-014","AGA 014.809","211","65","raw PDF page 65; AGA 014.809; Protocol question column","NAMCARs 139.12.9","Are taxiway edge markers provided at the appropriate location and characteristics in conformance to the requirements?","sha256:a80077939cb97383a8755d3db09a1a7d457cf0d3c51a6549f18d6419c123aeec","all-forms-preview-014-0211","PROPOSED_SAFETY_CRITICAL","AERODROME_OPERATIONAL_SAFETY","true","SOURCE_MAPPING_REQUIRED","NOT_ATTESTED","CANDIDATE_INTERPRETATION_REQUIRES_EXPERT_REVIEW","NOT_SUPPLIED"
"FSS-AGA-FORM-014","AGA 014.811","212","65","raw PDF page 65; AGA 014.811; Protocol question column","NAMCARs 139.12.9","Are taxiway centre line markers provided at the appropriate location and characteristics in conformance to the requirements?","sha256:fd1259cd2622e48871f0a2a407349af4328e184a0092af0c623fc96e51828a44","all-forms-preview-014-0212","PROPOSED_SAFETY_CRITICAL","AERODROME_OPERATIONAL_SAFETY","true","SOURCE_MAPPING_REQUIRED","NOT_ATTESTED","CANDIDATE_INTERPRETATION_REQUIRES_EXPERT_REVIEW","NOT_SUPPLIED"
"FSS-AGA-FORM-014","AGA 014.813","213","66","raw PDF page 66; AGA 014.813; Protocol question column","NAMCARs 139.12.9","Are unpaved taxiway edge markers provided when the extent of an unpaved taxiway is not clearly indicated by the appearance of its surface compared with that of the surrounding ground at the appropriate location and characteristics in conformance to the requirements?","sha256:81c3765af862de3b663ba8f21405e463d41bf6012b1afeae35d252bfb43d5e06","all-forms-preview-014-0213","PROPOSED_SAFETY_CRITICAL","AERODROME_OPERATIONAL_SAFETY","true","SOURCE_MAPPING_REQUIRED","NOT_ATTESTED","CANDIDATE_INTERPRETATION_REQUIRES_EXPERT_REVIEW","NOT_SUPPLIED"
"FSS-AGA-FORM-014","AGA 014.815","214","66","raw PDF page 66; AGA 014.815; Protocol question column","NAMCARs 139.12.9","Are boundary markers provided at an aerodrome where the landing area has no runway?","sha256:ba60165bd4e4fe7e86edf23c454e74ea0108cbac92ee7b2b38f62c9d1e71ee9d","all-forms-preview-014-0214","PROPOSED_SAFETY_CRITICAL","AERODROME_OPERATIONAL_SAFETY","true","SOURCE_MAPPING_REQUIRED","NOT_ATTESTED","CANDIDATE_INTERPRETATION_REQUIRES_EXPERT_REVIEW","NOT_SUPPLIED"
"FSS-AGA-FORM-015","AGA 015.101","1","1","raw PDF page 1; AGA 015.101; Protocol question column","NAMCARs 139.15.2","Is adequate primary power supply provided for the safe functioning of air navigation facilities?","sha256:7ba219728be6e1a5bbb1ce4a9ff40f602f2167ea0862ab7cfe9e6d76cf65b8e1","all-forms-preview-015-0001","PROPOSED_SAFETY_CRITICAL","AERODROME_OPERATIONAL_SAFETY","true","SOURCE_MAPPING_REQUIRED","NOT_ATTESTED","CANDIDATE_INTERPRETATION_REQUIRES_EXPERT_REVIEW","NOT_SUPPLIED"
"FSS-AGA-FORM-015","AGA 015.103","2","1","raw PDF page 1; AGA 015.103; Protocol question column","NAMCARs 139.15.2","Are electrical power systems for aerodrome visual and radio navigation aids designed and provided in such a way that an equipment failure does not leave the pilot with inadequate visual and non- visual guidance or misleading information?","sha256:7f14ffcedeb8eec309b4ed8373793c79d008f1b3357eef3d56587149b3554087","all-forms-preview-015-0002","PROPOSED_SAFETY_CRITICAL","AERODROME_OPERATIONAL_SAFETY","true","SOURCE_MAPPING_REQUIRED","NOT_ATTESTED","CANDIDATE_INTERPRETATION_REQUIRES_EXPERT_REVIEW","NOT_SUPPLIED"
"FSS-AGA-FORM-015","AGA 015.105","3","2","raw PDF page 2; AGA 015.105; Protocol question column","NAMCARs 139.15.2","Are electric power supply connections to those facilities for which secondary power is required and arranged so that the facilities are automatically connected to the secondary power supply on the failure of the primary source of power?","sha256:92234dc6a4a16d0fa46f3e69d7a42ec49f79a087ff8f58ae5cfa2c58341621b9","all-forms-preview-015-0003","PROPOSED_SAFETY_CRITICAL","AERODROME_OPERATIONAL_SAFETY","true","SOURCE_MAPPING_REQUIRED","NOT_ATTESTED","CANDIDATE_INTERPRETATION_REQUIRES_EXPERT_REVIEW","NOT_SUPPLIED"
"FSS-AGA-FORM-015","AGA 015.107","4","2","raw PDF page 2; AGA 015.107; Protocol question column","NAMCARs 139.15.2","Is the time interval between failure of the primary source of power and the complete restoration of the services required to be connected to the secondary power supply as short as practicable?","sha256:cc1396877a2d71f0c956fefe5ba96caca570dd1cabdfd9bceb8032de102c6368","all-forms-preview-015-0004","PROPOSED_SAFETY_CRITICAL","AERODROME_OPERATIONAL_SAFETY","true","SOURCE_MAPPING_REQUIRED","NOT_ATTESTED","CANDIDATE_INTERPRETATION_REQUIRES_EXPERT_REVIEW","NOT_SUPPLIED"
"FSS-AGA-FORM-015","AGA 015.109","5","3","raw PDF page 3; AGA 015.109; Protocol question column","NAMCARs 139.15.2","Are electric power supply connections to those facilities for which secondary power is required so arranged that the facilities can meet the requirements for maximum switch-over times applicable to the aerodrome reference code and type of approach?","sha256:99e7b867f856f91e7d606670c2f8d75d4edb431b2fad0da88016fcdcbd6c4bd2","all-forms-preview-015-0005","PROPOSED_SAFETY_CRITICAL","AERODROME_OPERATIONAL_SAFETY","true","SOURCE_MAPPING_REQUIRED","NOT_ATTESTED","CANDIDATE_INTERPRETATION_REQUIRES_EXPERT_REVIEW","NOT_SUPPLIED"
"FSS-AGA-FORM-015","AGA 015.111","6","3","raw PDF page 3; AGA 015.111; Protocol question column","NAMCARs 139.15.2","Are electric power supply connections to those facilities for which secondary power is required so arranged that the facilities can meet the requirements for maximum switch-over times applicable to a precision approach?","sha256:135c9721cb5fa52f782a1dc49dd787a0d362e6227ab4503e50e0af91f3c75cfb","all-forms-preview-015-0006","PROPOSED_SAFETY_CRITICAL","AERODROME_OPERATIONAL_SAFETY","true","SOURCE_MAPPING_REQUIRED","NOT_ATTESTED","CANDIDATE_INTERPRETATION_REQUIRES_EXPERT_REVIEW","NOT_SUPPLIED"
"FSS-AGA-FORM-015","AGA 015.113","7","4","raw PDF page 4; AGA 015.113; Protocol question column","NAMCARs 139.15.2","Are electric power supply connections to those facilities for which secondary power is required so arranged that the facilities are capable of meeting the requirements for maximum switch-over times for a runway meant for take-off with runway visual range conditions less than a value of 800 m?","sha256:5dfd5121e7dfdc9ef83795fc88a2af2a4dbba5d89783bfe9ba1a5f1021fd158b","all-forms-preview-015-0007","PROPOSED_SAFETY_CRITICAL","AERODROME_OPERATIONAL_SAFETY","true","SOURCE_MAPPING_REQUIRED","NOT_ATTESTED","CANDIDATE_INTERPRETATION_REQUIRES_EXPERT_REVIEW","NOT_SUPPLIED"
"FSS-AGA-FORM-015","AGA 015.115","8","4","raw PDF page 4; AGA 015.115; Protocol question column","NAMCARs 139.15.2","where the primary runway is a non-precision approach runway, is a secondary power supply capable of meeting the applicable requirements for maximum switch-over times provided?","sha256:c685163d29ffb616b8e706c69e2ecd194d5d6b8fca9117646a3cea5ac2bf2c28","all-forms-preview-015-0008","PROPOSED_SAFETY_CRITICAL","AERODROME_OPERATIONAL_SAFETY","true","SOURCE_MAPPING_REQUIRED","NOT_ATTESTED","CANDIDATE_INTERPRETATION_REQUIRES_EXPERT_REVIEW","NOT_SUPPLIED"
"FSS-AGA-FORM-015","AGA 015.117","9","4","raw PDF page 4; AGA 015.117; Protocol question column","NAMCARs 139.15.2","where the primary runway is a non-instrument runway, is a secondary power supply capable of meeting the applicable requirements for maximum switch-over times provided?","sha256:f996f2c274033e39ef778b79680b5275f44024391da517da9863d90155603287","all-forms-preview-015-0009","PROPOSED_SAFETY_CRITICAL","AERODROME_OPERATIONAL_SAFETY","true","SOURCE_MAPPING_REQUIRED","NOT_ATTESTED","CANDIDATE_INTERPRETATION_REQUIRES_EXPERT_REVIEW","NOT_SUPPLIED"
"FSS-AGA-FORM-015","AGA 015.119","10","5","raw PDF page 5; AGA 015.119; Protocol question column","NAMCARs 139.15.2","Are the requirements for secondary met through power supply independent public power, which is a source of power supplying the aerodrome service from a substation other than the normal substation through a transmission line following a route different from the normal power supply route and such that the possibility of a simultaneous failure of the normal and independent public power supplies is extremely remote?","sha256:9944a6fe16e8852bb12770de26e40136687626eb13ac01c1625908a950a6c7ad","all-forms-preview-015-0010","PROPOSED_SAFETY_CRITICAL","AERODROME_OPERATIONAL_SAFETY","true","SOURCE_MAPPING_REQUIRED","NOT_ATTESTED","CANDIDATE_INTERPRETATION_REQUIRES_EXPERT_REVIEW","NOT_SUPPLIED"
"FSS-AGA-FORM-015","AGA 015.121","11","5","raw PDF page 5; AGA 015.121; Protocol question column","NAMCARs 139.15.2","If the AGA 015.119 is NO, are the requirements for secondary met through standby power unit(s), which are engine generators, batteries, etc., from which electric power can be obtained?","sha256:fb0e6e01b3887ad9110ddff31dd64d8917ce99e347d7930427788742dbdb94f7","all-forms-preview-015-0011","PROPOSED_SAFETY_CRITICAL","AERODROME_OPERATIONAL_SAFETY","true","SOURCE_MAPPING_REQUIRED","NOT_ATTESTED","CANDIDATE_INTERPRETATION_REQUIRES_EXPERT_REVIEW","NOT_SUPPLIED"
"FSS-AGA-FORM-015","AGA 015.202","12","6","raw PDF page 6; AGA 015.202; Protocol question column","NAMCARs 139.15.3","are the electrical systems for the power supply, lighting, and control of the lighting systems to be connected to the secondary power supply designed that an equipment failure will not leave the pilot with inadequate visual guidance or misleading information?","sha256:e11486ec61a321b9fd2f3304d272e3e7eb4d98f4dfc0f556c0e4227e5d1e9ad8","all-forms-preview-015-0012","PROPOSED_SAFETY_CRITICAL","AERODROME_OPERATIONAL_SAFETY","true","SOURCE_MAPPING_REQUIRED","NOT_ATTESTED","CANDIDATE_INTERPRETATION_REQUIRES_EXPERT_REVIEW","NOT_SUPPLIED"
"FSS-AGA-FORM-015","AGA 015.205","13","6","raw PDF page 6; AGA 015.205; Protocol question column","NAMCARs 139.15.3","Where the secondary power supply of an aerodrome is provided by the use of duplicate feeders, are the supplies physically and electrically separate so as to ensure the required level of availability and independence?","sha256:177800fad7719118910e272948d158828e26316f90fc9eafa83b90f84b70a74b","all-forms-preview-015-0013","PROPOSED_SAFETY_CRITICAL","AERODROME_OPERATIONAL_SAFETY","true","SOURCE_MAPPING_REQUIRED","NOT_ATTESTED","CANDIDATE_INTERPRETATION_REQUIRES_EXPERT_REVIEW","NOT_SUPPLIED"
"FSS-AGA-FORM-015","AGA 015.207","14","6","raw PDF page 6; AGA 015.207; Protocol question column","NAMCARs 139.15.3","Where a runway forming part of a standard taxi route is provided with runway lighting and taxiway lighting, is the lighting systems interlocked to preclude the possibility of simultaneous operation of both forms of lighting?","sha256:4be1855f1b407e70fe410e9e5abe72ea6a18e545c69462b5234580970697ffc2","all-forms-preview-015-0014","PROPOSED_SAFETY_CRITICAL","AERODROME_OPERATIONAL_SAFETY","true","SOURCE_MAPPING_REQUIRED","NOT_ATTESTED","CANDIDATE_INTERPRETATION_REQUIRES_EXPERT_REVIEW","NOT_SUPPLIED"
"FSS-AGA-FORM-015","AGA 015.301","15","7","raw PDF page 7; AGA 015.301; Protocol question column","NAMCARs 139.15.4","Is a system of monitoring employed to indicate the operational status of the lighting systems?","sha256:7d7962f7ea2e106d4a4acac68b7d69fb0b84bd9fe17c8c7ff2d80ab194b484bd","all-forms-preview-015-0015","PROPOSED_SAFETY_CRITICAL","AERODROME_OPERATIONAL_SAFETY","true","SOURCE_MAPPING_REQUIRED","NOT_ATTESTED","CANDIDATE_INTERPRETATION_REQUIRES_EXPERT_REVIEW","NOT_SUPPLIED"
"FSS-AGA-FORM-015","AGA 015.303","16","7","raw PDF page 7; AGA 015.303; Protocol question column","NAMCARs 139.15.4","Where lighting systems are used for aircraft control purposes are the systems monitored automatically so as to provide an indication of any fault that may affect the control functions?","sha256:b1c0a201e92c53a28285fb1f99b8bf69da7ad1b3ba6e379a8561bb86776e7281","all-forms-preview-015-0016","PROPOSED_SAFETY_CRITICAL","AERODROME_OPERATIONAL_SAFETY","true","SOURCE_MAPPING_REQUIRED","NOT_ATTESTED","CANDIDATE_INTERPRETATION_REQUIRES_EXPERT_REVIEW","NOT_SUPPLIED"
"FSS-AGA-FORM-015","AGA 015.307","17","7","raw PDF page 7; AGA 015.307; Protocol question column","NAMCARs 139.15.4","Where a change in the operational status of lights has occurred, is an indication provided within two seconds for a stop bar at a runway-holding position and within five seconds for all other types of visual aids?","sha256:23f1f99d466f8ea8d826277557bf323cc2887aa21890789b42187dddc0624242","all-forms-preview-015-0017","PROPOSED_SAFETY_CRITICAL","AERODROME_OPERATIONAL_SAFETY","true","SOURCE_MAPPING_REQUIRED","NOT_ATTESTED","CANDIDATE_INTERPRETATION_REQUIRES_EXPERT_REVIEW","NOT_SUPPLIED"
"FSS-AGA-FORM-015","AGA 015.309","18","8","raw PDF page 8; AGA 015.309; Protocol question column","NAMCARs 139.15.4","is the required lighting systems monitored automatically so as to provide an indication when the serviceability level of any element falls below the specified minimum serviceability level?","sha256:04a26786615288792a0238226fa2c4b6cdfb759981ba3686009925a124494022","all-forms-preview-015-0018","PROPOSED_SAFETY_CRITICAL","AERODROME_OPERATIONAL_SAFETY","true","SOURCE_MAPPING_REQUIRED","NOT_ATTESTED","CANDIDATE_INTERPRETATION_REQUIRES_EXPERT_REVIEW","NOT_SUPPLIED"
"FSS-AGA-FORM-015","AGA 015.313","19","8","raw PDF page 8; AGA 015.313; Protocol question column","NAMCARs 139.15.4","is the required lighting systems monitored automatically so as to provide an indication when the serviceability level of any element falls below the minimum level specified below which operations should not continue?","sha256:0ec135ccd656bd5de92d0af14f6143f89b3a9308cc40e24e28a16d8c3e76a848","all-forms-preview-015-0019","PROPOSED_SAFETY_CRITICAL","AERODROME_OPERATIONAL_SAFETY","true","SOURCE_MAPPING_REQUIRED","NOT_ATTESTED","CANDIDATE_INTERPRETATION_REQUIRES_EXPERT_REVIEW","NOT_SUPPLIED"
"FSS-AGA-FORM-016","AGA 016.102","1","1","raw PDF page 1; AGA 016.102; Protocol question column","NAMCARs 139.16.6 | NAMCARs 139.12.2","If the AGA 016.101 is Yes, Does the wind direction indicator conform to the requirements?","sha256:d8470d6df254b5e07822819a5c981ab50963cd5a7ccbf8fc269d00fc092958b0","all-forms-preview-016-0001","PROPOSED_HIGH_OPERATIONAL","OPERATIONAL_ASSURANCE","false","SOURCE_MAPPING_REQUIRED","NOT_ATTESTED","CANDIDATE_INTERPRETATION_REQUIRES_EXPERT_REVIEW","NOT_SUPPLIED"
"FSS-AGA-FORM-016","AGA 016.103","2","1","raw PDF page 1; AGA 016.103; Protocol question column","NAMCARs 139.16.6 | NAMCARs 139.12.2","Are the wind direction indicators in good conditions and visible to aircraft in flight or on the movement area?","sha256:85afdf8197e563cc5a4d7e3f065cde610ead70164fa73e36d81b7a7655d5f7f5","all-forms-preview-016-0002","PROPOSED_SAFETY_CRITICAL","AERODROME_OPERATIONAL_SAFETY","true","SOURCE_MAPPING_REQUIRED","NOT_ATTESTED","CANDIDATE_INTERPRETATION_REQUIRES_EXPERT_REVIEW","NOT_SUPPLIED"
"FSS-AGA-FORM-016","AGA 016.104","3","2","raw PDF page 2; AGA 016.104; Protocol question column","NAMCARs 139.16.6 | NAMCARs 139.12.6","Are routes demarcated on the apron for use by persons, aircraft or vehicles travelling on the surface?","sha256:925db0c0dca88d4c2a3e3043de122f07026971e3354f261ac38bca461005b149","all-forms-preview-016-0003","PROPOSED_SAFETY_CRITICAL","AERODROME_OPERATIONAL_SAFETY","true","SOURCE_MAPPING_REQUIRED","NOT_ATTESTED","CANDIDATE_INTERPRETATION_REQUIRES_EXPERT_REVIEW","NOT_SUPPLIED"
"FSS-AGA-FORM-016","AGA 016.108","4","2","raw PDF page 2; AGA 016.108; Protocol question column","NAMCARs 139.16.6 | NAMCARs 139.12.6","Are all required markers installed and in conspicuous conditions readily visible to aircraft in the air or manoeuvring on the ground?","sha256:bfc5f375aec705c3b55b2dc29131d539c483bcef9b210601313b8614041c2c79","all-forms-preview-016-0004","PROPOSED_SAFETY_CRITICAL","AERODROME_OPERATIONAL_SAFETY","true","SOURCE_MAPPING_REQUIRED","NOT_ATTESTED","CANDIDATE_INTERPRETATION_REQUIRES_EXPERT_REVIEW","NOT_SUPPLIED"
"FSS-AGA-FORM-016","AGA 016.110","5","2","raw PDF page 2; AGA 016.110; Protocol question column","NAMCARs 139.12.6","Are all mandatory instruction signs installed and in conspicuous conditions readily visible to aircraft manoeuvring on the ground?","sha256:572a170c313af3ebbb596bae3dfcf8e232d76e9cb4bfc0ca6c0ce1dcd8da4aae","all-forms-preview-016-0005","PROPOSED_SAFETY_CRITICAL","AERODROME_OPERATIONAL_SAFETY","true","SOURCE_MAPPING_REQUIRED","NOT_ATTESTED","CANDIDATE_INTERPRETATION_REQUIRES_EXPERT_REVIEW","NOT_SUPPLIED"
"FSS-AGA-FORM-016","AGA 016.112","6","2","raw PDF page 2; AGA 016.112; Protocol question column","NAMCARs 139.12.6","Are all information signs installed and in conspicuous conditions readily visible to aircraft manoeuvring on the ground?","sha256:709de8dc9fc7b24469885247fba9fd7fb087ce40edf43db9ff9adb14eec620fb","all-forms-preview-016-0006","PROPOSED_SAFETY_CRITICAL","AERODROME_OPERATIONAL_SAFETY","true","SOURCE_MAPPING_REQUIRED","NOT_ATTESTED","CANDIDATE_INTERPRETATION_REQUIRES_EXPERT_REVIEW","NOT_SUPPLIED"
"FSS-AGA-FORM-016","AGA 016.114","7","2","raw PDF page 2; AGA 016.114; Protocol question column","NAMCARs 139.12.6","Are grounding or mooring points or other means of securing aircraft available on the apron?","sha256:c2dd1f7232a08473231f22446d13f064b36821ea91f8fe45088a0928c63e6758","all-forms-preview-016-0007","PROPOSED_SAFETY_CRITICAL","AERODROME_OPERATIONAL_SAFETY","true","SOURCE_MAPPING_REQUIRED","NOT_ATTESTED","CANDIDATE_INTERPRETATION_REQUIRES_EXPERT_REVIEW","NOT_SUPPLIED"
"FSS-AGA-FORM-016","AGA 016.202","8","3","raw PDF page 3; AGA 016.202; Protocol question column","","Is there an apron management service in place at the (name of aerodrome)?","sha256:36fd761c2a5f83da91b8bc3725e915b0ac7ba67675724787b3b55eee70af2b78","all-forms-preview-016-0008","PROPOSED_HIGH_OPERATIONAL","OPERATIONAL_ASSURANCE","false","SOURCE_MAPPING_REQUIRED","NOT_ATTESTED","CANDIDATE_INTERPRETATION_REQUIRES_EXPERT_REVIEW","NOT_SUPPLIED"
"FSS-AGA-FORM-016","AGA 016.204","9","3","raw PDF page 3; AGA 016.204; Protocol question column","","Does the apron management include procedures to facilitate the orderly transition of aircraft between the apron management unit and the aerodrome control tower if the aerodrome control tower does not participate in the apron management service?","sha256:797a36c7562bdd47c747559db82a0e9a668c8bed3f50d4d6232364d5e1f267da","all-forms-preview-016-0009","PROPOSED_SAFETY_CRITICAL","AERODROME_OPERATIONAL_SAFETY","true","SOURCE_MAPPING_REQUIRED","NOT_ATTESTED","CANDIDATE_INTERPRETATION_REQUIRES_EXPERT_REVIEW","NOT_SUPPLIED"
"FSS-AGA-FORM-016","AGA 016.206","10","3","raw PDF page 3; AGA 016.206; Protocol question column","","Is the apron management service provided with radiotelephony communications facilities?","sha256:2e0a2aa810ac80917b584810b05e73679335faed221b85315822d9b243acb847","all-forms-preview-016-0010","PROPOSED_HIGH_OPERATIONAL","OPERATIONAL_ASSURANCE","false","SOURCE_MAPPING_REQUIRED","NOT_ATTESTED","CANDIDATE_INTERPRETATION_REQUIRES_EXPERT_REVIEW","NOT_SUPPLIED"
"FSS-AGA-FORM-016","AGA 016.208","11","4","raw PDF page 4; AGA 016.208; Protocol question column","","Does the apron management service have a process to ensure that when low visibility procedures are in effect, persons and vehicles operating on an apron shall be restricted to the essential minimum?","sha256:cbd18382bc65839c92687ab26079bf557223f35c0f671377f7588873e06726d6","all-forms-preview-016-0011","PROPOSED_HIGH_OPERATIONAL","OPERATIONAL_ASSURANCE","false","SOURCE_MAPPING_REQUIRED","NOT_ATTESTED","CANDIDATE_INTERPRETATION_REQUIRES_EXPERT_REVIEW","NOT_SUPPLIED"
"FSS-AGA-FORM-016","AGA 016.210","12","4","raw PDF page 4; AGA 016.210; Protocol question column","","Does the apron management service have a process to ensure that an emergency vehicle responding to an emergency shall be given priority over all other surface movement traffic?","sha256:d26fedbcd957b1dd5e08b7bc1af498546eb5735d27969baa5fba26a8560e6b4d","all-forms-preview-016-0012","PROPOSED_SAFETY_CRITICAL","AERODROME_OPERATIONAL_SAFETY","true","SOURCE_MAPPING_REQUIRED","NOT_ATTESTED","CANDIDATE_INTERPRETATION_REQUIRES_EXPERT_REVIEW","NOT_SUPPLIED"
"FSS-AGA-FORM-016","AGA 016.212","13","4","raw PDF page 4; AGA 016.212; Protocol question column","","Does the apron management service have a system to enforce traffic regulations?","sha256:c7b883463793bb2d8fefc9d16e38ac803a21f6435acd10f443133885e722da69","all-forms-preview-016-0013","PROPOSED_HIGH_OPERATIONAL","OPERATIONAL_ASSURANCE","false","SOURCE_MAPPING_REQUIRED","NOT_ATTESTED","CANDIDATE_INTERPRETATION_REQUIRES_EXPERT_REVIEW","NOT_SUPPLIED"
"FSS-AGA-FORM-016","AGA 016.214","14","4","raw PDF page 4; AGA 016.214; Protocol question column","","Are aircraft stands visually monitored to ensure that the recommended clearance distances are provided to an aircraft using the stand?","sha256:836caac8c95f05cc3e82e467404779f1ed42ed16dd0703494cf2ed29a52307f1","all-forms-preview-016-0014","PROPOSED_SAFETY_CRITICAL","AERODROME_OPERATIONAL_SAFETY","true","SOURCE_MAPPING_REQUIRED","NOT_ATTESTED","CANDIDATE_INTERPRETATION_REQUIRES_EXPERT_REVIEW","NOT_SUPPLIED"
"FSS-AGA-FORM-016","AGA 016.216","15","5","raw PDF page 5; AGA 016.216; Protocol question column","","Does the apron management include procedures for apron safety to mitigate congestion, when the apron congestion is a challenge?","sha256:5d8df66f5c881e74a7a910c74bcc70fb7d621baf5019d910f657179e02bf7ecc","all-forms-preview-016-0015","PROPOSED_HIGH_OPERATIONAL","OPERATIONAL_ASSURANCE","false","SOURCE_MAPPING_REQUIRED","NOT_ATTESTED","CANDIDATE_INTERPRETATION_REQUIRES_EXPERT_REVIEW","NOT_SUPPLIED"
"FSS-AGA-FORM-016","AGA 016.218","16","5","raw PDF page 5; AGA 016.218; Protocol question column","","Does the apron management include a procedure for apron safety management for aircraft docking, ground servicing, engine start and push back operations?","sha256:9fb84d1c2fb8b3d0cadd648a81541e69cbcaac099fa60ac01941f0efe33686c8","all-forms-preview-016-0016","PROPOSED_SAFETY_CRITICAL","AERODROME_OPERATIONAL_SAFETY","true","SOURCE_MAPPING_REQUIRED","NOT_ATTESTED","CANDIDATE_INTERPRETATION_REQUIRES_EXPERT_REVIEW","NOT_SUPPLIED"
"FSS-AGA-FORM-016","AGA 016.301","17","5","raw PDF page 5; AGA 016.301; Protocol question column","NAMCARs 139.16.7","Are fire extinguishing equipment suitable for at least initial intervention in the event of fuel fire and personnel trained in its use readily available during the ground servicing of an aircraft?","sha256:3e9e191e0d9167ce0490cbc5f48d2990886eb6550ca03b0926de955f09bed9d7","all-forms-preview-016-0017","PROPOSED_SAFETY_CRITICAL","AERODROME_OPERATIONAL_SAFETY","true","SOURCE_MAPPING_REQUIRED","NOT_ATTESTED","CANDIDATE_INTERPRETATION_REQUIRES_EXPERT_REVIEW","NOT_SUPPLIED"
"FSS-AGA-FORM-016","AGA 016.303","18","5","raw PDF page 5; AGA 016.303; Protocol question column","NAMCARs 139.16.7","are there means of quickly summoning the rescue and fire fighting service in the event of a fire or major fuel spill?","sha256:ab936e173539322a916d5c91259d64b8cf4d3c927876086ad08a4c97102f4af8","all-forms-preview-016-0018","PROPOSED_SAFETY_CRITICAL","AERODROME_OPERATIONAL_SAFETY","true","SOURCE_MAPPING_REQUIRED","NOT_ATTESTED","CANDIDATE_INTERPRETATION_REQUIRES_EXPERT_REVIEW","NOT_SUPPLIED"
"FSS-AGA-FORM-016","AGA 016.305","19","6","raw PDF page 6; AGA 016.305; Protocol question column","NAMCARs 139.16.7","Are their appropriate procedures in place for the positioning of ground equipment when aircraft refuelling operations take place while passengers are embarking, on board or disembarking?","sha256:13c9203453c94ba14e360acd3533b356117417adb912b40ecb33e6de3b191dd4","all-forms-preview-016-0019","PROPOSED_SAFETY_CRITICAL","AERODROME_OPERATIONAL_SAFETY","true","SOURCE_MAPPING_REQUIRED","NOT_ATTESTED","CANDIDATE_INTERPRETATION_REQUIRES_EXPERT_REVIEW","NOT_SUPPLIED"
"FSS-AGA-FORM-016","AGA 016.402","20","6","raw PDF page 6; AGA 016.402; Protocol question column","NAMCARs 139.16.7 | NAMCARs 139.16.8","Does the apron management include procedures for aerodrome vehicle operation on the maneuvering area?","sha256:6a6617bd45ee70e2547c09d88bfb734debc78abd15db04881598b2ed3b998f4c","all-forms-preview-016-0020","PROPOSED_HIGH_OPERATIONAL","OPERATIONAL_ASSURANCE","false","SOURCE_MAPPING_REQUIRED","NOT_ATTESTED","CANDIDATE_INTERPRETATION_REQUIRES_EXPERT_REVIEW","NOT_SUPPLIED"
"FSS-AGA-FORM-016","AGA 016.404","21","7","raw PDF page 7; AGA 016.404; Protocol question column","NAMCARs 139.16.8","Are the drivers operating vehicles on the movement area properly trained and qualified?","sha256:6b5761999e9753e4039836f4f558f2df851611a5554471825b9c7bccce37147b","all-forms-preview-016-0021","PROPOSED_HIGH_OPERATIONAL","OPERATIONAL_ASSURANCE","false","SOURCE_MAPPING_REQUIRED","NOT_ATTESTED","CANDIDATE_INTERPRETATION_REQUIRES_EXPERT_REVIEW","NOT_SUPPLIED"
"FSS-AGA-FORM-016","AGA 016.502","22","7","raw PDF page 7; AGA 016.502; Protocol question column","","Is a surface movement guidance and control system (SMGCS) provided and in conformance to the requirements?","sha256:40df713ced0d458609ae11098f9765e0c78e63c41ba17039a4fb99f60fe75781","all-forms-preview-016-0022","PROPOSED_HIGH_OPERATIONAL","OPERATIONAL_ASSURANCE","false","SOURCE_MAPPING_REQUIRED","NOT_ATTESTED","CANDIDATE_INTERPRETATION_REQUIRES_EXPERT_REVIEW","NOT_SUPPLIED"
"FSS-AGA-FORM-016","AGA 016.504","23","7","raw PDF page 7; AGA 016.504; Protocol question column","","Are the visual aid components of the SMGCS, i.e., markings, lights, and signs, designed to conform with the relevant specifications?","sha256:9cbd79313a59cb8bb1e0c1ec754d948d0224e7a16420df294af534c28966ff4c","all-forms-preview-016-0023","PROPOSED_SAFETY_CRITICAL","AERODROME_OPERATIONAL_SAFETY","true","SOURCE_MAPPING_REQUIRED","NOT_ATTESTED","CANDIDATE_INTERPRETATION_REQUIRES_EXPERT_REVIEW","NOT_SUPPLIED"
"FSS-AGA-FORM-016","AGA 016.506","24","8","raw PDF page 8; AGA 016.506; Protocol question column","","Is the SMGCS designed to assist in the prevention of inadvertent incursions of aircraft and vehicles onto an active runway?","sha256:95900bba79199d25a5674a30c0485756221c41a0bf90efd52168ef4d7fdef199","all-forms-preview-016-0024","PROPOSED_SAFETY_CRITICAL","AERODROME_OPERATIONAL_SAFETY","true","SOURCE_MAPPING_REQUIRED","NOT_ATTESTED","CANDIDATE_INTERPRETATION_REQUIRES_EXPERT_REVIEW","NOT_SUPPLIED"
"FSS-AGA-FORM-016","AGA 016.508","25","8","raw PDF page 8; AGA 016.508; Protocol question column","","Is the SMGCS designed to assist in the prevention of collisions between aircraft, and between aircraft and vehicles or objects, on any part of the movement area?","sha256:c13a8619f5e7e34b4b30722cd9e9a864a06faff363db96e7d4e422db6048a82a","all-forms-preview-016-0025","PROPOSED_SAFETY_CRITICAL","AERODROME_OPERATIONAL_SAFETY","true","SOURCE_MAPPING_REQUIRED","NOT_ATTESTED","CANDIDATE_INTERPRETATION_REQUIRES_EXPERT_REVIEW","NOT_SUPPLIED"
"FSS-AGA-FORM-016","AGA 016.510","26","8","raw PDF page 8; AGA 016.510; Protocol question column","","Where the SMGCS is provided by selective switching of stop bars and taxiway centre line lights, are the applicable requirements met?","sha256:6d5666d9dd7a95785ccac7fb4b3b6485c64efe219c1c1681072c0cfb624c0142","all-forms-preview-016-0026","PROPOSED_HIGH_OPERATIONAL","OPERATIONAL_ASSURANCE","false","SOURCE_MAPPING_REQUIRED","NOT_ATTESTED","CANDIDATE_INTERPRETATION_REQUIRES_EXPERT_REVIEW","NOT_SUPPLIED"
"FSS-AGA-FORM-016","AGA 016.512","27","8","raw PDF page 8; AGA 016.512; Protocol question column","","Has the (name of aerodrome) provided a surface movement radar for the maneuvering area?","sha256:58a908fc67467b67511b8879b68ce8adc5cbbdf458ee01f434e1dbbfda338564","all-forms-preview-016-0027","PROPOSED_HIGH_OPERATIONAL","OPERATIONAL_ASSURANCE","false","SOURCE_MAPPING_REQUIRED","NOT_ATTESTED","CANDIDATE_INTERPRETATION_REQUIRES_EXPERT_REVIEW","NOT_SUPPLIED"
"FSS-AGA-FORM-016","AGA 016.602","28","9","raw PDF page 9; AGA 016.602; Protocol question column","","Are there any equipment or installation on the runway strip?","sha256:2d50016fa74c6dc4d61a50c39ee1f32fa247e333d1fca0203bba1da752e310c0","all-forms-preview-016-0028","PROPOSED_SAFETY_CRITICAL","AERODROME_OPERATIONAL_SAFETY","true","SOURCE_MAPPING_REQUIRED","NOT_ATTESTED","CANDIDATE_INTERPRETATION_REQUIRES_EXPERT_REVIEW","NOT_SUPPLIED"
"FSS-AGA-FORM-016","AGA 016.604","29","9","raw PDF page 9; AGA 016.604; Protocol question column","","Are there any equipment or installation on the taxiway strip?","sha256:9be58f85991c30520dec809951af4a98f7eb68360211a4ef171ce2347eade585","all-forms-preview-016-0029","PROPOSED_HIGH_OPERATIONAL","OPERATIONAL_ASSURANCE","false","SOURCE_MAPPING_REQUIRED","NOT_ATTESTED","CANDIDATE_INTERPRETATION_REQUIRES_EXPERT_REVIEW","NOT_SUPPLIED"
"FSS-AGA-FORM-016","AGA 016.606","30","9","raw PDF page 9; AGA 016.606; Protocol question column","","Are there any equipment or installation on the specified clearing distances between Taxiway, other than aircraft stand taxilane, centre line to object?","sha256:87649acbb22a88e3ba240e91e5b3c2ec1ea06ab6d01b9b3db1ff7adb08178c74","all-forms-preview-016-0030","PROPOSED_SAFETY_CRITICAL","AERODROME_OPERATIONAL_SAFETY","true","SOURCE_MAPPING_REQUIRED","NOT_ATTESTED","CANDIDATE_INTERPRETATION_REQUIRES_EXPERT_REVIEW","NOT_SUPPLIED"
"FSS-AGA-FORM-016","AGA 016.608","31","9","raw PDF page 9; AGA 016.608; Protocol question column","","Are there any equipment or installation on the runway end safety area?","sha256:8f5aa4ca4bcff4faae19f3127bc376cd9e6dc51db87a35b144f4a85804ef8277","all-forms-preview-016-0031","PROPOSED_SAFETY_CRITICAL","AERODROME_OPERATIONAL_SAFETY","true","SOURCE_MAPPING_REQUIRED","NOT_ATTESTED","CANDIDATE_INTERPRETATION_REQUIRES_EXPERT_REVIEW","NOT_SUPPLIED"
"FSS-AGA-FORM-016","AGA 016.610","32","9","raw PDF page 9; AGA 016.610; Protocol question column","","Are there any equipment or installation on the clearways?","sha256:97dea2ed0c3d70ac9bedf047e8604981fca98b7d3aa5ff2ebabbb806d7859942","all-forms-preview-016-0032","PROPOSED_HIGH_OPERATIONAL","OPERATIONAL_ASSURANCE","false","SOURCE_MAPPING_REQUIRED","NOT_ATTESTED","CANDIDATE_INTERPRETATION_REQUIRES_EXPERT_REVIEW","NOT_SUPPLIED"
"FSS-AGA-FORM-016","AGA 016.612","33","9","raw PDF page 9; AGA 016.612; Protocol question column","","If the answer to one or more questions AGA 016.162 to 170 is YES, does the function of the equipment or installation require it to be there for air navigation or for aircraft safety purposes?","sha256:5813dc21545d01dbe8f7a01ecd50f47013813c8c37a43776f9042bb83e5b2f68","all-forms-preview-016-0033","PROPOSED_SAFETY_CRITICAL","AERODROME_OPERATIONAL_SAFETY","true","SOURCE_MAPPING_REQUIRED","NOT_ATTESTED","CANDIDATE_INTERPRETATION_REQUIRES_EXPERT_REVIEW","NOT_SUPPLIED"
"FSS-AGA-FORM-016","AGA 016.614","34","9","raw PDF page 9; AGA 016.614; Protocol question column","","If the answer to one or more questions AGA 016.162 to 170 is YES, does the equipment or installation not endanger an aircraft?","sha256:650b21ee032e214faf0a9f660345d81a97ce13976a6f420f8082336c633ad8f0","all-forms-preview-016-0034","PROPOSED_SAFETY_CRITICAL","AERODROME_OPERATIONAL_SAFETY","true","SOURCE_MAPPING_REQUIRED","NOT_ATTESTED","CANDIDATE_INTERPRETATION_REQUIRES_EXPERT_REVIEW","NOT_SUPPLIED"
"FSS-AGA-FORM-016","AGA 016.616","35","10","raw PDF page 10; AGA 016.616; Protocol question column","","If the answer to one or more questions AGA 016.162 to 170 is YES, is the equipment or installation frangible or mounted as low as possible?","sha256:a120630a723177f096d929555a64394cc4174805f2ffaa53f9b6fc7899c36dab","all-forms-preview-016-0035","PROPOSED_HIGH_OPERATIONAL","OPERATIONAL_ASSURANCE","false","SOURCE_MAPPING_REQUIRED","NOT_ATTESTED","CANDIDATE_INTERPRETATION_REQUIRES_EXPERT_REVIEW","NOT_SUPPLIED"
"FSS-AGA-FORM-016","AGA 016.618","36","10","raw PDF page 10; AGA 016.618; Protocol question column","","Are all equipment or installation required for air navigation or for aircraft safety purposes which must be located on the non-graded portion of a runway strip frangible and mounted as low as possible?","sha256:e4b4d70815acf3a3ee2766dbc86ccfc33c0dbc67948cadbe874f5551303a62a4","all-forms-preview-016-0036","PROPOSED_SAFETY_CRITICAL","AERODROME_OPERATIONAL_SAFETY","true","SOURCE_MAPPING_REQUIRED","NOT_ATTESTED","CANDIDATE_INTERPRETATION_REQUIRES_EXPERT_REVIEW","NOT_SUPPLIED"
"FSS-AGA-FORM-016","AGA 016.620","37","10","raw PDF page 10; AGA 016.620; Protocol question column","","are there any equipment or installation in the area within 240 m from the end of the strip and within the applicable distance from the centre line?","sha256:fc01c1a357534f3ebcd7b9a1b56b8c56287963204c6f5db9cd3c4b26ca78da4f","all-forms-preview-016-0037","PROPOSED_HIGH_OPERATIONAL","OPERATIONAL_ASSURANCE","false","SOURCE_MAPPING_REQUIRED","NOT_ATTESTED","CANDIDATE_INTERPRETATION_REQUIRES_EXPERT_REVIEW","NOT_SUPPLIED"
"FSS-AGA-FORM-016","AGA 016.622","38","10","raw PDF page 10; AGA 016.622; Protocol question column","","where the code number is 4 and the code letter is F, are there any equipment or installation on that portion of the strip within 77.5 m of the runway centre line?","sha256:83da0357a888294522311aeb537c6ff81808a38c3461eaf890a2dd94262b4b46","all-forms-preview-016-0038","PROPOSED_SAFETY_CRITICAL","AERODROME_OPERATIONAL_SAFETY","true","SOURCE_MAPPING_REQUIRED","NOT_ATTESTED","CANDIDATE_INTERPRETATION_REQUIRES_EXPERT_REVIEW","NOT_SUPPLIED"
"FSS-AGA-FORM-016","AGA 016.624","39","10","raw PDF page 10; AGA 016.624; Protocol question column","","are there any equipment or installation that penetrates the inner approach surface, the inner transitional surface, or the balked landing surface?","sha256:f93a3919d9a0a5c3c96721114f24fa1c30c04783b1ff6d733b179a52a30f36ce","all-forms-preview-016-0039","PROPOSED_HIGH_OPERATIONAL","OPERATIONAL_ASSURANCE","false","SOURCE_MAPPING_REQUIRED","NOT_ATTESTED","CANDIDATE_INTERPRETATION_REQUIRES_EXPERT_REVIEW","NOT_SUPPLIED"
"FSS-AGA-FORM-016","AGA 016.626","40","11","raw PDF page 11; AGA 016.626; Protocol question column","","If the answer to one or more questions AGA 016.612 to 624 is YES, does the function of the equipment or installation require it to be there for air navigation or for aircraft safety purposes?","sha256:cd9490e31086c0ec1bf3de1f90e23f7b31696abc9ede25b8281a579a4c82029d","all-forms-preview-016-0040","PROPOSED_SAFETY_CRITICAL","AERODROME_OPERATIONAL_SAFETY","true","SOURCE_MAPPING_REQUIRED","NOT_ATTESTED","CANDIDATE_INTERPRETATION_REQUIRES_EXPERT_REVIEW","NOT_SUPPLIED"
"FSS-AGA-FORM-016","AGA 016.628","41","11","raw PDF page 11; AGA 016.628; Protocol question column","","If the answer to one or more questions AGA 016.612 to 624 is YES, is the equipment or installation frangible or mounted as low as possible?","sha256:982b2f1d96a132359c8829d72487cef0288888967742a92748d0d0a4101baa95","all-forms-preview-016-0041","PROPOSED_HIGH_OPERATIONAL","OPERATIONAL_ASSURANCE","false","SOURCE_MAPPING_REQUIRED","NOT_ATTESTED","CANDIDATE_INTERPRETATION_REQUIRES_EXPERT_REVIEW","NOT_SUPPLIED"
"FSS-AGA-FORM-016","AGA 016.701","42","11","raw PDF page 11; AGA 016.701; Protocol question column","","Is a fence or other suitable barrier provided on the aerodrome to prevent the entrance to the movement area of animals large enough to be a hazard to aircraft?","sha256:e77531f18f05e6c928ed6296c311632f1f7b0a929ca86e72b91aa002d2a24431","all-forms-preview-016-0042","PROPOSED_SAFETY_CRITICAL","AERODROME_OPERATIONAL_SAFETY","true","SOURCE_MAPPING_REQUIRED","NOT_ATTESTED","CANDIDATE_INTERPRETATION_REQUIRES_EXPERT_REVIEW","NOT_SUPPLIED"
"FSS-AGA-FORM-016","AGA 016.703","43","11","raw PDF page 11; AGA 016.703; Protocol question column","","Is a fence or other suitable barrier provided on the aerodrome to deter the inadvertent or premeditated access of an unauthorized person onto a non-public area of the aerodrome?","sha256:015997e01745cd01e10c974aaed45fc0a6f8471a6a8031b79ad85bb0f914b2a4","all-forms-preview-016-0043","PROPOSED_HIGH_OPERATIONAL","OPERATIONAL_ASSURANCE","false","SOURCE_MAPPING_REQUIRED","NOT_ATTESTED","CANDIDATE_INTERPRETATION_REQUIRES_EXPERT_REVIEW","NOT_SUPPLIED"
"FSS-AGA-FORM-016","AGA 016.705","44","11","raw PDF page 11; AGA 016.705; Protocol question column","","Are suitable means of protection provided to deter the inadvertent or premeditated access of unauthorized persons into ground installations and facilities essential for the safety of civil aviation located off the aerodrome?","sha256:db28df987eec0f1b7751091296e20fe601c285ef438bf380dad0a34218802bb9","all-forms-preview-016-0044","PROPOSED_HIGH_OPERATIONAL","OPERATIONAL_ASSURANCE","false","SOURCE_MAPPING_REQUIRED","NOT_ATTESTED","CANDIDATE_INTERPRETATION_REQUIRES_EXPERT_REVIEW","NOT_SUPPLIED"
"FSS-AGA-FORM-016","AGA 016.707","45","12","raw PDF page 12; AGA 016.707; Protocol question column","","Is the fence or barrier located so as to separate the movement area and other facilities or zones on the aerodrome vital to the safe operation of aircraft from areas open to public access?","sha256:4826752ca40e75cba241fbdcff97a56a066bf493660d45c929b93af35c821373","all-forms-preview-016-0045","PROPOSED_SAFETY_CRITICAL","AERODROME_OPERATIONAL_SAFETY","true","SOURCE_MAPPING_REQUIRED","NOT_ATTESTED","CANDIDATE_INTERPRETATION_REQUIRES_EXPERT_REVIEW","NOT_SUPPLIED"
"FSS-AGA-FORM-016","AGA 016.801","46","12","raw PDF page 12; AGA 016.801; Protocol question column","","Is security lighting illuminated at a minimum essential level where it is deemed desirable for security reasons?","sha256:def185a938e12472a17544acef1164cef25f57dec0a863648dd7cc3b6cedcda6","all-forms-preview-016-0046","PROPOSED_HIGH_OPERATIONAL","OPERATIONAL_ASSURANCE","false","SOURCE_MAPPING_REQUIRED","NOT_ATTESTED","CANDIDATE_INTERPRETATION_REQUIRES_EXPERT_REVIEW","NOT_SUPPLIED"
"FSS-AGA-FORM-016","AGA 016.901","47","12","raw PDF page 12; AGA 016.901; Protocol question column","","Is an ARIWS installed at (name of aerodrome)?","sha256:fdba83f39f5f0bb838b138170536af422fea195d373c7b296c46d8e1d5675734","all-forms-preview-016-0047","PROPOSED_HIGH_OPERATIONAL","OPERATIONAL_ASSURANCE","false","SOURCE_MAPPING_REQUIRED","NOT_ATTESTED","CANDIDATE_INTERPRETATION_REQUIRES_EXPERT_REVIEW","NOT_SUPPLIED"
"FSS-AGA-FORM-016","AGA 016.903","48","12","raw PDF page 12; AGA 016.903; Protocol question column","","Does the ARIWS interfere with normal aerodrome operations?","sha256:ded189020433a76c683202a32de134c3a6a1a8b895f8a8c21e27c66390e33ddb","all-forms-preview-016-0048","PROPOSED_HIGH_OPERATIONAL","OPERATIONAL_ASSURANCE","false","SOURCE_MAPPING_REQUIRED","NOT_ATTESTED","CANDIDATE_INTERPRETATION_REQUIRES_EXPERT_REVIEW","NOT_SUPPLIED"
"FSS-AGA-FORM-016","AGA 016.905","49","12","raw PDF page 12; AGA 016.905; Protocol question column","","Is the ARIWS information characteristics and status provided to AIS for promulgation in the AIP?","sha256:1d9438496359712424682f3010cdbb8474df79c779b412b6285b768afbc076b5","all-forms-preview-016-0049","PROPOSED_HIGH_OPERATIONAL","OPERATIONAL_ASSURANCE","false","SOURCE_MAPPING_REQUIRED","NOT_ATTESTED","CANDIDATE_INTERPRETATION_REQUIRES_EXPERT_REVIEW","NOT_SUPPLIED"
"FSS-AGA-FORM-017","AGA 017.101","1","1","raw PDF page 1; AGA 017.101; Protocol question column","NAMCARs 139.16.3","Has the aerodrome operator determined the fire category in accordance with the largest aeroplane type conducting regular air operations to and from the aerodrome?","sha256:3c72363a684cadeac4dc25285ba5c506ec31ca78e7387be9f9fa80ac01753e4b","all-forms-preview-017-0001","PROPOSED_SAFETY_CRITICAL","AERODROME_OPERATIONAL_SAFETY","true","SOURCE_MAPPING_REQUIRED","NOT_ATTESTED","CANDIDATE_INTERPRETATION_REQUIRES_EXPERT_REVIEW","NOT_SUPPLIED"
"FSS-AGA-FORM-017","AGA 017.103","2","2","raw PDF page 2; AGA 017.103; Protocol question column","NAMCARs 139.16.3","Has there been any change in the level of ARFF protection available at the aerodrome?","sha256:b0abcffcf2c990a6c2ff0d51b7562346dddba2e3c85428fb28bfaf80c3df646d","all-forms-preview-017-0002","PROPOSED_SAFETY_CRITICAL","AERODROME_OPERATIONAL_SAFETY","true","SOURCE_MAPPING_REQUIRED","NOT_ATTESTED","CANDIDATE_INTERPRETATION_REQUIRES_EXPERT_REVIEW","NOT_SUPPLIED"
"FSS-AGA-FORM-017","AGA 017.201","3","2","raw PDF page 2; AGA 017.201; Protocol question column","NAMCARs 139.16.3","Does the aerodrome operator have the minimum amounts of water for foam production rescue 7 fire vehicles?","sha256:553b77805fb6cf599ad2fcbe356ac04cd7281c9974a775fe03f2e69425eca410","all-forms-preview-017-0003","PROPOSED_SAFETY_CRITICAL","AERODROME_OPERATIONAL_SAFETY","true","SOURCE_MAPPING_REQUIRED","NOT_ATTESTED","CANDIDATE_INTERPRETATION_REQUIRES_EXPERT_REVIEW","NOT_SUPPLIED"
"FSS-AGA-FORM-017","AGA 017.203","4","2","raw PDF page 2; AGA 017.203; Protocol question column","NAMCARs 139.16.3","Has the aerodrome operator determined quantities of water and discharge rates based on the largest overall length of aeroplane in a given category?","sha256:a919a5ea4f11c2cb0b14af2c2648ea19dbe0fb8bc8763c5938b0e50423829b76","all-forms-preview-017-0004","PROPOSED_SAFETY_CRITICAL","AERODROME_OPERATIONAL_SAFETY","true","SOURCE_MAPPING_REQUIRED","NOT_ATTESTED","CANDIDATE_INTERPRETATION_REQUIRES_EXPERT_REVIEW","NOT_SUPPLIED"
"FSS-AGA-FORM-017","AGA 017.205","5","2","raw PDF page 2; AGA 017.205; Protocol question column","NAMCARs 139.16.3","Does the aerodrome operator ensure compliance with the requirements for quantities of water and discharge rates based on the largest overall length of aeroplane in a given category?","sha256:a0d6852d6c572f24c8e1c3562b21ea6de021014bd718fb4cd87a70a918cc9459","all-forms-preview-017-0005","PROPOSED_SAFETY_CRITICAL","AERODROME_OPERATIONAL_SAFETY","true","SOURCE_MAPPING_REQUIRED","NOT_ATTESTED","CANDIDATE_INTERPRETATION_REQUIRES_EXPERT_REVIEW","NOT_SUPPLIED"
"FSS-AGA-FORM-017","AGA 017.301","6","2","raw PDF page 2; AGA 017.301; Protocol question column","NAMCARs 139.16.3","Is complementary extinguishing agent provided on the rescue and firefighting vehicles and is it adequate?","sha256:44c4dbf203439f1c19eaab1543547cde9c2e17c9dbc955db95fa3fedbc081347","all-forms-preview-017-0006","PROPOSED_SAFETY_CRITICAL","AERODROME_OPERATIONAL_SAFETY","true","SOURCE_MAPPING_REQUIRED","NOT_ATTESTED","CANDIDATE_INTERPRETATION_REQUIRES_EXPERT_REVIEW","NOT_SUPPLIED"
"FSS-AGA-FORM-017","AGA 017.303","7","3","raw PDF page 3; AGA 017.303; Protocol question column","NAMCARs 139.16.3","Is the DCP selected for use with foam, compatible with the foam to be used in conjunction with?","sha256:b742cc88721d0c0679fb3123891a9d9ab9498889bc44329de66056d45bb8a7fd","all-forms-preview-017-0007","PROPOSED_SAFETY_CRITICAL","AERODROME_OPERATIONAL_SAFETY","true","SOURCE_MAPPING_REQUIRED","NOT_ATTESTED","CANDIDATE_INTERPRETATION_REQUIRES_EXPERT_REVIEW","NOT_SUPPLIED"
"FSS-AGA-FORM-017","AGA 017.305","8","3","raw PDF page 3; AGA 017.305; Protocol question column","NAMCARs 139.16.3","If the complementary agent selected is DCP, does the aerodrome operator ensure serviceability?","sha256:2d62d5e32f2c7d6c8cc1ff534581530b453cad069e7112c45578ee9ec1e9546e","all-forms-preview-017-0008","PROPOSED_SAFETY_CRITICAL","AERODROME_OPERATIONAL_SAFETY","true","SOURCE_MAPPING_REQUIRED","NOT_ATTESTED","CANDIDATE_INTERPRETATION_REQUIRES_EXPERT_REVIEW","NOT_SUPPLIED"
"FSS-AGA-FORM-017","AGA 017.401","9","3","raw PDF page 3; AGA 017.401; Protocol question column","NAMCARs 139.16.3","Does the foam concentrate selected meet one of the types of performance levels specified for use in Namibia (A or B)?","sha256:ff72e7a08150e38aca7427d0008e3464eac2129079422d283fe08aa8c863b136","all-forms-preview-017-0009","PROPOSED_SAFETY_CRITICAL","AERODROME_OPERATIONAL_SAFETY","true","SOURCE_MAPPING_REQUIRED","NOT_ATTESTED","CANDIDATE_INTERPRETATION_REQUIRES_EXPERT_REVIEW","NOT_SUPPLIED"
"FSS-AGA-FORM-017","AGA 017.403","10","3","raw PDF page 3; AGA 017.403; Protocol question column","NAMCARs 139.16.3","Are the quantity of water and discharge rates conforming to the requirements for the category of the aerodrome?","sha256:897a86c019c716b185e69035b92162e8180542bd40217300014c1eb7a6c866cd","all-forms-preview-017-0010","PROPOSED_SAFETY_CRITICAL","AERODROME_OPERATIONAL_SAFETY","true","SOURCE_MAPPING_REQUIRED","NOT_ATTESTED","CANDIDATE_INTERPRETATION_REQUIRES_EXPERT_REVIEW","NOT_SUPPLIED"
"FSS-AGA-FORM-017","AGA 017.501","11","3","raw PDF page 3; AGA 017.501; Protocol question column","NAMCARs 139.16.3","Is a 200 percent reserve supply of foam concentrate for the rescue and fire-fighting vehicles maintained on the aerodrome for vehicle replenishment purposes?","sha256:b90f7f56119de9ea5d36ab0cf9d950de5a3843d76b6d149938e2c13e40d5f8fb","all-forms-preview-017-0011","PROPOSED_SAFETY_CRITICAL","AERODROME_OPERATIONAL_SAFETY","true","SOURCE_MAPPING_REQUIRED","NOT_ATTESTED","CANDIDATE_INTERPRETATION_REQUIRES_EXPERT_REVIEW","NOT_SUPPLIED"
"FSS-AGA-FORM-017","AGA 017.503","12","4","raw PDF page 4; AGA 017.503; Protocol question column","NAMCARs 139.16.3","Has the aerodrome operator made provision to increase the reserve supply where a major delay in the replenishment of the supply of foam is anticipated?","sha256:9ac680a353012e13876b1446ae9720a8543ed3e52d18d9b507ba75ef16889ffc","all-forms-preview-017-0012","PROPOSED_SAFETY_CRITICAL","AERODROME_OPERATIONAL_SAFETY","true","SOURCE_MAPPING_REQUIRED","NOT_ATTESTED","CANDIDATE_INTERPRETATION_REQUIRES_EXPERT_REVIEW","NOT_SUPPLIED"
"FSS-AGA-FORM-017","AGA 017.505","13","4","raw PDF page 4; AGA 017.505; Protocol question column","NAMCARs 139.16.3","Is adequate water supply available for the expeditious replenishment of rescue and fire fighting vehicles at the scene of an aircraft accident, are provided?","sha256:020944fa26394c84eca143dbc7119b9b80c7dd23bf4b97e9be61525727891227","all-forms-preview-017-0013","PROPOSED_SAFETY_CRITICAL","AERODROME_OPERATIONAL_SAFETY","true","SOURCE_MAPPING_REQUIRED","NOT_ATTESTED","CANDIDATE_INTERPRETATION_REQUIRES_EXPERT_REVIEW","NOT_SUPPLIED"
"FSS-AGA-FORM-017","AGA 017.601","14","4","raw PDF page 4; AGA 017.601; Protocol question column","NAMCARs 139.16.3","Has the aerodrome operator determined the number of fire vehicles required to meet the minimum extinguishing agents and rescue equipment?","sha256:1202e283da89f133fc8752c00a2ab46a0686e24a7ac60d3e5cd45362a17d4f71","all-forms-preview-017-0014","PROPOSED_SAFETY_CRITICAL","AERODROME_OPERATIONAL_SAFETY","true","SOURCE_MAPPING_REQUIRED","NOT_ATTESTED","CANDIDATE_INTERPRETATION_REQUIRES_EXPERT_REVIEW","NOT_SUPPLIED"
"FSS-AGA-FORM-017","AGA 017.603","15","5","raw PDF page 5; AGA 017.603; Protocol question column","NAMCARs 139.16.3","Is each rescue and fire fighting vehicle equipped with adequate two-way radio communication?","sha256:059a0e3b2212f369982bdeec3430308ee9c2a2c157ca70079a5b9e433be12f16","all-forms-preview-017-0015","PROPOSED_SAFETY_CRITICAL","AERODROME_OPERATIONAL_SAFETY","true","SOURCE_MAPPING_REQUIRED","NOT_ATTESTED","CANDIDATE_INTERPRETATION_REQUIRES_EXPERT_REVIEW","NOT_SUPPLIED"
"FSS-AGA-FORM-017","AGA 017.605","16","5","raw PDF page 5; AGA 017.605; Protocol question column","NAMCARs 139.16.3","Is each rescue and fire fighting vehicle equipped with a flashing or rotating beacon and marked with a conspicuous radio call sign?","sha256:3a85bfefcf34723535e26ea088a55febea1c0ab42b99cc3ea128d0c7372bb9de","all-forms-preview-017-0016","PROPOSED_SAFETY_CRITICAL","AERODROME_OPERATIONAL_SAFETY","true","SOURCE_MAPPING_REQUIRED","NOT_ATTESTED","CANDIDATE_INTERPRETATION_REQUIRES_EXPERT_REVIEW","NOT_SUPPLIED"
"FSS-AGA-FORM-017","AGA 017.607","17","5","raw PDF page 5; AGA 017.607; Protocol question column","NAMCARs 139.16.3","Is each rescue and fire- fighting vehicle equipped with adequate fire-fighting equipment?","sha256:597ba2809b1e1895d789aea262be973305e7a0e30256015fea4b50d3dc5afc00","all-forms-preview-017-0017","PROPOSED_SAFETY_CRITICAL","AERODROME_OPERATIONAL_SAFETY","true","SOURCE_MAPPING_REQUIRED","NOT_ATTESTED","CANDIDATE_INTERPRETATION_REQUIRES_EXPERT_REVIEW","NOT_SUPPLIED"
"FSS-AGA-FORM-017","AGA 017.609","18","6","raw PDF page 6; AGA 017.609; Protocol question column","NAMCARs 139.16.3","Does the aerodrome have adequate equipment for rescue at the scene of any aircraft accident?","sha256:420c0b899e416c93a46391941c27b39c9977a28ca8dbdc4cb9f475e3103429fa","all-forms-preview-017-0018","PROPOSED_SAFETY_CRITICAL","AERODROME_OPERATIONAL_SAFETY","true","SOURCE_MAPPING_REQUIRED","NOT_ATTESTED","CANDIDATE_INTERPRETATION_REQUIRES_EXPERT_REVIEW","NOT_SUPPLIED"
"FSS-AGA-FORM-017","AGA 017.611","19","7","raw PDF page 7; AGA 017.611; Protocol question column","NAMCARs 139.16.3","Are the rescue equipment carried in the rescue and fire- fighting vehicles available at the accident site within the required response?","sha256:033b7b6628f0c3d36b57eae372417ec621a9ca809838a7eab8908d2cf4ddbf95","all-forms-preview-017-0019","PROPOSED_SAFETY_CRITICAL","AERODROME_OPERATIONAL_SAFETY","true","SOURCE_MAPPING_REQUIRED","NOT_ATTESTED","CANDIDATE_INTERPRETATION_REQUIRES_EXPERT_REVIEW","NOT_SUPPLIED"
"FSS-AGA-FORM-017","AGA 017.613","20","7","raw PDF page 7; AGA 017.613; Protocol question column","NAMCARs 139.16.3","Does the aerodrome have a procedure for difficult terrain and where a significant proportion of aircraft arrivals and departures taking place over water, sand dunes, mountainous areas?","sha256:ff5ccf9c0842d04252d87e582eaa862b3f7c760e59a23ddb6ab65837a62dcf2e","all-forms-preview-017-0020","PROPOSED_SAFETY_CRITICAL","AERODROME_OPERATIONAL_SAFETY","true","SOURCE_MAPPING_REQUIRED","NOT_ATTESTED","CANDIDATE_INTERPRETATION_REQUIRES_EXPERT_REVIEW","NOT_SUPPLIED"
"FSS-AGA-FORM-017","AGA 017.614","21","7","raw PDF page 7; AGA 017.614; Protocol question column","NAMCARs 139.16.3","If the aerodrome operator has difficult terrain, are specialist rescue services and firefighting equipment appropriate to the hazard and risk made available?","sha256:9edcd1899baaa16a8ecff55edb23b61ab59352df503b1b6a8d0f188e86b1239a","all-forms-preview-017-0021","PROPOSED_SAFETY_CRITICAL","AERODROME_OPERATIONAL_SAFETY","true","SOURCE_MAPPING_REQUIRED","NOT_ATTESTED","CANDIDATE_INTERPRETATION_REQUIRES_EXPERT_REVIEW","NOT_SUPPLIED"
"FSS-AGA-FORM-017","AGA 017.701","22","8","raw PDF page 8; AGA 017.701; Protocol question column","","Is the response time in optimum visibility and surface conditions conform to the requirements?","sha256:5b19ef5c32e359687a86e021874a7c0133c59d5398db5d8e5a6644d76ff57109","all-forms-preview-017-0022","PROPOSED_SAFETY_CRITICAL","AERODROME_OPERATIONAL_SAFETY","true","SOURCE_MAPPING_REQUIRED","NOT_ATTESTED","CANDIDATE_INTERPRETATION_REQUIRES_EXPERT_REVIEW","NOT_SUPPLIED"
"FSS-AGA-FORM-017","AGA 017.703","23","8","raw PDF page 8; AGA 017.703; Protocol question column","NAMCARs 139.16.3","Are the rescue and fire fighting vehicles able to respond 1000 m from the threshold of each runway in the approach?","sha256:129792d55386d05f8f2c8328b12218e798f5c4c962a8d5587a5feb9507a2ee3c","all-forms-preview-017-0023","PROPOSED_SAFETY_CRITICAL","AERODROME_OPERATIONAL_SAFETY","true","SOURCE_MAPPING_REQUIRED","NOT_ATTESTED","CANDIDATE_INTERPRETATION_REQUIRES_EXPERT_REVIEW","NOT_SUPPLIED"
"FSS-AGA-FORM-017","AGA 017.705","24","8","raw PDF page 8; AGA 017.705; Protocol question column","NAMCARs 139.16.3","Does the aerodrome operator have a procedure to verify response time in low visibility and/or poor surface conditions?","sha256:b273e2f87b6d8ad0a2306fa0e98f5da4ce495940e64f5a41c8911af4911a6217","all-forms-preview-017-0024","PROPOSED_SAFETY_CRITICAL","AERODROME_OPERATIONAL_SAFETY","true","SOURCE_MAPPING_REQUIRED","NOT_ATTESTED","CANDIDATE_INTERPRETATION_REQUIRES_EXPERT_REVIEW","NOT_SUPPLIED"
"FSS-AGA-FORM-017","AGA 017.801","25","9","raw PDF page 9; AGA 017.801; Protocol question column","NAMCARs 139.16.3 | NAMCARs 139.17.2","Does the aerodrome operator have a preventative maintenance plan for firefighting vehicle/s?","sha256:c917b7d285d6ca9015f9d63d6cff57b71798a926ebe4474d37c8e40f76273ea3","all-forms-preview-017-0025","PROPOSED_SAFETY_CRITICAL","AERODROME_OPERATIONAL_SAFETY","true","SOURCE_MAPPING_REQUIRED","NOT_ATTESTED","CANDIDATE_INTERPRETATION_REQUIRES_EXPERT_REVIEW","NOT_SUPPLIED"
"FSS-AGA-FORM-017","AGA 017.901","26","9","raw PDF page 9; AGA 017.901; Protocol question column","NAMCARs 139.16.3 | NAMCARs 139.17.2","Does the aerodrome operator have an adequate water refilling system for Fire fighting vehicle?","sha256:6cfb596d8928dc8021be9f319154f0a1ed5736c9f4b4e77629a72e32bf7909b4","all-forms-preview-017-0026","PROPOSED_SAFETY_CRITICAL","AERODROME_OPERATIONAL_SAFETY","true","SOURCE_MAPPING_REQUIRED","NOT_ATTESTED","CANDIDATE_INTERPRETATION_REQUIRES_EXPERT_REVIEW","NOT_SUPPLIED"
"FSS-AGA-FORM-017","AGA 017.903","27","9","raw PDF page 9; AGA 017.903; Protocol question column","NAMCARs 139.16.3","Does the aerodrome operator carry out maintenance, and testing of the water refill source and associated distribution system regularly?","sha256:3b348536538d0b76625f4c168e52dd8f263112f6124df315e2001f30f1305b19","all-forms-preview-017-0027","PROPOSED_SAFETY_CRITICAL","AERODROME_OPERATIONAL_SAFETY","true","SOURCE_MAPPING_REQUIRED","NOT_ATTESTED","CANDIDATE_INTERPRETATION_REQUIRES_EXPERT_REVIEW","NOT_SUPPLIED"
"FSS-AGA-FORM-017","AGA 017.905","28","9","raw PDF page 9; AGA 017.905; Protocol question column","NAMCARs 139.16.3","Does the aerodrome operator ensure that all ARFF personnel are fully familiar with the operation of any portion of the water supply system under the aerodromes’ jurisdiction?","sha256:b4cd46ab5335f0d1ff288d4f6cf8fb9ff00f9c1b4e648c9cf85496f5799e21a1","all-forms-preview-017-0028","PROPOSED_SAFETY_CRITICAL","AERODROME_OPERATIONAL_SAFETY","true","SOURCE_MAPPING_REQUIRED","NOT_ATTESTED","CANDIDATE_INTERPRETATION_REQUIRES_EXPERT_REVIEW","NOT_SUPPLIED"
"FSS-AGA-FORM-017","AGA 017.1001","29","10","raw PDF page 10; AGA 017.1001; Protocol question column","NAMCARs 139.16.3","Is the aerodrome provided with adequate emergency access roads?","sha256:364d8e83afea645966eebadd80875f0f7ae89cc3f08ba4a990392699d081d064","all-forms-preview-017-0029","PROPOSED_SAFETY_CRITICAL","AERODROME_OPERATIONAL_SAFETY","true","SOURCE_MAPPING_REQUIRED","NOT_ATTESTED","CANDIDATE_INTERPRETATION_REQUIRES_EXPERT_REVIEW","NOT_SUPPLIED"
"FSS-AGA-FORM-017","AGA 017.1002","30","11","raw PDF page 11; AGA 017.1002; Protocol question column","NAMCARs 139.16.3","Is the access to public road or area(s) facilitated by an emergency gate(s) or frangible barriers?","sha256:356c11ede1fbe38b717374fd9a78de8d2a141d6bac8880dd6e8d7f459ae7a2b7","all-forms-preview-017-0030","PROPOSED_SAFETY_CRITICAL","AERODROME_OPERATIONAL_SAFETY","true","SOURCE_MAPPING_REQUIRED","NOT_ATTESTED","CANDIDATE_INTERPRETATION_REQUIRES_EXPERT_REVIEW","NOT_SUPPLIED"
"FSS-AGA-FORM-017","AGA 017.1003","31","11","raw PDF page 11; AGA 017.1003; Protocol question column","NAMCARs 139.16.3","Does the aerodrome operator regularly conduct inspection and physical tests where necessary on facilities of emergency access road and gate or barrier to prove any mechanical element, to ensure their availability in an emergency?","sha256:dded10f522ae36b4563266ca23da7921b9efba0edf5ab38e48d6861d333f6752","all-forms-preview-017-0031","PROPOSED_SAFETY_CRITICAL","AERODROME_OPERATIONAL_SAFETY","true","SOURCE_MAPPING_REQUIRED","NOT_ATTESTED","CANDIDATE_INTERPRETATION_REQUIRES_EXPERT_REVIEW","NOT_SUPPLIED"
"FSS-AGA-FORM-017","AGA 017.1101","32","12","raw PDF page 12; AGA 017.1101; Protocol question column","NAMCARs 139.16.3","Is the aerodrome fire station(s) in conformance to the requirements?","sha256:14d2695006e2197ad419ec87b3194585d9e095c256802c438603d1dd532fbb63","all-forms-preview-017-0032","PROPOSED_SAFETY_CRITICAL","AERODROME_OPERATIONAL_SAFETY","true","SOURCE_MAPPING_REQUIRED","NOT_ATTESTED","CANDIDATE_INTERPRETATION_REQUIRES_EXPERT_REVIEW","NOT_SUPPLIED"
"FSS-AGA-FORM-017","AGA 017.1103","33","12","raw PDF page 12; AGA 017.1103; Protocol question column","NAMCARs 139.16.3","Has the aerodrome been provided with a satellite fire station/s?","sha256:6b63c3e0f0d105aebc5c422bd7855dd0363c2bac4156a1e56e74057f91823e19","all-forms-preview-017-0033","PROPOSED_SAFETY_CRITICAL","AERODROME_OPERATIONAL_SAFETY","true","SOURCE_MAPPING_REQUIRED","NOT_ATTESTED","CANDIDATE_INTERPRETATION_REQUIRES_EXPERT_REVIEW","NOT_SUPPLIED"
"FSS-AGA-FORM-017","AGA 017.1201","34","13","raw PDF page 13; AGA 017.1201; Protocol question column","NAMCARs 139.16.3","Is the fire & rescue service equipped with adequate communication and notification system?","sha256:2040a8616d2fd9f2371f45fd598f296024510a08fe691dd942194e1ef2f74299","all-forms-preview-017-0034","PROPOSED_SAFETY_CRITICAL","AERODROME_OPERATIONAL_SAFETY","true","SOURCE_MAPPING_REQUIRED","NOT_ATTESTED","CANDIDATE_INTERPRETATION_REQUIRES_EXPERT_REVIEW","NOT_SUPPLIED"
"FSS-AGA-FORM-017","AGA 017.1301","35","13","raw PDF page 13; AGA 017.1301; Protocol question column","NAMCARs 139.16.3","Does the aerodrome operator employ adequate personnel for prompt response to any emergency that may arise at the aerodrome?","sha256:ebe624c69c777ad94a5930ebe38c0cab6c8b9bfd743e437d84dda38c8b3fe74a","all-forms-preview-017-0035","PROPOSED_SAFETY_CRITICAL","AERODROME_OPERATIONAL_SAFETY","true","SOURCE_MAPPING_REQUIRED","NOT_ATTESTED","CANDIDATE_INTERPRETATION_REQUIRES_EXPERT_REVIEW","NOT_SUPPLIED"
"FSS-AGA-FORM-017","AGA 017.1302","36","14","raw PDF page 14; AGA 017.1302; Protocol question column","NAMCARs 139.16.3","Are the duties of the rescue and firefighting personnel clearly established?","sha256:492658d5e4db96a165e7f16579a935a4455594587ca6e8be0a2b49416e405d66","all-forms-preview-017-0036","PROPOSED_SAFETY_CRITICAL","AERODROME_OPERATIONAL_SAFETY","true","SOURCE_MAPPING_REQUIRED","NOT_ATTESTED","CANDIDATE_INTERPRETATION_REQUIRES_EXPERT_REVIEW","NOT_SUPPLIED"
"FSS-AGA-FORM-017","AGA 017.1305","37","14","raw PDF page 14; AGA 017.1305; Protocol question column","NAMCARs 139.16.3","Does the aerodrome operator have an approved training programme for rescue and firefighting personnel?","sha256:354fb357e665ff73b432e5d65ef1eeaf87e5f1780fa3cc867b9543b026eba86d","all-forms-preview-017-0037","PROPOSED_SAFETY_CRITICAL","AERODROME_OPERATIONAL_SAFETY","true","SOURCE_MAPPING_REQUIRED","NOT_ATTESTED","CANDIDATE_INTERPRETATION_REQUIRES_EXPERT_REVIEW","NOT_SUPPLIED"
"FSS-AGA-FORM-017","AGA 017.1307","38","15","raw PDF page 15; AGA 017.1307; Protocol question column","NAMCARs 139.16.3","Does the aerodrome have an adequate training plan for its rescue and firefighting personnel?","sha256:6510a3f4f0e81d617b12989f6e6106f4675b6ac15ca4962212e5be5bbf198bbd","all-forms-preview-017-0038","PROPOSED_SAFETY_CRITICAL","AERODROME_OPERATIONAL_SAFETY","true","SOURCE_MAPPING_REQUIRED","NOT_ATTESTED","CANDIDATE_INTERPRETATION_REQUIRES_EXPERT_REVIEW","NOT_SUPPLIED"
"FSS-AGA-FORM-017","AGA 017.1309","39","15","raw PDF page 15; AGA 017.1309; Protocol question column","NAMCARs 139.16.3","Does the aerodrome operator have an adequate system to assess initial and continuous fitness of rescue and firefighting personnel?","sha256:f41858b645cb3b8dda358fa71241047c5bcc9625e37c1efb36f70d9d7175ae7f","all-forms-preview-017-0039","PROPOSED_SAFETY_CRITICAL","AERODROME_OPERATIONAL_SAFETY","true","SOURCE_MAPPING_REQUIRED","NOT_ATTESTED","CANDIDATE_INTERPRETATION_REQUIRES_EXPERT_REVIEW","NOT_SUPPLIED"
"FSS-AGA-FORM-017","AGA 017.1311","40","15","raw PDF page 15; AGA 017.1311; Protocol question column","NAMCARs 139.16.3","Does the aerodrome operator have an adequate system to assess initial competence of rescue and firefighting personnel?","sha256:ac2373eae4104ffee959c2beac4aaebd500860d8fb7638a99a3d3869f950a0f3","all-forms-preview-017-0040","PROPOSED_SAFETY_CRITICAL","AERODROME_OPERATIONAL_SAFETY","true","SOURCE_MAPPING_REQUIRED","NOT_ATTESTED","CANDIDATE_INTERPRETATION_REQUIRES_EXPERT_REVIEW","NOT_SUPPLIED"
"FSS-AGA-FORM-017","AGA 017.1313","41","15","raw PDF page 15; AGA 017.1313; Protocol question column","NAMCARs 139.16.3","Do all rescue and firefighting personnel participate in live fire drills commensurate with the types of aircraft and type of rescue and firefighting equipment in use at the aerodrome?","sha256:1b4207240a441c477caf9cf7e9d09ebb9ae29025300eef4839573f8a711b2e0c","all-forms-preview-017-0041","PROPOSED_SAFETY_CRITICAL","AERODROME_OPERATIONAL_SAFETY","true","SOURCE_MAPPING_REQUIRED","NOT_ATTESTED","CANDIDATE_INTERPRETATION_REQUIRES_EXPERT_REVIEW","NOT_SUPPLIED"
"FSS-AGA-FORM-017","AGA 017.1315","42","16","raw PDF page 16; AGA 017.1315; Protocol question column","NAMCARs 139.16.3","Are all responding rescue and firefighting personnel provided with protective clothing and respiratory equipment?","sha256:64889a4fc75fd1f4f3e99c8672123de7d2252c3b53efa9ae1ff05f81378c3b3b","all-forms-preview-017-0042","PROPOSED_SAFETY_CRITICAL","AERODROME_OPERATIONAL_SAFETY","true","SOURCE_MAPPING_REQUIRED","NOT_ATTESTED","CANDIDATE_INTERPRETATION_REQUIRES_EXPERT_REVIEW","NOT_SUPPLIED"
"FSS-AGA-FORM-018","AGA 018.101","1","1","raw PDF page 1; AGA 018.101; Protocol question column","NAMCARs 139.17.2","Is the maintenance programme, including preventive maintenance where appropriate, established at the aerodrome to maintain facilities in a condition which does not impair the safety, regularity, or efficiency of air navigation?","sha256:bda29ecc8481ab8b32aff78412db5fed4ae07a39fc730f0616b5b22cedc1818f","all-forms-preview-018-0001","PROPOSED_HIGH_OPERATIONAL","OPERATIONAL_ASSURANCE","false","SOURCE_MAPPING_REQUIRED","NOT_ATTESTED","CANDIDATE_INTERPRETATION_REQUIRES_EXPERT_REVIEW","NOT_SUPPLIED"
"FSS-AGA-FORM-018","AGA 018.103","2","1","raw PDF page 1; AGA 018.103; Protocol question column","NAMCARs 139.17.2","Is a system of preventive maintenance of the electrical system employed to ensure the effectiveness of the equipment and compliance with the specified requirements for primary supply, secondary supply, and switch-over time?","sha256:846da608305d2c44fbfcc51b6b49601750d3aa32467023da1d5e7b5b52e5045d","all-forms-preview-018-0002","PROPOSED_SAFETY_CRITICAL","AERODROME_OPERATIONAL_SAFETY","true","SOURCE_MAPPING_REQUIRED","NOT_ATTESTED","CANDIDATE_INTERPRETATION_REQUIRES_EXPERT_REVIEW","NOT_SUPPLIED"
"FSS-AGA-FORM-018","AGA 018.105","3","2","raw PDF page 2; AGA 018.105; Protocol question column","NAMCARs 139.17.2","Is a system of preventive maintenance of rescue and fire fighting vehicles employed to ensure the effectiveness of the equipment and compliance with the specified response time throughout the life of the vehicle?","sha256:a29eec6eef2b666ea385960557b815feb30435f8bec3663d6989cfe20a109c95","all-forms-preview-018-0003","PROPOSED_SAFETY_CRITICAL","AERODROME_OPERATIONAL_SAFETY","true","SOURCE_MAPPING_REQUIRED","NOT_ATTESTED","CANDIDATE_INTERPRETATION_REQUIRES_EXPERT_REVIEW","NOT_SUPPLIED"
"FSS-AGA-FORM-018","AGA 018.107","4","2","raw PDF page 2; AGA 018.107; Protocol question column","NAMCARs 139.17.2","Is a system of preventive maintenance of disabled aircraft removal equipment employed to ensure the effectiveness of the equipment and compliance with the specified procedure for the removal of disabled aircraft?","sha256:f33e81614eba7b0e16d3f996bd4b60e2074e448e90353fd6a68a9937a9604768","all-forms-preview-018-0004","PROPOSED_SAFETY_CRITICAL","AERODROME_OPERATIONAL_SAFETY","true","SOURCE_MAPPING_REQUIRED","NOT_ATTESTED","CANDIDATE_INTERPRETATION_REQUIRES_EXPERT_REVIEW","NOT_SUPPLIED"
"FSS-AGA-FORM-018","AGA 018.109","5","2","raw PDF page 2; AGA 018.109; Protocol question column","NAMCARs 139.17.2","Is a system of preventive maintenance of wildlife strike reduction equipment employed to ensure the effectiveness of the equipment and compliance with the specified procedure for the wildlife strike reduction?","sha256:1ff8706eebcd7f31f08b42088aea2fb83b0d5e3a8cebed5fb18a0ca72fa361dd","all-forms-preview-018-0005","PROPOSED_SAFETY_CRITICAL","AERODROME_OPERATIONAL_SAFETY","true","SOURCE_MAPPING_REQUIRED","NOT_ATTESTED","CANDIDATE_INTERPRETATION_REQUIRES_EXPERT_REVIEW","NOT_SUPPLIED"
"FSS-AGA-FORM-018","AGA 018.111","6","2","raw PDF page 2; AGA 018.111; Protocol question column","NAMCARs 139.17.2","Does the preventive maintenance programme include the maintenance of equipment and vehicles?","sha256:1bf1b08e14f2ea9d92b3e3d3d610b21b33645574496a04e1af8c9f89fc0c6809","all-forms-preview-018-0006","PROPOSED_HIGH_OPERATIONAL","OPERATIONAL_ASSURANCE","false","SOURCE_MAPPING_REQUIRED","NOT_ATTESTED","CANDIDATE_INTERPRETATION_REQUIRES_EXPERT_REVIEW","NOT_SUPPLIED"
"FSS-AGA-FORM-018","AGA 018.113","7","3","raw PDF page 3; AGA 018.113; Protocol question column","NAMCARs 139.17.1","Does the preventive maintenance programme include the drainage system?","sha256:f6f66b51795520fa4286ef2239529400085683f335e88f7ee42bd8e6a9d575ac","all-forms-preview-018-0007","PROPOSED_HIGH_OPERATIONAL","OPERATIONAL_ASSURANCE","false","SOURCE_MAPPING_REQUIRED","NOT_ATTESTED","CANDIDATE_INTERPRETATION_REQUIRES_EXPERT_REVIEW","NOT_SUPPLIED"
"FSS-AGA-FORM-018","AGA 018.115","8","3","raw PDF page 3; AGA 018.115; Protocol question column","NAMCARs 139.17.1","Does the preventive maintenance programme include the water hydrant system?","sha256:9b6d6325be0a885ec8d3613d4d3fefdb088ab2a02d6d73f5dc2fd490852faf0c","all-forms-preview-018-0008","PROPOSED_HIGH_OPERATIONAL","OPERATIONAL_ASSURANCE","false","SOURCE_MAPPING_REQUIRED","NOT_ATTESTED","CANDIDATE_INTERPRETATION_REQUIRES_EXPERT_REVIEW","NOT_SUPPLIED"
"FSS-AGA-FORM-018","AGA 018.117","9","3","raw PDF page 3; AGA 018.117; Protocol question column","NAMCARs 139.17.1 | NAMCARs 139.17.2","Does the design and application of the maintenance programme, take into account human factors principles?","sha256:e9385cfe7b1aa0569a888e42ede653f14b3d3395aa409bf13e63e6c838c4eb68","all-forms-preview-018-0009","PROPOSED_HIGH_OPERATIONAL","OPERATIONAL_ASSURANCE","false","SOURCE_MAPPING_REQUIRED","NOT_ATTESTED","CANDIDATE_INTERPRETATION_REQUIRES_EXPERT_REVIEW","NOT_SUPPLIED"
"FSS-AGA-FORM-018","AGA 018.205","10","4","raw PDF page 4; AGA 018.205; Protocol question column","NAMCARs 139.17.2","Are the section of a runway constructed and/or maintained in an acceptable or tolerable surface irregularity height conforming to the requirement, to prevent the formation of harmful irregularities?","sha256:c600f81fa88391ab066286883643e3a426259696550d0de32ad1c59bd9ef1906","all-forms-preview-018-0010","PROPOSED_SAFETY_CRITICAL","AERODROME_OPERATIONAL_SAFETY","true","SOURCE_MAPPING_REQUIRED","NOT_ATTESTED","CANDIDATE_INTERPRETATION_REQUIRES_EXPERT_REVIEW","NOT_SUPPLIED"
"FSS-AGA-FORM-018","AGA 018.207","11","4","raw PDF page 4; AGA 018.207; Protocol question column","NAMCARs 139.17.2","Are the section of a runway constructed and/or maintained in an acceptable or tolerable surface irregularity height conforming to the requirement?","sha256:2207b64dc95ced50003a70d13870d44e0b9cfd56669a7e28f2aed1f68de27d8d","all-forms-preview-018-0011","PROPOSED_SAFETY_CRITICAL","AERODROME_OPERATIONAL_SAFETY","true","SOURCE_MAPPING_REQUIRED","NOT_ATTESTED","CANDIDATE_INTERPRETATION_REQUIRES_EXPERT_REVIEW","NOT_SUPPLIED"
"FSS-AGA-FORM-018","AGA 018.208","12","4","raw PDF page 4; AGA 018.208; Protocol question column","NAMCARs 139.17.2","When the surface irregularities exceed the heights defined by the excessive limit, are rectification measures employed?","sha256:1064f621a3609e634714a7eed8517e32e08d5c61c9380b91f1dd22be6b29732c","all-forms-preview-018-0012","PROPOSED_HIGH_OPERATIONAL","OPERATIONAL_ASSURANCE","false","SOURCE_MAPPING_REQUIRED","NOT_ATTESTED","CANDIDATE_INTERPRETATION_REQUIRES_EXPERT_REVIEW","NOT_SUPPLIED"
"FSS-AGA-FORM-018","AGA 018.209","13","5","raw PDF page 5; AGA 018.209; Protocol question column","NAMCARs 139.17.2","Is the frequency for overload operations reviewed to prevent severe shortening of pavement life or major rehabilitation?","sha256:079db8c5f9b48fb1f704326f98673b86cb9a6d70a51a20da63ae0a7e1f891ca5","all-forms-preview-018-0013","PROPOSED_HIGH_OPERATIONAL","OPERATIONAL_ASSURANCE","false","SOURCE_MAPPING_REQUIRED","NOT_ATTESTED","CANDIDATE_INTERPRETATION_REQUIRES_EXPERT_REVIEW","NOT_SUPPLIED"
"FSS-AGA-FORM-018","AGA 018.210","14","5","raw PDF page 5; AGA 018.210; Protocol question column","","Do the operations in which magnitude of overload and/or the frequency of use that do not justify a detailed analysis prescribe to the standards?","sha256:a29968a33b1f649a9a6af5e8446eb20c8b08f8206a69fbad955ee50fe35ce9b2","all-forms-preview-018-0014","PROPOSED_HIGH_OPERATIONAL","OPERATIONAL_ASSURANCE","false","SOURCE_MAPPING_REQUIRED","NOT_ATTESTED","CANDIDATE_INTERPRETATION_REQUIRES_EXPERT_REVIEW","NOT_SUPPLIED"
"FSS-AGA-FORM-018","AGA 018.211","15","6","raw PDF page 6; AGA 018.211; Protocol question column","NAMCARs 139.09.10","Does the aerodrome operator inspect the movement areas at the appropriate frequency, and monitor and report the condition of the movement areas and operational status of related facilities?","sha256:e5e1066a96990f01d4d1fb7fad8e1eee3458cb92c468a4039713ac827f962bde","all-forms-preview-018-0015","PROPOSED_HIGH_OPERATIONAL","OPERATIONAL_ASSURANCE","false","SOURCE_MAPPING_REQUIRED","NOT_ATTESTED","CANDIDATE_INTERPRETATION_REQUIRES_EXPERT_REVIEW","NOT_SUPPLIED"
"FSS-AGA-FORM-018","AGA 018.213","16","6","raw PDF page 6; AGA 018.213; Protocol question column","NAMCARs 139.09.10","Is the runway surface monitoring and reporting of information on the condition of the movement area and related facilities?","sha256:5b9e94d707572e4cd1ac56dccf5525bc7f85fd37dbbd58f4852aea18f639b35d","all-forms-preview-018-0016","PROPOSED_SAFETY_CRITICAL","AERODROME_OPERATIONAL_SAFETY","true","SOURCE_MAPPING_REQUIRED","NOT_ATTESTED","CANDIDATE_INTERPRETATION_REQUIRES_EXPERT_REVIEW","NOT_SUPPLIED"
"FSS-AGA-FORM-018","AGA 018.215","17","6","raw PDF page 6; AGA 018.215; Protocol question column","NAMCARs 139.09.10","Is the number of personnel employed for assessing and reporting runway surface conditions appropriate, trained and competent to perform their duties?","sha256:069d0c7a6636d96d237adea726c5b393fd5897c01a4b6644b80b29db0ff743e4","all-forms-preview-018-0017","PROPOSED_SAFETY_CRITICAL","AERODROME_OPERATIONAL_SAFETY","true","SOURCE_MAPPING_REQUIRED","NOT_ATTESTED","CANDIDATE_INTERPRETATION_REQUIRES_EXPERT_REVIEW","NOT_SUPPLIED"
"FSS-AGA-FORM-018","AGA 018.217","18","6","raw PDF page 6; AGA 018.217; Protocol question column","NAMCARs 139.09.10","Is the assessment and reporting of the runway surface condition through a runway condition code (RWYCC) and a description using the appropriate terms?","sha256:303cee2c084667c11e3693f69751482a48c5ab68f514f10360e4c994b46abf40","all-forms-preview-018-0018","PROPOSED_SAFETY_CRITICAL","AERODROME_OPERATIONAL_SAFETY","true","SOURCE_MAPPING_REQUIRED","NOT_ATTESTED","CANDIDATE_INTERPRETATION_REQUIRES_EXPERT_REVIEW","NOT_SUPPLIED"
"FSS-AGA-FORM-018","AGA 018.219","19","6","raw PDF page 6; AGA 018.219; Protocol question column","NAMCARs 139.09.10","Is there a process for determining and providing relevant information that a runway, or part of, may be slippery wet, and when the friction level of a paved runway or portion thereof is less than the minimum friction level specified for Namibia?","sha256:0b7c7f91135b281ae2ad1358e303a0fb17e478b0a9017599f80a92eb9bb14ba7","all-forms-preview-018-0019","PROPOSED_SAFETY_CRITICAL","AERODROME_OPERATIONAL_SAFETY","true","SOURCE_MAPPING_REQUIRED","NOT_ATTESTED","CANDIDATE_INTERPRETATION_REQUIRES_EXPERT_REVIEW","NOT_SUPPLIED"
"FSS-AGA-FORM-018","AGA 018.221","20","7","raw PDF page 7; AGA 018.221; Protocol question column","NAMCARs 139.09.10","Has the aerodrome operator issued NOTAMs/SNOWTAMs in relation to contaminants on a runway?","sha256:3c61dcce88e7d8861339678dec348f653c84b325bbdb6d4f9e55d18a02263a43","all-forms-preview-018-0020","PROPOSED_SAFETY_CRITICAL","AERODROME_OPERATIONAL_SAFETY","true","SOURCE_MAPPING_REQUIRED","NOT_ATTESTED","CANDIDATE_INTERPRETATION_REQUIRES_EXPERT_REVIEW","NOT_SUPPLIED"
"FSS-AGA-FORM-018","AGA 018.301","21","7","raw PDF page 7; AGA 018.301; Protocol question column","NAMCARs 139.09.10 | NAMCARs 139.17.3","Are paved runways maintained in a condition to provide surface friction characteristics at or above the minimum friction level specified for Namibia?","sha256:59b659b310c04904f6418fea5e270d8acbfb782fa48858a261c252977386f063","all-forms-preview-018-0021","PROPOSED_SAFETY_CRITICAL","AERODROME_OPERATIONAL_SAFETY","true","SOURCE_MAPPING_REQUIRED","NOT_ATTESTED","CANDIDATE_INTERPRETATION_REQUIRES_EXPERT_REVIEW","NOT_SUPPLIED"
"FSS-AGA-FORM-018","AGA 018.302","22","7","raw PDF page 7; AGA 018.302; Protocol question column","NAMCARs 139.17.3","Are runway surface friction characteristics for maintenance purposes periodically measured with continuous friction measuring device using self- wetting features and documented?","sha256:65a737d27457a022e23703d2534308e7bb4642ed80aa9561e2a375622db8f468","all-forms-preview-018-0022","PROPOSED_SAFETY_CRITICAL","AERODROME_OPERATIONAL_SAFETY","true","SOURCE_MAPPING_REQUIRED","NOT_ATTESTED","CANDIDATE_INTERPRETATION_REQUIRES_EXPERT_REVIEW","NOT_SUPPLIED"
"FSS-AGA-FORM-018","AGA 018.303","23","7","raw PDF page 7; AGA 018.303; Protocol question column","NAMCARs 139.17.3","Is the frequency of the measurement of runway surface friction characteristics sufficient to determine the trend of the surface friction characteristics of the runway?","sha256:2bbeaa65152f8df0cb31dbaab103ab3d372c6586f7ddcd347e474825efb2a2af","all-forms-preview-018-0023","PROPOSED_SAFETY_CRITICAL","AERODROME_OPERATIONAL_SAFETY","true","SOURCE_MAPPING_REQUIRED","NOT_ATTESTED","CANDIDATE_INTERPRETATION_REQUIRES_EXPERT_REVIEW","NOT_SUPPLIED"
"FSS-AGA-FORM-018","AGA 018.305","24","8","raw PDF page 8; AGA 018.305; Protocol question column","NAMCARs 139.17.3","Are corrective maintenance actions taken to prevent the runway friction characteristics for either the entire runway or a portion thereof from falling below a minimum friction level specified by Namibia?","sha256:d33ca39c505005f38f73557247af23b12463b774f77efeae3992a7f1a67e6b85","all-forms-preview-018-0024","PROPOSED_SAFETY_CRITICAL","AERODROME_OPERATIONAL_SAFETY","true","SOURCE_MAPPING_REQUIRED","NOT_ATTESTED","CANDIDATE_INTERPRETATION_REQUIRES_EXPERT_REVIEW","NOT_SUPPLIED"
"FSS-AGA-FORM-018","AGA 018.401","25","8","raw PDF page 8; AGA 018.401; Protocol question column","NAMCARs 139.17.3 | NAMCARs 139.17.4","Is there a procedure in place to ensure that standing water, mud, dust, sand, oil, rubber deposits and other contaminants are removed from the surface of runways in use as rapidly and completely as possible to minimize accumulation?","sha256:079be3f31cde2471b090781ff613206038e1da0dfa9a59a386ec630689b29e4a","all-forms-preview-018-0025","PROPOSED_SAFETY_CRITICAL","AERODROME_OPERATIONAL_SAFETY","true","SOURCE_MAPPING_REQUIRED","NOT_ATTESTED","CANDIDATE_INTERPRETATION_REQUIRES_EXPERT_REVIEW","NOT_SUPPLIED"
"FSS-AGA-FORM-018","AGA 018.403","26","8","raw PDF page 8; AGA 018.403; Protocol question column","NAMCARs 139.17.4","When there is reason to believe that the drainage characteristics of a runway, or portions thereof, are poor due to slopes or depressions, are the runway surface friction characteristics assessed under natural or simulated conditions that are representative of local rain, and corrective maintenance action as necessary?","sha256:d74bb5f94e0ac5e7a79d0100fd3a54d504bf2a0ea5e23c472e2ab5008aa9c54e","all-forms-preview-018-0026","PROPOSED_SAFETY_CRITICAL","AERODROME_OPERATIONAL_SAFETY","true","SOURCE_MAPPING_REQUIRED","NOT_ATTESTED","CANDIDATE_INTERPRETATION_REQUIRES_EXPERT_REVIEW","NOT_SUPPLIED"
"FSS-AGA-FORM-018","AGA 018.405","27","9","raw PDF page 9; AGA 018.405; Protocol question column","NAMCARs 139.17.4","Is there a procedure in place to ensure that standing water, mud, dust, sand, oil, rubber deposits and other contaminants are removed to the extent necessary to enable aircraft to be taxied to and from an operational runway?","sha256:ea6c129d608ec6eb5865620ee9cc76e3c2046f4043338d55ea185ca327c9bc75","all-forms-preview-018-0027","PROPOSED_SAFETY_CRITICAL","AERODROME_OPERATIONAL_SAFETY","true","SOURCE_MAPPING_REQUIRED","NOT_ATTESTED","CANDIDATE_INTERPRETATION_REQUIRES_EXPERT_REVIEW","NOT_SUPPLIED"
"FSS-AGA-FORM-018","AGA 018.407","28","9","raw PDF page 9; AGA 018.407; Protocol question column","NAMCARs 139.17.4","Is the surface of the apron kept clear of standing water, mud, dust, sand, oil, rubber deposits and other contaminants are removed to the extent necessary to enable aircraft to manoeuvre safely or, where appropriate, to be towed or pushed?","sha256:87f73643119f5410431c6766ae322eab9e96c7b7b629c1387dd167955dd790b2","all-forms-preview-018-0028","PROPOSED_SAFETY_CRITICAL","AERODROME_OPERATIONAL_SAFETY","true","SOURCE_MAPPING_REQUIRED","NOT_ATTESTED","CANDIDATE_INTERPRETATION_REQUIRES_EXPERT_REVIEW","NOT_SUPPLIED"
"FSS-AGA-FORM-018","AGA 018.409","29","9","raw PDF page 9; AGA 018.409; Protocol question column","NAMCARs 139.17.4","Is there a process to ensure that chemicals which may have harmful effects on aircraft or pavements or chemicals which may have toxic effects on the aerodrome environment are not used?","sha256:1e5e7462ac2fda25224a33b628e77633d3a11de3ea49d7f3b3716f06a7c98f64","all-forms-preview-018-0029","PROPOSED_SAFETY_CRITICAL","AERODROME_OPERATIONAL_SAFETY","true","SOURCE_MAPPING_REQUIRED","NOT_ATTESTED","CANDIDATE_INTERPRETATION_REQUIRES_EXPERT_REVIEW","NOT_SUPPLIED"
"FSS-AGA-FORM-018","AGA 018.501","30","9","raw PDF page 9; AGA 018.501; Protocol question column","NAMCARs 139.17.4 | NAMCARs 139.17.5","Does the preventive maintenance programme include the overlay system?","sha256:a308585dd936cbc5f8103f4218f2e623e00dce6c7bdf19231422c8b82e1b9819","all-forms-preview-018-0030","PROPOSED_HIGH_OPERATIONAL","OPERATIONAL_ASSURANCE","false","SOURCE_MAPPING_REQUIRED","NOT_ATTESTED","CANDIDATE_INTERPRETATION_REQUIRES_EXPERT_REVIEW","NOT_SUPPLIED"
"FSS-AGA-FORM-018","AGA 018.503","31","10","raw PDF page 10; AGA 018.503; Protocol question column","NAMCARs 139.17.5","Is longitudinal slope of the temporary ramp, measured with reference to the existing runway surface or previous overlay course conform to the requirements?","sha256:c9fe0096539168d1673b5c9cbea79ad4d461d9534c24f17287248407c7f435ce","all-forms-preview-018-0031","PROPOSED_SAFETY_CRITICAL","AERODROME_OPERATIONAL_SAFETY","true","SOURCE_MAPPING_REQUIRED","NOT_ATTESTED","CANDIDATE_INTERPRETATION_REQUIRES_EXPERT_REVIEW","NOT_SUPPLIED"
"FSS-AGA-FORM-018","AGA 018.505","32","10","raw PDF page 10; AGA 018.505; Protocol question column","NAMCARs 139.17.5","Does the overlay proceed from one end of the runway toward the other end so that based on runway utilization most aircraft operations will experience a down ramp?","sha256:000a9f6cee197d1412a5d4805e395a77ca2766e4ad0354850ace2371bd23a18b","all-forms-preview-018-0032","PROPOSED_SAFETY_CRITICAL","AERODROME_OPERATIONAL_SAFETY","true","SOURCE_MAPPING_REQUIRED","NOT_ATTESTED","CANDIDATE_INTERPRETATION_REQUIRES_EXPERT_REVIEW","NOT_SUPPLIED"
"FSS-AGA-FORM-018","AGA 018.507","33","10","raw PDF page 10; AGA 018.507; Protocol question column","NAMCARs 139.17.5","Is the entire width of the runway overlaid during each work session?","sha256:978f558643f1810e3241994ed00fa2326aa1c6088193b52dd33716860f18a879","all-forms-preview-018-0033","PROPOSED_SAFETY_CRITICAL","AERODROME_OPERATIONAL_SAFETY","true","SOURCE_MAPPING_REQUIRED","NOT_ATTESTED","CANDIDATE_INTERPRETATION_REQUIRES_EXPERT_REVIEW","NOT_SUPPLIED"
"FSS-AGA-FORM-018","AGA 018.509","34","10","raw PDF page 10; AGA 018.509; Protocol question column","NAMCARs 139.17.5","Where the entire width of the runway cannot be overlaid during a work session. Is at least two-thirds of the central width of the runway overlaid?","sha256:526a221061285641c1e89f13ce04431f7e3cdc8c3639de415d9dab670bfa35ec","all-forms-preview-018-0034","PROPOSED_SAFETY_CRITICAL","AERODROME_OPERATIONAL_SAFETY","true","SOURCE_MAPPING_REQUIRED","NOT_ATTESTED","CANDIDATE_INTERPRETATION_REQUIRES_EXPERT_REVIEW","NOT_SUPPLIED"
"FSS-AGA-FORM-018","AGA 018.511","35","11","raw PDF page 11; AGA 018.511; Protocol question column","NAMCARs 139.17.5","is overlaid and returned to temporary operational status, is a runway centre line marking conforming to the applicable specifications?","sha256:fec317d6860008733c7dad43d61cd133919e0fc6c6648f66e11a92fc62e5ea40","all-forms-preview-018-0035","PROPOSED_SAFETY_CRITICAL","AERODROME_OPERATIONAL_SAFETY","true","SOURCE_MAPPING_REQUIRED","NOT_ATTESTED","CANDIDATE_INTERPRETATION_REQUIRES_EXPERT_REVIEW","NOT_SUPPLIED"
"FSS-AGA-FORM-018","AGA 018.513","36","11","raw PDF page 11; AGA 018.513; Protocol question column","NAMCARs 139.17.5","is overlaid and returned to temporary operational status, is the location of any temporary threshold identified by a 3.6 m wide transverse stripe?","sha256:b5253d6df395a82edc2dab4f59f3857f2e641b320a3efcfb21d02a2d02f7ac84","all-forms-preview-018-0036","PROPOSED_HIGH_OPERATIONAL","OPERATIONAL_ASSURANCE","false","SOURCE_MAPPING_REQUIRED","NOT_ATTESTED","CANDIDATE_INTERPRETATION_REQUIRES_EXPERT_REVIEW","NOT_SUPPLIED"
"FSS-AGA-FORM-018","AGA 018.515","37","11","raw PDF page 11; AGA 018.515; Protocol question column","NAMCARs 139.17.5","Is the overlay constructed above the minimum friction level specified by Namibia?","sha256:0190a6d4278947273c89b5321da1ae5d9225a6b45957b5f38bf7dc142f9bb35c","all-forms-preview-018-0037","PROPOSED_SAFETY_CRITICAL","AERODROME_OPERATIONAL_SAFETY","true","SOURCE_MAPPING_REQUIRED","NOT_ATTESTED","CANDIDATE_INTERPRETATION_REQUIRES_EXPERT_REVIEW","NOT_SUPPLIED"
"FSS-AGA-FORM-018","AGA 018.601","38","11","raw PDF page 11; AGA 018.601; Protocol question column","NAMCARs 139.17.5 | NAMCARs 139.17.6","Is the level of unserviceability established and conforming to the requirements?","sha256:83b4c98c4f418e9b365aae6b821d5d841a2769e3dfa6232f19d1514c9beda44c","all-forms-preview-018-0038","PROPOSED_HIGH_OPERATIONAL","OPERATIONAL_ASSURANCE","false","SOURCE_MAPPING_REQUIRED","NOT_ATTESTED","CANDIDATE_INTERPRETATION_REQUIRES_EXPERT_REVIEW","NOT_SUPPLIED"
"FSS-AGA-FORM-018","AGA 018.603","39","12","raw PDF page 12; AGA 018.603; Protocol question column","NAMCARs 139.17.6","Is a system of preventive maintenance of visual aids employed to ensure lighting and marking system reliability?","sha256:6204dc9f33a99422e3f9c6cd7d1a31564a4b0f284e12f1ee003d40abb9d9528d","all-forms-preview-018-0039","PROPOSED_SAFETY_CRITICAL","AERODROME_OPERATIONAL_SAFETY","true","SOURCE_MAPPING_REQUIRED","NOT_ATTESTED","CANDIDATE_INTERPRETATION_REQUIRES_EXPERT_REVIEW","NOT_SUPPLIED"
"FSS-AGA-FORM-018","AGA 018.605","40","12","raw PDF page 12; AGA 018.605; Protocol question column","NAMCARs 139.17.6","Does the system of preventive maintenance employed for a precision approach runway category II or III at least include the minimum required checks?","sha256:f32f0c430c99437ef879b4777786c00e812a9c4cd9c0284c3b8d7da8f23b8130","all-forms-preview-018-0040","PROPOSED_SAFETY_CRITICAL","AERODROME_OPERATIONAL_SAFETY","true","SOURCE_MAPPING_REQUIRED","NOT_ATTESTED","CANDIDATE_INTERPRETATION_REQUIRES_EXPERT_REVIEW","NOT_SUPPLIED"
"FSS-AGA-FORM-018","AGA 018.607","41","12","raw PDF page 12; AGA 018.607; Protocol question column","NAMCARs 139.17.6","Are in-field measurements of the intensity beam spread and orientation of lights included in the approach and runway lighting systems for a precision approach runway category II or III undertaken by measuring all lights, as far as practicable, conform to the requirements?","sha256:ff943d4f75447855c53c890c6453af11e721f0ad17068fd5b2f5fd48480f0b5b","all-forms-preview-018-0041","PROPOSED_SAFETY_CRITICAL","AERODROME_OPERATIONAL_SAFETY","true","SOURCE_MAPPING_REQUIRED","NOT_ATTESTED","CANDIDATE_INTERPRETATION_REQUIRES_EXPERT_REVIEW","NOT_SUPPLIED"
"FSS-AGA-FORM-018","AGA 018.609","42","13","raw PDF page 13; AGA 018.609; Protocol question column","NAMCARs 139.17.6","Is there a procedure to measure the intensity beam spread and orientation of lights for a precision approach runway category II or III?","sha256:44d6ee26d9f1f0d395a1100adb157e1d502b8da648192d1e2d70d1496e0e603a","all-forms-preview-018-0042","PROPOSED_SAFETY_CRITICAL","AERODROME_OPERATIONAL_SAFETY","true","SOURCE_MAPPING_REQUIRED","NOT_ATTESTED","CANDIDATE_INTERPRETATION_REQUIRES_EXPERT_REVIEW","NOT_SUPPLIED"
"FSS-AGA-FORM-018","AGA 018.611","43","13","raw PDF page 13; AGA 018.611; Protocol question column","NAMCARs 139.17.6","Has the frequency to measure lights for a precision approach runway category II or III been determined?","sha256:2b2255402d5246fbba85f0ec523d0f5c317101a1785b1ca0563d68530f8e00ba","all-forms-preview-018-0043","PROPOSED_SAFETY_CRITICAL","AERODROME_OPERATIONAL_SAFETY","true","SOURCE_MAPPING_REQUIRED","NOT_ATTESTED","CANDIDATE_INTERPRETATION_REQUIRES_EXPERT_REVIEW","NOT_SUPPLIED"
"FSS-AGA-FORM-018","AGA 018.613","44","14","raw PDF page 14; AGA 018.613; Protocol question column","NAMCARs 139.17.6","Does the system of preventive maintenance employed for a precision approach runway category II or III ensure that the level of serviceability for all approach and runway lights are within the requirements?","sha256:b6ce0e421c66d6a7e982bc3400ef21215761800dcef90236d93afe2f1e8f67ca","all-forms-preview-018-0044","PROPOSED_SAFETY_CRITICAL","AERODROME_OPERATIONAL_SAFETY","true","SOURCE_MAPPING_REQUIRED","NOT_ATTESTED","CANDIDATE_INTERPRETATION_REQUIRES_EXPERT_REVIEW","NOT_SUPPLIED"
"FSS-AGA-FORM-018","AGA 018.615","45","14","raw PDF page 14; AGA 018.615; Protocol question column","NAMCARs 139.17.6","Does the system of preventive maintenance employed for a precision approach runway category II or III ensure that the allowable percentage of unserviceable lights is not permitted in such a way as to alter the basic pattern of the lighting system?","sha256:9ca9f2e9255d05686033f1a3b0c08b265345dffa6a3404a47079e9b9218ba9c6","all-forms-preview-018-0045","PROPOSED_SAFETY_CRITICAL","AERODROME_OPERATIONAL_SAFETY","true","SOURCE_MAPPING_REQUIRED","NOT_ATTESTED","CANDIDATE_INTERPRETATION_REQUIRES_EXPERT_REVIEW","NOT_SUPPLIED"
"FSS-AGA-FORM-018","AGA 018.617","46","15","raw PDF page 15; AGA 018.617; Protocol question column","NAMCARs 139.17.6","Does the system of preventive maintenance employed for a precision approach runway category II or III ensure that an unserviceable light is not permitted adjacent to another unserviceable light?","sha256:39eadb12bb2652f0d985c018e90b09f221c105dc3052034cccf986c752ff7465","all-forms-preview-018-0046","PROPOSED_SAFETY_CRITICAL","AERODROME_OPERATIONAL_SAFETY","true","SOURCE_MAPPING_REQUIRED","NOT_ATTESTED","CANDIDATE_INTERPRETATION_REQUIRES_EXPERT_REVIEW","NOT_SUPPLIED"
"FSS-AGA-FORM-018","AGA 018.619","47","15","raw PDF page 15; AGA 018.619; Protocol question column","NAMCARs 139.17.6","Does the system of preventive maintenance employed for a stop bar provided at a runway- holding position used in conjunction with a runway intended for operations in runway visual range conditions less than a value of 350 m is within the requirements?","sha256:6f82096f4665700489470a9794fe5879154d61688281ec0800fb0136fa9b1423","all-forms-preview-018-0047","PROPOSED_SAFETY_CRITICAL","AERODROME_OPERATIONAL_SAFETY","true","SOURCE_MAPPING_REQUIRED","NOT_ATTESTED","CANDIDATE_INTERPRETATION_REQUIRES_EXPERT_REVIEW","NOT_SUPPLIED"
"FSS-AGA-FORM-018","AGA 018.621","48","15","raw PDF page 15; AGA 018.621; Protocol question column","NAMCARs 139.17.6","Does the system of preventive maintenance employed for a taxiway intended for use in runway visual range conditions less than a value of 350 m is within the requirements?","sha256:d0929528157b9b2e3418698de63bdae159aaf0ca9be9c0f6b53aea538f2c35a3","all-forms-preview-018-0048","PROPOSED_SAFETY_CRITICAL","AERODROME_OPERATIONAL_SAFETY","true","SOURCE_MAPPING_REQUIRED","NOT_ATTESTED","CANDIDATE_INTERPRETATION_REQUIRES_EXPERT_REVIEW","NOT_SUPPLIED"
"FSS-AGA-FORM-018","AGA 018.623","49","16","raw PDF page 16; AGA 018.623; Protocol question column","NAMCARs 139.17.6","Does the system of preventive maintenance employed for a precision approach runway category ensure that the level of serviceability for all approach and runway lights are within the requirements?","sha256:70a55aa73ea030d7ed273acb21915f7821640dc00255e8e29e102b013fe36d5f","all-forms-preview-018-0049","PROPOSED_SAFETY_CRITICAL","AERODROME_OPERATIONAL_SAFETY","true","SOURCE_MAPPING_REQUIRED","NOT_ATTESTED","CANDIDATE_INTERPRETATION_REQUIRES_EXPERT_REVIEW","NOT_SUPPLIED"
"FSS-AGA-FORM-018","AGA 018.625","50","16","raw PDF page 16; AGA 018.625; Protocol question column","NAMCARs 139.17.6","Does the system of preventive maintenance employed for a precision approach runway category ensure that an unserviceable light is not permitted adjacent to another unserviceable light unless the light spacing is significantly less than that specified?","sha256:00ca86e01b6380b35b06c1e0ee4588144b3b4f71aaf9f72cb876fa60ea618d29","all-forms-preview-018-0050","PROPOSED_SAFETY_CRITICAL","AERODROME_OPERATIONAL_SAFETY","true","SOURCE_MAPPING_REQUIRED","NOT_ATTESTED","CANDIDATE_INTERPRETATION_REQUIRES_EXPERT_REVIEW","NOT_SUPPLIED"
"FSS-AGA-FORM-018","AGA 018.627","51","16","raw PDF page 16; AGA 018.627; Protocol question column","NAMCARs 139.17.6","Does the system of preventive maintenance employed for a runway meant for take-off in runway visual range conditions less than a value of 550 m serviceable and within the requirements?","sha256:19fdd452d4c24a277e9e2dd78b0d31305b90f8e899143632090853110f5dec1e","all-forms-preview-018-0051","PROPOSED_SAFETY_CRITICAL","AERODROME_OPERATIONAL_SAFETY","true","SOURCE_MAPPING_REQUIRED","NOT_ATTESTED","CANDIDATE_INTERPRETATION_REQUIRES_EXPERT_REVIEW","NOT_SUPPLIED"
"FSS-AGA-FORM-018","AGA 018.629","52","17","raw PDF page 17; AGA 018.629; Protocol question column","NAMCARs 139.17.6","Does the system of preventive maintenance employed for a runway meant for take-off in runway visual range conditions less than a value of 550 m have no unserviceable light adjacent to another unserviceable light?","sha256:ed31ff66c1a58e37732b700f5c902765ea335a9dd1a0737d1f40548defe09304","all-forms-preview-018-0052","PROPOSED_SAFETY_CRITICAL","AERODROME_OPERATIONAL_SAFETY","true","SOURCE_MAPPING_REQUIRED","NOT_ATTESTED","CANDIDATE_INTERPRETATION_REQUIRES_EXPERT_REVIEW","NOT_SUPPLIED"
"FSS-AGA-FORM-018","AGA 018.631","53","17","raw PDF page 17; AGA 018.631; Protocol question column","NAMCARs 139.17.6","Does the system of preventive maintenance employed for a runway meant for take-off in runway visual range conditions greater than a value of 550 m have as its objective that, during any period of operations, all runway lights are serviceable?","sha256:2d0b49a43683e05f6584f291214d3bd2ea5b2bd0f588c540e42442361a476b4c","all-forms-preview-018-0053","PROPOSED_SAFETY_CRITICAL","AERODROME_OPERATIONAL_SAFETY","true","SOURCE_MAPPING_REQUIRED","NOT_ATTESTED","CANDIDATE_INTERPRETATION_REQUIRES_EXPERT_REVIEW","NOT_SUPPLIED"
"FSS-AGA-FORM-018","AGA 018.633","54","17","raw PDF page 17; AGA 018.633; Protocol question column","NAMCARs 139.17.6","Does the system of preventive maintenance employed for a runway meant for take-off in runway visual range conditions greater than a value of 550 m have no unserviceable light adjacent to another unserviceable light?","sha256:ebddd09493cbe3e66892616904b90561cebfa27f20008105494a564193e3b5c8","all-forms-preview-018-0054","PROPOSED_SAFETY_CRITICAL","AERODROME_OPERATIONAL_SAFETY","true","SOURCE_MAPPING_REQUIRED","NOT_ATTESTED","CANDIDATE_INTERPRETATION_REQUIRES_EXPERT_REVIEW","NOT_SUPPLIED"
"FSS-AGA-FORM-018","AGA 018.635","55","17","raw PDF page 17; AGA 018.635; Protocol question column","NAMCARs 139.17.6","Does the procedure for low visibility include construction restrictions or maintenance activities in the proximity of aerodrome electrical systems?","sha256:a3b5483d157262880775691d6e1ca47f0c5cedf02cf838ddb4ba4c2e7feb5af5","all-forms-preview-018-0055","PROPOSED_SAFETY_CRITICAL","AERODROME_OPERATIONAL_SAFETY","true","SOURCE_MAPPING_REQUIRED","NOT_ATTESTED","CANDIDATE_INTERPRETATION_REQUIRES_EXPERT_REVIEW","NOT_SUPPLIED"
"FSS-AGA-FORM-018","AGA 018.6437","56","17","raw PDF page 17; AGA 018.6437; Protocol question column","NAMCARs 139.17.6","Is the number of personnel employed for the maintenance of visual aids appropriate and adequately trained?","sha256:f93a1d9d808417fa1c38fd03979520c3404bd8a5fd4128c50a9243bc427899de","all-forms-preview-018-0056","PROPOSED_SAFETY_CRITICAL","AERODROME_OPERATIONAL_SAFETY","true","SOURCE_MAPPING_REQUIRED","NOT_ATTESTED","CANDIDATE_INTERPRETATION_REQUIRES_EXPERT_REVIEW","NOT_SUPPLIED"
"FSS-AGA-FORM-018","AGA 018.639","57","18","raw PDF page 18; AGA 018.639; Protocol question column","NAMCARs 139.17.6","Is there an adequate stock of spare parts available for the maintenance personnel?","sha256:6faf515af549d681b7d794507ce0f7c53e6faf14749f35df121a68e5e5e5fb0b","all-forms-preview-018-0057","PROPOSED_HIGH_OPERATIONAL","OPERATIONAL_ASSURANCE","false","SOURCE_MAPPING_REQUIRED","NOT_ATTESTED","CANDIDATE_INTERPRETATION_REQUIRES_EXPERT_REVIEW","NOT_SUPPLIED"
"FSS-AGA-FORM-018","AGA 018.641","58","18","raw PDF page 18; AGA 018.641; Protocol question column","NAMCARs 139.17.6","Are as-built drawings of the visual aids readily available to the maintenance personnel?","sha256:ccf29fa08f6aef7ace3e22570728f05f4909a926b9a677c34c6cd53c1e80003d","all-forms-preview-018-0058","PROPOSED_SAFETY_CRITICAL","AERODROME_OPERATIONAL_SAFETY","true","SOURCE_MAPPING_REQUIRED","NOT_ATTESTED","CANDIDATE_INTERPRETATION_REQUIRES_EXPERT_REVIEW","NOT_SUPPLIED"
"FSS-AGA-FORM-018","AGA 018.643","59","18","raw PDF page 18; AGA 018.643; Protocol question column","NAMCARs 139.17.6","Does the maintenance schedule of lights and other equipment follow the recommendations of the manufacturer to ensure the required service standard?","sha256:ec94c931c98988a9296feefa094ef863193b65b21998e8ada4f3f074276d83fe","all-forms-preview-018-0059","PROPOSED_HIGH_OPERATIONAL","OPERATIONAL_ASSURANCE","false","SOURCE_MAPPING_REQUIRED","NOT_ATTESTED","CANDIDATE_INTERPRETATION_REQUIRES_EXPERT_REVIEW","NOT_SUPPLIED"
"FSS-AGA-FORM-019","AGA 019.101","1","1","raw PDF page 1; AGA 019.101; Protocol question column","NAMCARs 139.08.3 | NAMCATS 139.08.3 | NAMCARs 140.03.1 | NAMCARs 140.03.2","Has there been any change in the accountable manager and compliance officer?","sha256:013d27d0aa81d87ff5b4332b5ae3aafed5564a09a678d5388f00fd190d4b2a85","all-forms-preview-019-0001","PROPOSED_HIGH_OPERATIONAL","OPERATIONAL_ASSURANCE","false","SOURCE_MAPPING_REQUIRED","NOT_ATTESTED","CANDIDATE_INTERPRETATION_REQUIRES_EXPERT_REVIEW","NOT_SUPPLIED"
"FSS-AGA-FORM-019","AGA 019.103","2","1","raw PDF page 1; AGA 019.103; Protocol question column","NAMCARs 139.08.3 | NAMCATS 139.08.3 | NAMCARs 140.03.1 | NAMCARs 140.03.2 | NAMCARs 140.03","Has there been any change of the person responsible for quality management system?","sha256:71d4cc041edfa2d62b92f8ff18caf8ab8de2c4ce9ff5de96cb1f6d057aa6b58b","all-forms-preview-019-0002","PROPOSED_HIGH_OPERATIONAL","OPERATIONAL_ASSURANCE","false","SOURCE_MAPPING_REQUIRED","NOT_ATTESTED","CANDIDATE_INTERPRETATION_REQUIRES_EXPERT_REVIEW","NOT_SUPPLIED"
"FSS-AGA-FORM-019","AGA 019.111","3","2","raw PDF page 2; AGA 019.111; Protocol question column","NAMCARs 139.08.3 | NAMCATS 139.08.3 | NAMCARs 140.03.2","Has there been any new positions or a change at headquarters (e.g., corporate managers) with a role in the activities related to the operations and maintenance of aerodromes?","sha256:f5fd79771e6b7c9204329635adf54ed38dc725f6e8f833444e4f7bc3332e4a40","all-forms-preview-019-0003","PROPOSED_HIGH_OPERATIONAL","OPERATIONAL_ASSURANCE","false","SOURCE_MAPPING_REQUIRED","NOT_ATTESTED","CANDIDATE_INTERPRETATION_REQUIRES_EXPERT_REVIEW","NOT_SUPPLIED"
"FSS-AGA-FORM-019","AGA 019.113","4","2","raw PDF page 2; AGA 019.113; Protocol question column","NAMCARs 139.08.3 | NAMCATS 139.08.3 | NAMCARs 140.03.2","Is there a clear delineation of the corporate and aerodrome operational functions?","sha256:e4aa3a29cd3cce638770d91fe968bb0a23ec0b854c63b44780f3e6bd4063f814","all-forms-preview-019-0004","PROPOSED_HIGH_OPERATIONAL","OPERATIONAL_ASSURANCE","false","SOURCE_MAPPING_REQUIRED","NOT_ATTESTED","CANDIDATE_INTERPRETATION_REQUIRES_EXPERT_REVIEW","NOT_SUPPLIED"
"FSS-AGA-FORM-019","AGA 019.317","5","2","raw PDF page 2; AGA 019.317; Protocol question column","NAMCARs 139.08.4 | NAMCATS 139.08.4 | NAMCARs 140.03.2 | NAMCARs 139.08.3 | NAMCATS 139.08.3","Has there been any change in the level of operations, type of services, and facilities accordingly?","sha256:122c2783c23fa49c7ae425544c6fba06506873f0040ba678bfc10608cf1674e3","all-forms-preview-019-0005","PROPOSED_HIGH_OPERATIONAL","OPERATIONAL_ASSURANCE","false","SOURCE_MAPPING_REQUIRED","NOT_ATTESTED","CANDIDATE_INTERPRETATION_REQUIRES_EXPERT_REVIEW","NOT_SUPPLIED"
"FSS-AGA-FORM-019","AGA 019.319","6","2","raw PDF page 2; AGA 019.319; Protocol question column","NAMCARs 140.03.2 | NAMCARs 139.08.3 | NAMCATS 139.08.3","If the answer to AGA 019.301 is YES, has the number of personnel for the operation and maintenance of each Yes No N/A Verify methodology of determining staffing needs Satisfactory Not satisfactory Regulatory ref. Protocol question Reply Guidance for review of protocol question Status of implementation Evidence/ Notes/ Comments Yes/Sat: Yes/Not Sat: No/Not Sat: N/A: FSS–AGA–FORM 019 31 March 2023 3 of 8 aerodrome been reviewed based on the evaluation of the needs for each component of the aerodrome?","sha256:fe29d13bd3b98626c9cd5d75e9ca3fe3ac06b5b2a4eed538409cb3828dc3b65d","all-forms-preview-019-0006","PROPOSED_HIGH_OPERATIONAL","OPERATIONAL_ASSURANCE","false","SOURCE_MAPPING_REQUIRED","NOT_ATTESTED","CANDIDATE_INTERPRETATION_REQUIRES_EXPERT_REVIEW","NOT_SUPPLIED"
"FSS-AGA-FORM-019","AGA 019.321","7","3","raw PDF page 3; AGA 019.321; Protocol question column","NAMCARs 139.08.3 | NAMCATS 139.08.3 | NAMCARs 139.10 | NAMCARs 139.11 | NAMCARs 139.12 | NAMCARs 139.15 | NAMCARs 139.16.10","Does the certificate/license holder employ, engage, or contract adequate personnel for the operations and maintenance of physical characteristics, obstacles limitation surfaces, visual aids, equipment, electrical systems and installations at (Name of aerodrome)?","sha256:f67624bbb87e9a1405c00b5b5e0d109b4e9432de09838e4851b88a7fd175a01d","all-forms-preview-019-0007","PROPOSED_SAFETY_CRITICAL","AERODROME_OPERATIONAL_SAFETY","true","SOURCE_MAPPING_REQUIRED","NOT_ATTESTED","CANDIDATE_INTERPRETATION_REQUIRES_EXPERT_REVIEW","NOT_SUPPLIED"
"FSS-AGA-FORM-019","AGA 019.323","8","3","raw PDF page 3; AGA 019.323; Protocol question column","NAMCARs 139.08.3 | NAMCATS 139.08.3 | NAMCARs 139.10 | NAMCARs 139.11 | NAMCARs 139.12 | NAMCARs 139.15 | NAMCARs 139.16.10 | NAMCARs 139.07","Does the certificate/license holder employ, engage, or contract adequate personnel for the implementation of the activities in the aerodrome manual at (Name of aerodrome)?","sha256:ca0784c1d0c11c13b14c9fdf17756645a4158fa4a89eb3de2a7dc8d130c3b8f8","all-forms-preview-019-0008","PROPOSED_HIGH_OPERATIONAL","OPERATIONAL_ASSURANCE","false","SOURCE_MAPPING_REQUIRED","NOT_ATTESTED","CANDIDATE_INTERPRETATION_REQUIRES_EXPERT_REVIEW","NOT_SUPPLIED"
"FSS-AGA-FORM-019","AGA 019.324","9","3","raw PDF page 3; AGA 019.324; Protocol question column","NAMCARs 139.08.3 | NAMCATS 139.08.3 | NAMCARs 139.07","Does the certificate/license holder employ, engage, or contract adequate personnel for the implementation of the activities in the quality management system at (Name of aerodrome)?","sha256:811174c6952f0547b622fc541e741b4f5a4a0908237403767211dce41fa3bdab","all-forms-preview-019-0009","PROPOSED_HIGH_OPERATIONAL","OPERATIONAL_ASSURANCE","false","SOURCE_MAPPING_REQUIRED","NOT_ATTESTED","CANDIDATE_INTERPRETATION_REQUIRES_EXPERT_REVIEW","NOT_SUPPLIED"
"FSS-AGA-FORM-019","AGA 019.325","10","3","raw PDF page 3; AGA 019.325; Protocol question column","NAMCARs 139.08.3 | NAMCATS 139.08.3 | NAMCARs 139.08.6","Does the certificate holder employ, engage, or contract adequate personnel for the implementation of the activities in the safety management system at (Name of aerodrome)?","sha256:6a02486a65ea0e19487b01ee3090b91ef74fa14f939f4e69b6b38c79ed29a53d","all-forms-preview-019-0010","PROPOSED_SAFETY_CRITICAL","AERODROME_OPERATIONAL_SAFETY","true","SOURCE_MAPPING_REQUIRED","NOT_ATTESTED","CANDIDATE_INTERPRETATION_REQUIRES_EXPERT_REVIEW","NOT_SUPPLIED"
"FSS-AGA-FORM-019","AGA 019.326","11","4","raw PDF page 4; AGA 019.326; Protocol question column","NAMCARs 139.08.3 | NAMCATS 139.08.3 | NAMCARs 139.08.6 | NAMCARs 139.08.7","Does the certificate holder employ, engage, or contract adequate personnel for the implementation of the activities in the runway safety programme at (Name of aerodrome)?","sha256:6fc75c2df90a301f84a097fd50d3298e304b6a1ff917abab3df38210dc0e84c2","all-forms-preview-019-0011","PROPOSED_SAFETY_CRITICAL","AERODROME_OPERATIONAL_SAFETY","true","SOURCE_MAPPING_REQUIRED","NOT_ATTESTED","CANDIDATE_INTERPRETATION_REQUIRES_EXPERT_REVIEW","NOT_SUPPLIED"
"FSS-AGA-FORM-019","AGA 019.327","12","4","raw PDF page 4; AGA 019.327; Protocol question column","NAMCARs 139.08.3 | NAMCATS 139.08.3 | NAMCARs 139.08.7 | NAMCARs 139.16.2","Does the certificate/license holder employ, engage, or contract adequate personnel for the operations of the aerodrome emergency planning at (Name of aerodrome)?","sha256:7cf75ca9691abcc7f16590a5c6d342dfde2d8b3a791c8ed922b5010934df504d","all-forms-preview-019-0012","PROPOSED_SAFETY_CRITICAL","AERODROME_OPERATIONAL_SAFETY","true","SOURCE_MAPPING_REQUIRED","NOT_ATTESTED","CANDIDATE_INTERPRETATION_REQUIRES_EXPERT_REVIEW","NOT_SUPPLIED"
"FSS-AGA-FORM-019","AGA 019.329","13","4","raw PDF page 4; AGA 019.329; Protocol question column","NAMCARs 139.08.3 | NAMCATS 139.08.3 | NAMCARs 139.16.2 | NAMCARs 139.16.3","Does the certificate/license holder employ, engage, or contract adequate personnel for the operations and maintenance of rescue and firefighting services at (Name of aerodrome)?","sha256:e0e647a4a4f135d3cec03b5384d0cd13d2a6383923aa5c1b381e58b4d993f3b4","all-forms-preview-019-0013","PROPOSED_SAFETY_CRITICAL","AERODROME_OPERATIONAL_SAFETY","true","SOURCE_MAPPING_REQUIRED","NOT_ATTESTED","CANDIDATE_INTERPRETATION_REQUIRES_EXPERT_REVIEW","NOT_SUPPLIED"
"FSS-AGA-FORM-019","AGA 019.331","14","5","raw PDF page 5; AGA 019.331; Protocol question column","NAMCARs 139.08.3 | NAMCATS 139.08.3 | NAMCARs 139.16.3 | NAMCARs 139.08.15","Does the certificate/license holder employ, engage, or contract adequate personnel operations of the environmental management programme at (Name of aerodrome) report to the aerodrome or heliport manager?","sha256:9e1cc4e1bfa242bad5d9c4592802ff41f294dca71e545016b79846a4e18ff8cb","all-forms-preview-019-0014","PROPOSED_HIGH_OPERATIONAL","OPERATIONAL_ASSURANCE","false","SOURCE_MAPPING_REQUIRED","NOT_ATTESTED","CANDIDATE_INTERPRETATION_REQUIRES_EXPERT_REVIEW","NOT_SUPPLIED"
"FSS-AGA-FORM-019","AGA 019.333","15","5","raw PDF page 5; AGA 019.333; Protocol question column","NAMCARs 139.08.3 | NAMCATS 139.08.3 | NAMCARs 139.08.15 | NAMCARs 139.08.18 | NAMCARs 139.09","Does the certificate/license holder employ, engage, or contract adequate personnel for the notification of data and information at (Name of aerodrome)?","sha256:6da5430f230480a82fd5a1ae2eb3e50d29914abe0332985e809442b5a02fde0f","all-forms-preview-019-0015","PROPOSED_HIGH_OPERATIONAL","OPERATIONAL_ASSURANCE","false","SOURCE_MAPPING_REQUIRED","NOT_ATTESTED","CANDIDATE_INTERPRETATION_REQUIRES_EXPERT_REVIEW","NOT_SUPPLIED"
"FSS-AGA-FORM-019","AGA 019.335","16","5","raw PDF page 5; AGA 019.335; Protocol question column","NAMCARs 139.08.3 | NAMCATS 139.08.3 | NAMCARs 139.08.18 | NAMCARs 139.09 | NAMCARs 139.08.11","Does the certificate/license holder employ, engage, or contract adequate personnel for the implementation of the inspection programme at (Name of aerodrome)?","sha256:dbf08c9694c94b12a95b584d848fa896e62e589e26ba068801da32ff71960d33","all-forms-preview-019-0016","PROPOSED_HIGH_OPERATIONAL","OPERATIONAL_ASSURANCE","false","SOURCE_MAPPING_REQUIRED","NOT_ATTESTED","CANDIDATE_INTERPRETATION_REQUIRES_EXPERT_REVIEW","NOT_SUPPLIED"
"FSS-AGA-FORM-019","AGA 019.337","17","5","raw PDF page 5; AGA 019.337; Protocol question column","NAMCARs 139.08.3 | NAMCATS 139.08.3 | NAMCARs 139.08.11 | NAMCARs 139.08.9","Does the certificate/license holder employ, engage, or contract adequate personnel for the operations and maintenance of systems for control of entry into restricted area at (Name of aerodrome)?","sha256:a2114e0b0e8fc416770b0c3b40cb025b247de5a3c12c41cf71c17794b1b1e2eb","all-forms-preview-019-0017","PROPOSED_HIGH_OPERATIONAL","OPERATIONAL_ASSURANCE","false","SOURCE_MAPPING_REQUIRED","NOT_ATTESTED","CANDIDATE_INTERPRETATION_REQUIRES_EXPERT_REVIEW","NOT_SUPPLIED"
"FSS-AGA-FORM-019","AGA 019.339","18","5","raw PDF page 5; AGA 019.339; Protocol question column","NAMCARs 139.08.3 | NAMCATS 139.08.3 | NAMCARs 139.08.9 | NAMCARs 139.01.12","Does the certificate/license holder employ, engage, or contract adequate personnel for the safety measures against fire at (Name of aerodrome)?","sha256:1f0f3d3ddad2d6f3100374703fa1e7ab6fe699b4896a73214d4e1b27af7c0be4","all-forms-preview-019-0018","PROPOSED_SAFETY_CRITICAL","AERODROME_OPERATIONAL_SAFETY","true","SOURCE_MAPPING_REQUIRED","NOT_ATTESTED","CANDIDATE_INTERPRETATION_REQUIRES_EXPERT_REVIEW","NOT_SUPPLIED"
"FSS-AGA-FORM-019","AGA 019.341","19","5","raw PDF page 5; AGA 019.341; Protocol question column","NAMCARs 139.08.3 | NAMCATS 139.08.3 | NAMCARs 139.01.12","Does the certificate/license holder employ, engage, or contract adequate Yes No Check FSS-AGA- FORM-008 and attachment Satisfactory Not satisfactory Regulatory ref. Protocol question Reply Guidance for review of protocol question Status of implementation Evidence/ Notes/ Comments Yes/Sat: Yes/Not Sat: No/Not Sat: N/A: FSS–AGA–FORM 019 31 March 2023 6 of 8 NAMCARs 139.08.9 NAMCARs 139.16.6 personnel for the operations and maintenance of systems for access of ground vehicles to movement area at (Name of aerodrome)?","sha256:1d5c0d7f6e4c93531c36f17494b5230060072c4c489141b0c40025d28f56c8d8","all-forms-preview-019-0019","PROPOSED_HIGH_OPERATIONAL","OPERATIONAL_ASSURANCE","false","SOURCE_MAPPING_REQUIRED","NOT_ATTESTED","CANDIDATE_INTERPRETATION_REQUIRES_EXPERT_REVIEW","NOT_SUPPLIED"
"FSS-AGA-FORM-019","AGA 019.343","20","6","raw PDF page 6; AGA 019.343; Protocol question column","NAMCARs 139.08.9 | NAMCARs 139.16.6 | NAMCARs 139.08.3 | NAMCATS 139.08.3","Does the certificate/license holder employ, engage, or contract adequate personnel for the operations and maintenance of systems of protection of navaids at (Name of aerodrome)?","sha256:7d71110ce90951c9c0f10bcf485a5075d321da16cfda3d3b893ebacfb11aa70c","all-forms-preview-019-0020","PROPOSED_HIGH_OPERATIONAL","OPERATIONAL_ASSURANCE","false","SOURCE_MAPPING_REQUIRED","NOT_ATTESTED","CANDIDATE_INTERPRETATION_REQUIRES_EXPERT_REVIEW","NOT_SUPPLIED"
"FSS-AGA-FORM-019","AGA 019.345","21","6","raw PDF page 6; AGA 019.345; Protocol question column","NAMCARs 139.08.3 | NAMCATS 139.08.3","Is the appointment of the senior accountable manager and his/her role communicated to the staff and stakeholders?","sha256:7878bdd5447f8334dcfc5399a6afcf9d1352eb983a443a2afb8f3342f065a8db","all-forms-preview-019-0021","PROPOSED_HIGH_OPERATIONAL","OPERATIONAL_ASSURANCE","false","SOURCE_MAPPING_REQUIRED","NOT_ATTESTED","CANDIDATE_INTERPRETATION_REQUIRES_EXPERT_REVIEW","NOT_SUPPLIED"
"FSS-AGA-FORM-019","AGA 019.347","22","6","raw PDF page 6; AGA 019.347; Protocol question column","NAMCARs 139.08.3 | NAMCATS 139.08.3","Has all activities undertaken by the organization been carried out in accordance with the applicable requirements prescribed in NAMCARs 139?","sha256:ad959fb4d9b7600607b97ba50d87310c190edb4e033e5f3de24eb7b703ddc4a1","all-forms-preview-019-0022","PROPOSED_HIGH_OPERATIONAL","OPERATIONAL_ASSURANCE","false","SOURCE_MAPPING_REQUIRED","NOT_ATTESTED","CANDIDATE_INTERPRETATION_REQUIRES_EXPERT_REVIEW","NOT_SUPPLIED"
"FSS-AGA-FORM-019","AGA 019.349","23","6","raw PDF page 6; AGA 019.349; Protocol question column","NAMCARs 139.08.3 | NAMCATS 139.08.3","Does the senior accountable manager have authority over the allocation of resources for operations and maintenance?","sha256:b2609dd79de46e111fee30809afa2329521547437bdae90e587f42075090661e","all-forms-preview-019-0023","PROPOSED_HIGH_OPERATIONAL","OPERATIONAL_ASSURANCE","false","SOURCE_MAPPING_REQUIRED","NOT_ATTESTED","CANDIDATE_INTERPRETATION_REQUIRES_EXPERT_REVIEW","NOT_SUPPLIED"
"FSS-AGA-FORM-019","AGA 019.351","24","6","raw PDF page 6; AGA 019.351; Protocol question column","NAMCARs 139.08.3 | NAMCATS 139.08.3","Has the allocation of resources for operations and maintenance is in line with the requirements prescribed in NAMCARs 139?","sha256:c2a600b1f53c26ef58eddcb993bc5adb2ccbb2bb559cc9db2d9dc56918740d1b","all-forms-preview-019-0024","PROPOSED_HIGH_OPERATIONAL","OPERATIONAL_ASSURANCE","false","SOURCE_MAPPING_REQUIRED","NOT_ATTESTED","CANDIDATE_INTERPRETATION_REQUIRES_EXPERT_REVIEW","NOT_SUPPLIED"
"FSS-AGA-FORM-019","AGA 019.353","25","7","raw PDF page 7; AGA 019.353; Protocol question column","NAMCARs 139.08.3 | NAMCATS 139.08.3","Is there a procedure in place to ensure that the senior accountable manager have unrestricted access to work performed or activities undertaken by all other persons as employees of, and other persons rendering service under contract with, the organisation?","sha256:dea1048ca34e43abe4fcaf7f27017d54008f235c10f597e0f8573df523c9f836","all-forms-preview-019-0025","PROPOSED_HIGH_OPERATIONAL","OPERATIONAL_ASSURANCE","false","SOURCE_MAPPING_REQUIRED","NOT_ATTESTED","CANDIDATE_INTERPRETATION_REQUIRES_EXPERT_REVIEW","NOT_SUPPLIED"
"FSS-AGA-FORM-019","AGA 019.355","26","7","raw PDF page 7; AGA 019.355; Protocol question column","NAMCARs 139.08.3 | NAMCATS 139.08.3","Is there a procedure in place for the consultation between the senior accountable manager with any person as employee of, and other person rendering service under contract with, the organisation in respect of compliance by him or her?","sha256:e0705d5096f1b44ab082b6098acd177642dd0411f2ecf11ab4198d868ab01525","all-forms-preview-019-0026","PROPOSED_HIGH_OPERATIONAL","OPERATIONAL_ASSURANCE","false","SOURCE_MAPPING_REQUIRED","NOT_ATTESTED","CANDIDATE_INTERPRETATION_REQUIRES_EXPERT_REVIEW","NOT_SUPPLIED"
"FSS-AGA-FORM-019","AGA 019.357","27","7","raw PDF page 7; AGA 019.357; Protocol question column","NAMCARs 139.08.3 | NAMCATS 139.08.3","Is there a procedure in place for assessing whether activities carried out by the applicant continue to comply with NAMCARs 139?","sha256:b12280e55532dcbfa5bce3da5c40ad1d9722a4f99d89f275aaaffdcaf4b6c9f9","all-forms-preview-019-0027","PROPOSED_HIGH_OPERATIONAL","OPERATIONAL_ASSURANCE","false","SOURCE_MAPPING_REQUIRED","NOT_ATTESTED","CANDIDATE_INTERPRETATION_REQUIRES_EXPERT_REVIEW","NOT_SUPPLIED"
"FSS-AGA-FORM-019","AGA 019.359","28","7","raw PDF page 7; AGA 019.359; Protocol question column","NAMCARs 139.08.3 | NAMCATS 139.08.3","Does the person responsible for quality management system have direct access to the senior accountable manager on matters affecting the aviation safety programme?","sha256:5ee75d11a89c597d368c7bbb57b5fd5987abe681f3ce6b70d9f5691981dbb46c","all-forms-preview-019-0028","PROPOSED_HIGH_OPERATIONAL","OPERATIONAL_ASSURANCE","false","SOURCE_MAPPING_REQUIRED","NOT_ATTESTED","CANDIDATE_INTERPRETATION_REQUIRES_EXPERT_REVIEW","NOT_SUPPLIED"
"FSS-AGA-FORM-019","AGA 019.361","29","7","raw PDF page 7; AGA 019.361; Protocol question column","NAMCARs 139.08.3 | NAMCATS 139.08.3","Does the role of the accountable manager include Yes No Verify appointment of quality management system Satisfactory Not satisfactory Regulatory ref. Protocol question Reply Guidance for review of protocol question Status of implementation Evidence/ Notes/ Comments Yes/Sat: Yes/Not Sat: No/Not Sat: N/A: FSS–AGA–FORM 019 31 March 2023 8 of 8 NAMCATS 139.08.3 interaction with the person responsible for quality management system?","sha256:217f5c67a6d9a8c49d044e45619bf3e48a254c715d1a21c7f940f1926febdd70","all-forms-preview-019-0029","PROPOSED_HIGH_OPERATIONAL","OPERATIONAL_ASSURANCE","false","SOURCE_MAPPING_REQUIRED","NOT_ATTESTED","CANDIDATE_INTERPRETATION_REQUIRES_EXPERT_REVIEW","NOT_SUPPLIED"
"FSS-AGA-FORM-020","AGA 020.101","1","1","raw PDF page 1; AGA 020.101; Protocol question column","NAMCARs 139.07.2 | NAMCATS 139.07.2","Does the certificate/license holder keep at least one complete and current copy of the aerodrome manual?","sha256:aee23b747cbbe50acae2dcb76032a708c2d28053a9b298ac34f9ae0bcfd513d9","all-forms-preview-020-0001","PROPOSED_HIGH_OPERATIONAL","OPERATIONAL_ASSURANCE","false","SOURCE_MAPPING_REQUIRED","NOT_ATTESTED","CANDIDATE_INTERPRETATION_REQUIRES_EXPERT_REVIEW","NOT_SUPPLIED"
"FSS-AGA-FORM-020","AGA 020.103","2","1","raw PDF page 1; AGA 020.103; Protocol question column","NAMCARs 139.07.2 | NAMCATS 139.07.2","Is the aerodrome manual distributed in accordance with the approved procedure?","sha256:67b7398625c2cd57686b8cff19677b2403f27934a0d243dee9ee4e4cc00e0862","all-forms-preview-020-0002","PROPOSED_HIGH_OPERATIONAL","OPERATIONAL_ASSURANCE","false","SOURCE_MAPPING_REQUIRED","NOT_ATTESTED","CANDIDATE_INTERPRETATION_REQUIRES_EXPERT_REVIEW","NOT_SUPPLIED"
"FSS-AGA-FORM-020","AGA 020.105","3","1","raw PDF page 1; AGA 020.105; Protocol question column","NAMCARs 139.07.2 | NAMCATS 139.07.2 | NAMCARs 139.07.4 | NAMCATS 139.07.4","Is the aerodrome manual controlled in accordance with the approved procedure?","sha256:dcdcc87b2ab868ca4026640b4cb7c5932a32e70bc2a74f7ea4f173106afe4858","all-forms-preview-020-0003","PROPOSED_HIGH_OPERATIONAL","OPERATIONAL_ASSURANCE","false","SOURCE_MAPPING_REQUIRED","NOT_ATTESTED","CANDIDATE_INTERPRETATION_REQUIRES_EXPERT_REVIEW","NOT_SUPPLIED"
"FSS-AGA-FORM-020","AGA 020.107","4","1","raw PDF page 1; AGA 020.107; Protocol question column","NAMCARs 139.07.2 | NAMCATS 139.07.2 | NAMCARs 139.07.4 | NAMCATS 139.07.4","Is the aerodrome manual amended in accordance with the approved procedure?","sha256:03b89efcb9041ece1cdeb9f3066833f65eac7b1735fbf842c753f83a9dbb0c68","all-forms-preview-020-0004","PROPOSED_HIGH_OPERATIONAL","OPERATIONAL_ASSURANCE","false","SOURCE_MAPPING_REQUIRED","NOT_ATTESTED","CANDIDATE_INTERPRETATION_REQUIRES_EXPERT_REVIEW","NOT_SUPPLIED"
"FSS-AGA-FORM-020","AGA 020.111","5","2","raw PDF page 2; AGA 020.111; Protocol question column","NAMCARs 139.07.4 | NAMCATS 139.07.4","Are applicable parts of the aerodrome manual available to those personnel who require those parts to carry out their duties?","sha256:0391e7a24081e970884dbff7a1d867c0749603e11bdbe485d956d2c5d208eef8","all-forms-preview-020-0005","PROPOSED_HIGH_OPERATIONAL","OPERATIONAL_ASSURANCE","false","SOURCE_MAPPING_REQUIRED","NOT_ATTESTED","CANDIDATE_INTERPRETATION_REQUIRES_EXPERT_REVIEW","NOT_SUPPLIED"
"FSS-AGA-FORM-020","AGA 020.121","6","2","raw PDF page 2; AGA 020.121; Protocol question column","NAMCARs 139.07.4 | NAMCATS 139.07.4 | NAMCARs 139.07.3 | NAMCATS 139.07.3","Does the certificate/license holder effectively implement the procedure for notification of aerodrome data and reporting changes to aerodrome information ?","sha256:30774b4f037781a2f4f6875bf18b372f1379cb0952afd0943f10aaca93d0a5aa","all-forms-preview-020-0006","PROPOSED_HIGH_OPERATIONAL","OPERATIONAL_ASSURANCE","false","SOURCE_MAPPING_REQUIRED","NOT_ATTESTED","CANDIDATE_INTERPRETATION_REQUIRES_EXPERT_REVIEW","NOT_SUPPLIED"
"FSS-AGA-FORM-020","AGA 020.123","7","2","raw PDF page 2; AGA 020.123; Protocol question column","NAMCARs 139.07.3 | NAMCATS 139.07.3","Does the certificate/license holder effectively implement the procedure for access to the aerodrome movement area?","sha256:f9e6dfef7dfc797de7415851e7ad1539aac5a11074919de84dfaff0d43f9c705","all-forms-preview-020-0007","PROPOSED_HIGH_OPERATIONAL","OPERATIONAL_ASSURANCE","false","SOURCE_MAPPING_REQUIRED","NOT_ATTESTED","CANDIDATE_INTERPRETATION_REQUIRES_EXPERT_REVIEW","NOT_SUPPLIED"
"FSS-AGA-FORM-020","AGA 020.125","8","2","raw PDF page 2; AGA 020.125; Protocol question column","NAMCARs 139.07.3 | NAMCATS 139.07.3","Does the certificate/license holder effectively implement the procedure for aerodrome emergency planning?","sha256:105cd5d7d7b12492ac8475072c41e266ca837704acce6b57d2e823022ce40233","all-forms-preview-020-0008","PROPOSED_SAFETY_CRITICAL","AERODROME_OPERATIONAL_SAFETY","true","SOURCE_MAPPING_REQUIRED","NOT_ATTESTED","CANDIDATE_INTERPRETATION_REQUIRES_EXPERT_REVIEW","NOT_SUPPLIED"
"FSS-AGA-FORM-020","AGA 020.127","9","3","raw PDF page 3; AGA 020.127; Protocol question column","NAMCARs 139.07.3 | NAMCATS 139.07.3","Does the certificate/license holder effectively implement the procedure for aerodrome inspection?","sha256:43418e4da34f3dfb08d0389cff6797efddbdd48b13642da93bf593fa521e5568","all-forms-preview-020-0009","PROPOSED_HIGH_OPERATIONAL","OPERATIONAL_ASSURANCE","false","SOURCE_MAPPING_REQUIRED","NOT_ATTESTED","CANDIDATE_INTERPRETATION_REQUIRES_EXPERT_REVIEW","NOT_SUPPLIED"
"FSS-AGA-FORM-020","AGA 020.129","10","3","raw PDF page 3; AGA 020.129; Protocol question column","NAMCARs 139.07.3 | NAMCATS 139.07.3","Does the certificate/license holder effectively implement the procedure for aerodrome maintenance?","sha256:b28883085fc1521ff75839cc4658d0c8bcfe26811923be8ef481a7d30c109d34","all-forms-preview-020-0010","PROPOSED_HIGH_OPERATIONAL","OPERATIONAL_ASSURANCE","false","SOURCE_MAPPING_REQUIRED","NOT_ATTESTED","CANDIDATE_INTERPRETATION_REQUIRES_EXPERT_REVIEW","NOT_SUPPLIED"
"FSS-AGA-FORM-020","AGA 020.131","11","4","raw PDF page 4; AGA 020.131; Protocol question column","NAMCARs 139.07.3 | NAMCATS 139.07.3","Does the certificate/license holder effectively implement the procedure for apron management?","sha256:f48a2eb613095d5c319023862c30279c89a86fc48328aaed015a5431994c95a7","all-forms-preview-020-0011","PROPOSED_HIGH_OPERATIONAL","OPERATIONAL_ASSURANCE","false","SOURCE_MAPPING_REQUIRED","NOT_ATTESTED","CANDIDATE_INTERPRETATION_REQUIRES_EXPERT_REVIEW","NOT_SUPPLIED"
"FSS-AGA-FORM-020","AGA 020.132","12","4","raw PDF page 4; AGA 020.132; Protocol question column","NAMCARs 139.07.3 | NAMCATS 139.07.3","Does the certificate/license holder effectively implement the procedure for vehicle control on or near movement areas?","sha256:3eb1aedf0ea8078b996e40989c60c60b56c29a1f7737fec8f5b5b19924392ef1","all-forms-preview-020-0012","PROPOSED_HIGH_OPERATIONAL","OPERATIONAL_ASSURANCE","false","SOURCE_MAPPING_REQUIRED","NOT_ATTESTED","CANDIDATE_INTERPRETATION_REQUIRES_EXPERT_REVIEW","NOT_SUPPLIED"
"FSS-AGA-FORM-020","AGA 020.133","13","4","raw PDF page 4; AGA 020.133; Protocol question column","NAMCARs 139.07.3 | NAMCATS 139.07.3","Does the certificate/license holder effectively implement the procedure for obstacle control?","sha256:801678a87dca66cef2be282a7948b234234e4336e2c22ecd1135cebe2d397a7e","all-forms-preview-020-0013","PROPOSED_SAFETY_CRITICAL","AERODROME_OPERATIONAL_SAFETY","true","SOURCE_MAPPING_REQUIRED","NOT_ATTESTED","CANDIDATE_INTERPRETATION_REQUIRES_EXPERT_REVIEW","NOT_SUPPLIED"
"FSS-AGA-FORM-020","AGA 020.135","14","4","raw PDF page 4; AGA 020.135; Protocol question column","NAMCARs 139.07.3 | NAMCATS 139.07.3","Does the certificate/license holder effectively implement the procedure for removal of Yes No Verify incidents that required removal of disabled aircraft Cross-check with Satisfactory Not satisfactory Regula ref. Protocol question Reply Guidance for review of protocol question Status of implementation Evidence/N otes/Comm ents Yes/Sat: Yes/Not Sat: No/Not Sat: N/A: FSS–AGA–FORM 020 31 March 2023 5 of 6 disabled aircraft?","sha256:a5899602a6751b075c943c184c72829b8da0b6e88d8a3267e0ded58df9aab444","all-forms-preview-020-0014","PROPOSED_SAFETY_CRITICAL","AERODROME_OPERATIONAL_SAFETY","true","SOURCE_MAPPING_REQUIRED","NOT_ATTESTED","CANDIDATE_INTERPRETATION_REQUIRES_EXPERT_REVIEW","NOT_SUPPLIED"
"FSS-AGA-FORM-020","AGA 020.136","15","5","raw PDF page 5; AGA 020.136; Protocol question column","NAMCARs 139.07.3 | NAMCATS 139.07.3","Does the certificate/license holder effectively implement the procedure for environment management programme?","sha256:8cbe17bec72dbeb6b73943378959cf3b52349d92f246c9ff1fa9cd9fc0cadf1b","all-forms-preview-020-0015","PROPOSED_HIGH_OPERATIONAL","OPERATIONAL_ASSURANCE","false","SOURCE_MAPPING_REQUIRED","NOT_ATTESTED","CANDIDATE_INTERPRETATION_REQUIRES_EXPERT_REVIEW","NOT_SUPPLIED"
"FSS-AGA-FORM-020","AGA 020.137","16","5","raw PDF page 5; AGA 020.137; Protocol question column","NAMCARs 139.07.3 | NAMCATS 139.07.3","Does the certificate/license holder effectively implement the procedure for low visibility?","sha256:34bff9add86862133d188f6c238a779a3f7629ec661b2ea2ba519e1b0b308079","all-forms-preview-020-0016","PROPOSED_HIGH_OPERATIONAL","OPERATIONAL_ASSURANCE","false","SOURCE_MAPPING_REQUIRED","NOT_ATTESTED","CANDIDATE_INTERPRETATION_REQUIRES_EXPERT_REVIEW","NOT_SUPPLIED"
"FSS-AGA-FORM-020","AGA 020.139","17","6","raw PDF page 6; AGA 020.139; Protocol question column","NAMCARs 139.07.3 | NAMCATS 139.07.3","Is the information provided in the organizational chart consistent with the existing reporting lines and responsibilities at the aerodrome?","sha256:48273858ece74ea7a41ecb0030776833c9e33dc9a3b94e81cac2747c91a01849","all-forms-preview-020-0017","PROPOSED_HIGH_OPERATIONAL","OPERATIONAL_ASSURANCE","false","SOURCE_MAPPING_REQUIRED","NOT_ATTESTED","CANDIDATE_INTERPRETATION_REQUIRES_EXPERT_REVIEW","NOT_SUPPLIED"
"FSS-AGA-FORM-020","AGA 020.141","18","6","raw PDF page 6; AGA 020.141; Protocol question column","NAMCARs 139.07.3 | NAMCATS 139.07.3","Does the certificate/license holder effectively implement the quality management system?","sha256:19211486985c4b58e14086fbcf1d56a42f4b8f852701726972177328ed734f41","all-forms-preview-020-0018","PROPOSED_HIGH_OPERATIONAL","OPERATIONAL_ASSURANCE","false","SOURCE_MAPPING_REQUIRED","NOT_ATTESTED","CANDIDATE_INTERPRETATION_REQUIRES_EXPERT_REVIEW","NOT_SUPPLIED"
"FSS-AGA-FORM-020","AGA 020.143","19","6","raw PDF page 6; AGA 020.143; Protocol question column","NAMCARs 139.07.3 | NAMCATS 139.07.3","Does the certificate/license holder effectively implement the safety management system?","sha256:2a7dd918338bbe2bae6e649e1fe98cbedc242b52de502666f8e09c2d91a56d29","all-forms-preview-020-0019","PROPOSED_SAFETY_CRITICAL","AERODROME_OPERATIONAL_SAFETY","true","SOURCE_MAPPING_REQUIRED","NOT_ATTESTED","CANDIDATE_INTERPRETATION_REQUIRES_EXPERT_REVIEW","NOT_SUPPLIED"
"FSS-AGA-FORM-021","AGA 021.101","1","1","raw PDF page 1; AGA 021.101; Protocol question column","NAMCARs 139.08.5 | NAMCARs 139.08.4 | NAMCATS 139.08.4","Has there been any change in the quality management system?","sha256:90042cd733bc0790538b489ff5769650e75000272dfe2e243ad00ead1eef3c97","all-forms-preview-021-0001","PROPOSED_HIGH_OPERATIONAL","OPERATIONAL_ASSURANCE","false","SOURCE_MAPPING_REQUIRED","NOT_ATTESTED","CANDIDATE_INTERPRETATION_REQUIRES_EXPERT_REVIEW","NOT_SUPPLIED"
"FSS-AGA-FORM-021","AGA 021.103","2","1","raw PDF page 1; AGA 021.103; Protocol question column","NAMCARs 139.08.5 | NAMCARs 139.08.4 | NAMCATS 139.08.4","Is the level of quality in place at the aerodrome in conformance to the one defined in the quality management system?","sha256:11ad8b4870f06c60f89d5a53005582ec1a77ff57e59ea94c02078fcb999a3176","all-forms-preview-021-0002","PROPOSED_HIGH_OPERATIONAL","OPERATIONAL_ASSURANCE","false","SOURCE_MAPPING_REQUIRED","NOT_ATTESTED","CANDIDATE_INTERPRETATION_REQUIRES_EXPERT_REVIEW","NOT_SUPPLIED"
"FSS-AGA-FORM-021","AGA 021.105","3","1","raw PDF page 1; AGA 021.105; Protocol question column","NAMCARs 139.08.5 | NAMCARs 139.08.4 | NAMCATS 139.08.4","Is the procedure for internal review implemented?","sha256:a38783630b22fcf966735eae9601a14f921290dd2234a77dfbbbbfa6cb4c2595","all-forms-preview-021-0003","PROPOSED_HIGH_OPERATIONAL","OPERATIONAL_ASSURANCE","false","SOURCE_MAPPING_REQUIRED","NOT_ATTESTED","CANDIDATE_INTERPRETATION_REQUIRES_EXPERT_REVIEW","NOT_SUPPLIED"
"FSS-AGA-FORM-021","AGA 021.107","4","1","raw PDF page 1; AGA 021.107; Protocol question column","NAMCARs 139.08.4 | NAMCATS 139.08.4","Is the procedure for recording findings implemented?","sha256:c2bfd853c312b9f8d15879580e23883a9e548377e14d18b8420f76015ccac12f","all-forms-preview-021-0004","PROPOSED_HIGH_OPERATIONAL","OPERATIONAL_ASSURANCE","false","SOURCE_MAPPING_REQUIRED","NOT_ATTESTED","CANDIDATE_INTERPRETATION_REQUIRES_EXPERT_REVIEW","NOT_SUPPLIED"
"FSS-AGA-FORM-021","AGA 021.109","5","1","raw PDF page 1; AGA 021.109; Protocol question column","NAMCARs 139.08.4 | NAMCATS 139.08.4","Is the procedure for communicating findings to management implemented?","sha256:5ef8ae75412923ad61bf716926a2d70530909b9a2fcefe528292ca43a246e7ea","all-forms-preview-021-0005","PROPOSED_HIGH_OPERATIONAL","OPERATIONAL_ASSURANCE","false","SOURCE_MAPPING_REQUIRED","NOT_ATTESTED","CANDIDATE_INTERPRETATION_REQUIRES_EXPERT_REVIEW","NOT_SUPPLIED"
"FSS-AGA-FORM-021","AGA 021.111","6","2","raw PDF page 2; AGA 021.111; Protocol question column","NAMCARs 139.08.4 | NAMCATS 139.08.4","Are the persons listed in the quality management familiar with their respective duties and responsibilities under the quality management system?","sha256:2ac94983565435f894238f21b7bfa16eecd5099c395befa0c91f912b09fa2e88","all-forms-preview-021-0006","PROPOSED_HIGH_OPERATIONAL","OPERATIONAL_ASSURANCE","false","SOURCE_MAPPING_REQUIRED","NOT_ATTESTED","CANDIDATE_INTERPRETATION_REQUIRES_EXPERT_REVIEW","NOT_SUPPLIED"
"FSS-AGA-FORM-021","AGA 021.113","7","2","raw PDF page 2; AGA 021.113; Protocol question column","NAMCARs 139.08.4 | NAMCATS 139.08.4","Do the persons listed in the quality management carry out with their respective duties and under the quality management system?","sha256:deded159dab186b209d841bf4c202d78b594e05b825b40d4887eb78efd74db85","all-forms-preview-021-0007","PROPOSED_HIGH_OPERATIONAL","OPERATIONAL_ASSURANCE","false","SOURCE_MAPPING_REQUIRED","NOT_ATTESTED","CANDIDATE_INTERPRETATION_REQUIRES_EXPERT_REVIEW","NOT_SUPPLIED"
"FSS-AGA-FORM-021","AGA 021.115","8","2","raw PDF page 2; AGA 021.115; Protocol question column","NAMCARs 139.08.4 | NAMCATS 139.08.4","Are the procedures by which quality indicators are brought into the quality management system implemented?","sha256:3834499137d8fe1a89a4695d38cbcd23c5b8aca4ef935c02fe97294045e7cd05","all-forms-preview-021-0008","PROPOSED_HIGH_OPERATIONAL","OPERATIONAL_ASSURANCE","false","SOURCE_MAPPING_REQUIRED","NOT_ATTESTED","CANDIDATE_INTERPRETATION_REQUIRES_EXPERT_REVIEW","NOT_SUPPLIED"
"FSS-AGA-FORM-021","AGA 021.117","9","2","raw PDF page 2; AGA 021.117; Protocol question column","NAMCARs 139.08.4 | NAMCATS 139.08.4","Are the procedures for management analysis and review implemented?","sha256:33586c13477e544a1e53d39a52afdcdf032cd3964f8ed4b3b662ba4beafed781","all-forms-preview-021-0009","PROPOSED_HIGH_OPERATIONAL","OPERATIONAL_ASSURANCE","false","SOURCE_MAPPING_REQUIRED","NOT_ATTESTED","CANDIDATE_INTERPRETATION_REQUIRES_EXPERT_REVIEW","NOT_SUPPLIED"
"FSS-AGA-FORM-021","AGA 021.119","10","2","raw PDF page 2; AGA 021.119; Protocol question column","NAMCARs 139.08.4 | NAMCATS 139.08.4","Are the procedures for rectifying deficiencies implemented?","sha256:cdacf2aa73b85658680d944b8121cbd0312d2b469cf1c4ed2ad36b831741a96a","all-forms-preview-021-0010","PROPOSED_HIGH_OPERATIONAL","OPERATIONAL_ASSURANCE","false","SOURCE_MAPPING_REQUIRED","NOT_ATTESTED","CANDIDATE_INTERPRETATION_REQUIRES_EXPERT_REVIEW","NOT_SUPPLIED"
"FSS-AGA-FORM-021","AGA 021.121","11","2","raw PDF page 2; AGA 021.121; Protocol question column","NAMCARs 139.08.4 | NAMCATS 139.08.4","Are the procedures for documenting the complete review process from the Yes No Sample events such malfunctions, incidents, occurrences, complaints, and Satisfactory Not satisfactory Regulatory ref. Protocol question Reply Guidance for review of protocol question Status of implementation Evidence/ Notes/ Comments Yes/Sat: Yes/Not Sat: No/Not Sat: N/A: FSS–AGA–FORM 021 31 March 2023 Page 3 of 4 inspection to the satisfactory management review implemented?","sha256:28e1fa2db4f7607f9efe3dc598b281a267fc5fba1febe9ba9a038bab6b3ae245","all-forms-preview-021-0011","PROPOSED_SAFETY_CRITICAL","AERODROME_OPERATIONAL_SAFETY","true","SOURCE_MAPPING_REQUIRED","NOT_ATTESTED","CANDIDATE_INTERPRETATION_REQUIRES_EXPERT_REVIEW","NOT_SUPPLIED"
"FSS-AGA-FORM-021","AGA 021.123","12","3","raw PDF page 3; AGA 021.123; Protocol question column","NAMCARs 139.08.4 | NAMCATS 139.08.4","Is the training programme on the quality management system implemented?","sha256:be7fb8d63dfee45083b4050270d290561ebe6545afe71a2566ee02ffa9840370","all-forms-preview-021-0012","PROPOSED_HIGH_OPERATIONAL","OPERATIONAL_ASSURANCE","false","SOURCE_MAPPING_REQUIRED","NOT_ATTESTED","CANDIDATE_INTERPRETATION_REQUIRES_EXPERT_REVIEW","NOT_SUPPLIED"
"FSS-AGA-FORM-021","AGA 021.125","13","3","raw PDF page 3; AGA 021.125; Protocol question column","NAMCARs 139.08.4 | NAMCATS 139.08.4","Is the promotion programme of the quality management system implemented?","sha256:8e2b86be55b5626d548335da44d237f7bbf9a6323c22c2504c42cc55ad01967a","all-forms-preview-021-0013","PROPOSED_HIGH_OPERATIONAL","OPERATIONAL_ASSURANCE","false","SOURCE_MAPPING_REQUIRED","NOT_ATTESTED","CANDIDATE_INTERPRETATION_REQUIRES_EXPERT_REVIEW","NOT_SUPPLIED"
"FSS-AGA-FORM-022","AGA 022.101","1","1","raw PDF page 1; AGA 022.101; Protocol question column","NAMCARs 139.08.16 | NAMCARs 139.08.21","Has there been any alterations to the aerodrome infrastructure and facilities?","sha256:6d43cd6320bda6ef869985d062f2574143cc7da70242c78442d048de380374b2","all-forms-preview-022-0001","PROPOSED_HIGH_OPERATIONAL","OPERATIONAL_ASSURANCE","false","SOURCE_MAPPING_REQUIRED","NOT_ATTESTED","CANDIDATE_INTERPRETATION_REQUIRES_EXPERT_REVIEW","NOT_SUPPLIED"
"FSS-AGA-FORM-022","AGA 022.103","2","1","raw PDF page 1; AGA 022.103; Protocol question column","NAMCARs 139.08.16 | NAMCARs 139.08.21 | NAMCARs 139.11.3","Has there been any workings on the aerodrome infrastructure and facilities?","sha256:be2b9aa77d3895925d82e45a574c5d282618585fc318f99855d517a77a5029d7","all-forms-preview-022-0002","PROPOSED_HIGH_OPERATIONAL","OPERATIONAL_ASSURANCE","false","SOURCE_MAPPING_REQUIRED","NOT_ATTESTED","CANDIDATE_INTERPRETATION_REQUIRES_EXPERT_REVIEW","NOT_SUPPLIED"
"FSS-AGA-FORM-022","AGA 022.105","3","1","raw PDF page 1; AGA 022.105; Protocol question column","NAMCARs 139.08.16 | NAMCARs 139.08.21 | NAMCARs 139.11.3","Has there been any obstructions on the aerodrome?","sha256:a9d526a2eb7f63f0869abdc9e2d883ff23b74cc3522e1dd718796a9a8bb943a1","all-forms-preview-022-0003","PROPOSED_HIGH_OPERATIONAL","OPERATIONAL_ASSURANCE","false","SOURCE_MAPPING_REQUIRED","NOT_ATTESTED","CANDIDATE_INTERPRETATION_REQUIRES_EXPERT_REVIEW","NOT_SUPPLIED"
"FSS-AGA-FORM-022","AGA 022.107","4","1","raw PDF page 1; AGA 022.107; Protocol question column","NAMCARs 139.08.16 | NAMCARs 139.08.21 | NAMCARs 139.11.3","Has there been any obstructions on the Obstacles Limitations Surfaces (OLS) outside the aerodrome?","sha256:e6ba94e2f2224a34bd848113f8c0ecda79b232465ed794e57e2789645de7d9d1","all-forms-preview-022-0004","PROPOSED_SAFETY_CRITICAL","AERODROME_OPERATIONAL_SAFETY","true","SOURCE_MAPPING_REQUIRED","NOT_ATTESTED","CANDIDATE_INTERPRETATION_REQUIRES_EXPERT_REVIEW","NOT_SUPPLIED"
"FSS-AGA-FORM-022","AGA 022.111","5","1","raw PDF page 1; AGA 022.111; Protocol question column","NAMCARs 139.08.16 | NAMCARs 139.08.21 | NAMCARs 139.11.3 | NAMCARs 139.08.1 | NAMCARs 139.09.2","Does the operator have a quality assurance system/procedure to collect and maintain aeronautical data?","sha256:310d6a36ea961c3afdc4bbebe7fe2097acbf0f739bd66b853f7c53ce6bb1c718","all-forms-preview-022-0005","PROPOSED_HIGH_OPERATIONAL","OPERATIONAL_ASSURANCE","false","SOURCE_MAPPING_REQUIRED","NOT_ATTESTED","CANDIDATE_INTERPRETATION_REQUIRES_EXPERT_REVIEW","NOT_SUPPLIED"
"FSS-AGA-FORM-022","AGA 022.113","6","2","raw PDF page 2; AGA 022.113; Protocol question column","NAMCARs 139.08.3 | NAMCARs 139.09.2","Are the persons listed in the data quality assurance familiar with their respective duties and responsibilities under the quality assurance system/procedure?","sha256:2d6b097771cd2e5ee713e55a8863488325926e1a53cc1cbabbf63fdc5665bb58","all-forms-preview-022-0006","PROPOSED_HIGH_OPERATIONAL","OPERATIONAL_ASSURANCE","false","SOURCE_MAPPING_REQUIRED","NOT_ATTESTED","CANDIDATE_INTERPRETATION_REQUIRES_EXPERT_REVIEW","NOT_SUPPLIED"
"FSS-AGA-FORM-022","AGA 022.115","7","2","raw PDF page 2; AGA 022.115; Protocol question column","NAMCARs 139.08.3 | NAMCARs 139.09.2 | NAMCARs 139.08.1","Are the geographical coordinates expressed in the WGS-84 reference system?","sha256:f3bbbdc50dc723ea21af266ef8908c60585cf3ac413390b5d10335410271c58c","all-forms-preview-022-0007","PROPOSED_HIGH_OPERATIONAL","OPERATIONAL_ASSURANCE","false","SOURCE_MAPPING_REQUIRED","NOT_ATTESTED","CANDIDATE_INTERPRETATION_REQUIRES_EXPERT_REVIEW","NOT_SUPPLIED"
"FSS-AGA-FORM-022","AGA 022.117","8","2","raw PDF page 2; AGA 022.117; Protocol question column","NAMCARs 139.08.1 | NAMCARs 139.09.2","Is the procedure for aeronautical data exchange established and implemented to ensure incorruptible data?","sha256:b1b18567fb483fa45a4995d3a1629cd29d94c476ccb97214b787b4ac1bf8ace4","all-forms-preview-022-0008","PROPOSED_HIGH_OPERATIONAL","OPERATIONAL_ASSURANCE","false","SOURCE_MAPPING_REQUIRED","NOT_ATTESTED","CANDIDATE_INTERPRETATION_REQUIRES_EXPERT_REVIEW","NOT_SUPPLIED"
"FSS-AGA-FORM-022","AGA 022.119","9","2","raw PDF page 2; AGA 022.119; Protocol question column","NAMCARs 139.08.1 | NAMCARs 139.09.2","Is the level of data quality in conformance with the one defined in the aeronautical data quality assurance system/procedure?","sha256:d9d9b9cead7bf3af9497b89353a80641b3612c7b43d6fbdb830db5eca8165a9f","all-forms-preview-022-0009","PROPOSED_HIGH_OPERATIONAL","OPERATIONAL_ASSURANCE","false","SOURCE_MAPPING_REQUIRED","NOT_ATTESTED","CANDIDATE_INTERPRETATION_REQUIRES_EXPERT_REVIEW","NOT_SUPPLIED"
"FSS-AGA-FORM-022","AGA 022.121","10","2","raw PDF page 2; AGA 022.121; Protocol question column","NAMCARs 139.08.1 | NAMCARs 139.09.2","Is the procedure for data error reporting, feedback, and rectification mechanisms established?","sha256:ba88adeadb1ec73d6172bc274aa6bf6d20dcf51922759e2b06f9b8dac20467f1","all-forms-preview-022-0010","PROPOSED_HIGH_OPERATIONAL","OPERATIONAL_ASSURANCE","false","SOURCE_MAPPING_REQUIRED","NOT_ATTESTED","CANDIDATE_INTERPRETATION_REQUIRES_EXPERT_REVIEW","NOT_SUPPLIED"
"FSS-AGA-FORM-022","AGA 022.123","11","3","raw PDF page 3; AGA 022.123; Protocol question column","NAMCARs 139.08.1 | NAMCARs 139.09.2","Is the procedure for recording findings implemented?","sha256:c2bfd853c312b9f8d15879580e23883a9e548377e14d18b8420f76015ccac12f","all-forms-preview-022-0011","PROPOSED_HIGH_OPERATIONAL","OPERATIONAL_ASSURANCE","false","SOURCE_MAPPING_REQUIRED","NOT_ATTESTED","CANDIDATE_INTERPRETATION_REQUIRES_EXPERT_REVIEW","NOT_SUPPLIED"
"FSS-AGA-FORM-022","AGA 022.125","12","3","raw PDF page 3; AGA 022.125; Protocol question column","NAMCARs 139.08.1 | NAMCARs 139.09.2","Is the procedure for communicating findings and feedback to management implemented?","sha256:189dbe32fde8dc0852f7c048ad910cad961fbe4530ec963f043c24230bfdf8f2","all-forms-preview-022-0012","PROPOSED_HIGH_OPERATIONAL","OPERATIONAL_ASSURANCE","false","SOURCE_MAPPING_REQUIRED","NOT_ATTESTED","CANDIDATE_INTERPRETATION_REQUIRES_EXPERT_REVIEW","NOT_SUPPLIED"
"FSS-AGA-FORM-022","AGA 022.127","13","3","raw PDF page 3; AGA 022.127; Protocol question column","NAMCARs 139.08.1 | NAMCARs 139.09.2","Are the procedures for rectifying data deficiencies implemented?","sha256:7bd7ac1075325d30a30a0264368131dbf267f39a561dd87d80e4b59fc7d152bc","all-forms-preview-022-0013","PROPOSED_HIGH_OPERATIONAL","OPERATIONAL_ASSURANCE","false","SOURCE_MAPPING_REQUIRED","NOT_ATTESTED","CANDIDATE_INTERPRETATION_REQUIRES_EXPERT_REVIEW","NOT_SUPPLIED"
"FSS-AGA-FORM-022","AGA 022.129","14","3","raw PDF page 3; AGA 022.129; Protocol question column","NAMCARs 139.08.1 | NAMCARs 139.09.2","Is the procedure for internal review of aeronautical data implemented?","sha256:01c50119c0d8b236b1fdd780cc1297b2c577e0a91a68b9a56b4d9c0e1fba3590","all-forms-preview-022-0014","PROPOSED_HIGH_OPERATIONAL","OPERATIONAL_ASSURANCE","false","SOURCE_MAPPING_REQUIRED","NOT_ATTESTED","CANDIDATE_INTERPRETATION_REQUIRES_EXPERT_REVIEW","NOT_SUPPLIED"
"FSS-AGA-FORM-022","AGA 022.131","15","3","raw PDF page 3; AGA 022.131; Protocol question column","NAMCARs 139.08.1 | NAMCARs 139.09.2","Are the procedures for aeronautical data management analysis and review established and implemented?","sha256:d425cd8e325d8a1a6d35806bd19b3df0e19f2d521dc0e8ded1b11dd1c34fa7dd","all-forms-preview-022-0015","PROPOSED_HIGH_OPERATIONAL","OPERATIONAL_ASSURANCE","false","SOURCE_MAPPING_REQUIRED","NOT_ATTESTED","CANDIDATE_INTERPRETATION_REQUIRES_EXPERT_REVIEW","NOT_SUPPLIED"
"FSS-AGA-FORM-022","AGA 022.133","16","4","raw PDF page 4; AGA 022.133; Protocol question column","NAMCARs 139.08.1 | NAMCARs 139.09.2","Are the procedures for documenting the complete aeronautical data review process from the inspection to satisfactory management review implemented?","sha256:a2af7044bcc874852b944724055256cafaafaae477a77e40e567da58a0070426","all-forms-preview-022-0016","PROPOSED_HIGH_OPERATIONAL","OPERATIONAL_ASSURANCE","false","SOURCE_MAPPING_REQUIRED","NOT_ATTESTED","CANDIDATE_INTERPRETATION_REQUIRES_EXPERT_REVIEW","NOT_SUPPLIED"
"FSS-AGA-FORM-022","AGA 022.135","17","4","raw PDF page 4; AGA 022.135; Protocol question column","NAMCARs 139.08.1 | NAMCARs 139.09.2","Is the training programme and individual plans on the aeronautical data quality assurance system/procedure established and implemented?","sha256:f5fa280d7d02f130a6deef4eaf1e51b8ad2bbd24bc3890c5910c9127d7133389","all-forms-preview-022-0017","PROPOSED_HIGH_OPERATIONAL","OPERATIONAL_ASSURANCE","false","SOURCE_MAPPING_REQUIRED","NOT_ATTESTED","CANDIDATE_INTERPRETATION_REQUIRES_EXPERT_REVIEW","NOT_SUPPLIED"
"FSS-AGA-FORM-022","AGA 022.137","18","4","raw PDF page 4; AGA 022.137; Protocol question column","NAMCARs 139.08.1 | NAMCARs 139.09.2","Is the promotion programme of the data quality assurance system/procedure established and implemented?","sha256:431fd6d642889ad9f477c089faa94f3112fa603b6b8b0d16f8d447d85ac9dda3","all-forms-preview-022-0018","PROPOSED_HIGH_OPERATIONAL","OPERATIONAL_ASSURANCE","false","SOURCE_MAPPING_REQUIRED","NOT_ATTESTED","CANDIDATE_INTERPRETATION_REQUIRES_EXPERT_REVIEW","NOT_SUPPLIED"
"FSS-AGA-FORM-023","AGA 023.101","1","1","raw PDF page 1; AGA 023.101; Protocol question column","NAMCARs 139.07.2 | NAMCATS 139.07.2","Does the certificate/license holder keep at least one complete and current copy of the aerodrome emergency planning?","sha256:4851fa58bec8aae4e61955b891eb5d986fdfd448b2fd28722f7d82e9cdd2a8ba","all-forms-preview-023-0001","PROPOSED_SAFETY_CRITICAL","AERODROME_OPERATIONAL_SAFETY","true","SOURCE_MAPPING_REQUIRED","NOT_ATTESTED","CANDIDATE_INTERPRETATION_REQUIRES_EXPERT_REVIEW","NOT_SUPPLIED"
"FSS-AGA-FORM-023","AGA 023.103","2","1","raw PDF page 1; AGA 023.103; Protocol question column","NAMCARs 139.07.2 | NAMCATS 139.07.2","Is the aerodrome emergency planning distributed in accordance with the approved procedure?","sha256:79cf81eeb4f977f033ab897b43cb17edccb6de36139dd08afa6c1f96e8375bf1","all-forms-preview-023-0002","PROPOSED_SAFETY_CRITICAL","AERODROME_OPERATIONAL_SAFETY","true","SOURCE_MAPPING_REQUIRED","NOT_ATTESTED","CANDIDATE_INTERPRETATION_REQUIRES_EXPERT_REVIEW","NOT_SUPPLIED"
"FSS-AGA-FORM-023","AGA 023.105","3","1","raw PDF page 1; AGA 023.105; Protocol question column","NAMCARs 139.07.2 | NAMCATS 139.07.2","Is the aerodrome emergency planning controlled in accordance with the approved procedure?","sha256:a8f6c413da8b119b8d1fffc6a2041b877acba52042b31b7bb53e14d9d513a849","all-forms-preview-023-0003","PROPOSED_SAFETY_CRITICAL","AERODROME_OPERATIONAL_SAFETY","true","SOURCE_MAPPING_REQUIRED","NOT_ATTESTED","CANDIDATE_INTERPRETATION_REQUIRES_EXPERT_REVIEW","NOT_SUPPLIED"
"FSS-AGA-FORM-023","AGA 023.107","4","1","raw PDF page 1; AGA 023.107; Protocol question column","NAMCARs 139.07.2 | NAMCATS 139.07.2","Is the aerodrome emergency planning amended in accordance with the approved procedure?","sha256:37d25c270d41b5351e37e7022fddc4b81825a7f63fbbe7167b2a1e873dcc125f","all-forms-preview-023-0004","PROPOSED_SAFETY_CRITICAL","AERODROME_OPERATIONAL_SAFETY","true","SOURCE_MAPPING_REQUIRED","NOT_ATTESTED","CANDIDATE_INTERPRETATION_REQUIRES_EXPERT_REVIEW","NOT_SUPPLIED"
"FSS-AGA-FORM-023","AGA 023.111","5","1","raw PDF page 1; AGA 023.111; Protocol question column","NAMCARs 139.07.2 | NAMCATS 139.07.2","Are applicable parts of the aerodrome emergency planning available to the personnel who require those parts to carry out their duties?","sha256:3a1851c973b173a1c26fd6c7d5fc0ad6ceaa13c6bf0cf43daa90aee6c24c8e0f","all-forms-preview-023-0005","PROPOSED_SAFETY_CRITICAL","AERODROME_OPERATIONAL_SAFETY","true","SOURCE_MAPPING_REQUIRED","NOT_ATTESTED","CANDIDATE_INTERPRETATION_REQUIRES_EXPERT_REVIEW","NOT_SUPPLIED"
"FSS-AGA-FORM-023","AGA 023.113","6","2","raw PDF page 2; AGA 023.113; Protocol question column","NAMCARs 139.07.2 | NAMCATS 139.07.2","Is the information provided in the organizational chart consistent with the existing reporting lines and responsibilities under the aerodrome emergency planning?","sha256:d5df371e9daa83cfed628fac2b9a204adb77d919098d40c0d113b9f40ee3c2dc","all-forms-preview-023-0006","PROPOSED_SAFETY_CRITICAL","AERODROME_OPERATIONAL_SAFETY","true","SOURCE_MAPPING_REQUIRED","NOT_ATTESTED","CANDIDATE_INTERPRETATION_REQUIRES_EXPERT_REVIEW","NOT_SUPPLIED"
"FSS-AGA-FORM-023","AGA 023.201","7","2","raw PDF page 2; AGA 023.201; Protocol question column","NAMCARs 139.07.2 | NAMCATS 139.07.2 | NAMCARs 139.16.2 | NAMCATS 139.16.2","Is the aerodrome emergency plan commensurate with the aircraft operations and other activities conducted at the aerodrome?","sha256:1f79c469ad9621d3563cb8b091468d78ce10c46a2f04c927cf148c1a72697c72","all-forms-preview-023-0007","PROPOSED_SAFETY_CRITICAL","AERODROME_OPERATIONAL_SAFETY","true","SOURCE_MAPPING_REQUIRED","NOT_ATTESTED","CANDIDATE_INTERPRETATION_REQUIRES_EXPERT_REVIEW","NOT_SUPPLIED"
"FSS-AGA-FORM-023","AGA 023.205","8","2","raw PDF page 2; AGA 023.205; Protocol question column","NAMCARs 139.16.2 | NAMCATS 139.16.2","Is the procedure for aerodrome emergency planning implemented to ensure that all participants are familiar with their allocated duties and responsibilities?","sha256:721b92f88af14bef0a5b0ebfba8cb725b4558d952844f2c20ba90e471c605926","all-forms-preview-023-0008","PROPOSED_SAFETY_CRITICAL","AERODROME_OPERATIONAL_SAFETY","true","SOURCE_MAPPING_REQUIRED","NOT_ATTESTED","CANDIDATE_INTERPRETATION_REQUIRES_EXPERT_REVIEW","NOT_SUPPLIED"
"FSS-AGA-FORM-023","AGA 023.207","9","2","raw PDF page 2; AGA 023.207; Protocol question column","NAMCARs 139.16.2 | NAMCATS 139.16.2","Is the human factors principles observed to ensure optimum response by all existing agencies participating in the emergency operations?","sha256:eb967e83ac5e7e90cd887761723db962f97d595c66a875e39b0caf97f47cd63d","all-forms-preview-023-0009","PROPOSED_SAFETY_CRITICAL","AERODROME_OPERATIONAL_SAFETY","true","SOURCE_MAPPING_REQUIRED","NOT_ATTESTED","CANDIDATE_INTERPRETATION_REQUIRES_EXPERT_REVIEW","NOT_SUPPLIED"
"FSS-AGA-FORM-023","AGA 023.301","10","2","raw PDF page 2; AGA 023.301; Protocol question column","NAMCARs 139.16.2 | NAMCATS 139.16.2","Is a fixed emergency operations centre and/or a mobile command post available for use during an emergency?","sha256:332820adf55db33b8a2c9d063cd8991e987ff814b957db24b89c0fd580e44d5f","all-forms-preview-023-0010","PROPOSED_SAFETY_CRITICAL","AERODROME_OPERATIONAL_SAFETY","true","SOURCE_MAPPING_REQUIRED","NOT_ATTESTED","CANDIDATE_INTERPRETATION_REQUIRES_EXPERT_REVIEW","NOT_SUPPLIED"
"FSS-AGA-FORM-023","AGA 023.303","11","3","raw PDF page 3; AGA 023.303; Protocol question column","NAMCARs 139.16.2 | NAMCATS 139.16.2","Are person(s) assigned to assume control of the emergency operations centre and the command post?","sha256:59ea7f14f231c7321d886312e49485ee1e57cc99bdc354453b0b3860966da8d4","all-forms-preview-023-0011","PROPOSED_SAFETY_CRITICAL","AERODROME_OPERATIONAL_SAFETY","true","SOURCE_MAPPING_REQUIRED","NOT_ATTESTED","CANDIDATE_INTERPRETATION_REQUIRES_EXPERT_REVIEW","NOT_SUPPLIED"
"FSS-AGA-FORM-023","AGA 023.400","12","3","raw PDF page 3; AGA 023.400; Protocol question column","NAMCARs 139.16.2 | NAMCATS 139.16.2","Are adequate communication systems provided in accordance with the emergency plan and consistent with the aerodrome requirements?","sha256:5f3eb1d7ca4e0684f7fed113d6d5956b7b6a926a54d7ef3db979d81930bf8721","all-forms-preview-023-0012","PROPOSED_SAFETY_CRITICAL","AERODROME_OPERATIONAL_SAFETY","true","SOURCE_MAPPING_REQUIRED","NOT_ATTESTED","CANDIDATE_INTERPRETATION_REQUIRES_EXPERT_REVIEW","NOT_SUPPLIED"
"FSS-AGA-FORM-023","AGA 023.501","13","3","raw PDF page 3; AGA 023.501; Protocol question column","NAMCARs 139.16.2 | NAMCATS 139.16.2","Is the procedure for periodic testing implemented to ensure timely review of the emergency plan in order to improve its effectiveness?","sha256:98c123cc26e6b9c1068c4e9431555fec74d1ae213e00e22ed0dfe68882154186","all-forms-preview-023-0013","PROPOSED_SAFETY_CRITICAL","AERODROME_OPERATIONAL_SAFETY","true","SOURCE_MAPPING_REQUIRED","NOT_ATTESTED","CANDIDATE_INTERPRETATION_REQUIRES_EXPERT_REVIEW","NOT_SUPPLIED"
"FSS-AGA-FORM-023","AGA 023.503","14","3","raw PDF page 3; AGA 023.503; Protocol question column","NAMCARs 139.16.2 | NAMCATS 139.16.2","Are full – scale emergency exercise conducted at least every two years?","sha256:28b0ba8c3148001952c7665432dea6f8e7c91c64091046c7847f73515c2ae060","all-forms-preview-023-0014","PROPOSED_SAFETY_CRITICAL","AERODROME_OPERATIONAL_SAFETY","true","SOURCE_MAPPING_REQUIRED","NOT_ATTESTED","CANDIDATE_INTERPRETATION_REQUIRES_EXPERT_REVIEW","NOT_SUPPLIED"
"FSS-AGA-FORM-023","AGA 023.505","15","3","raw PDF page 3; AGA 023.505; Protocol question column","NAMCARs 139.16.2 | NAMCATS 139.16.2","Are partial emergency exercise conducted in the intervening year after or before a full-scale emergency exercise?","sha256:83b987d60f30e639752d44d122453554b8e4ad97fae237937feed8d466738824","all-forms-preview-023-0015","PROPOSED_SAFETY_CRITICAL","AERODROME_OPERATIONAL_SAFETY","true","SOURCE_MAPPING_REQUIRED","NOT_ATTESTED","CANDIDATE_INTERPRETATION_REQUIRES_EXPERT_REVIEW","NOT_SUPPLIED"
"FSS-AGA-FORM-023","AGA 023.507","16","4","raw PDF page 4; AGA 023.507; Protocol question column","NAMCARs 139.16.2 | NAMCATS 139.16.2","Are tabletop exercises conducted in the intervening year after or before a full-scale emergency exercise within three years?","sha256:c21e1e7f5bedeb9681c724c4184eb6c480f91e65958265b99cb5dd31ea60d655","all-forms-preview-023-0016","PROPOSED_SAFETY_CRITICAL","AERODROME_OPERATIONAL_SAFETY","true","SOURCE_MAPPING_REQUIRED","NOT_ATTESTED","CANDIDATE_INTERPRETATION_REQUIRES_EXPERT_REVIEW","NOT_SUPPLIED"
"FSS-AGA-FORM-023","AGA 023.509","17","4","raw PDF page 4; AGA 023.509; Protocol question column","NAMCARs 139.16.2 | NAMCATS 139.16.2","Is the aerodrome emergency plan reviewed for effectiveness after each actual emergency?","sha256:aaa34ac91e5cb7a63a561e9fecff9b002ad87a44ada80834bdbe53d3e0896a02","all-forms-preview-023-0017","PROPOSED_SAFETY_CRITICAL","AERODROME_OPERATIONAL_SAFETY","true","SOURCE_MAPPING_REQUIRED","NOT_ATTESTED","CANDIDATE_INTERPRETATION_REQUIRES_EXPERT_REVIEW","NOT_SUPPLIED"
"FSS-AGA-FORM-023","AGA 023.511","18","4","raw PDF page 4; AGA 023.511; Protocol question column","NAMCARs 139.16.2 | NAMCATS 139.16.2 | NAMCATS 139.16","Are comprehensive written reports of emergency exercises submitted to the Executive Director?","sha256:e2c655387d47cd5999dd90fa5bddfc70cfc70bdf3d4d3133664a58cfec45fe58","all-forms-preview-023-0018","PROPOSED_SAFETY_CRITICAL","AERODROME_OPERATIONAL_SAFETY","true","SOURCE_MAPPING_REQUIRED","NOT_ATTESTED","CANDIDATE_INTERPRETATION_REQUIRES_EXPERT_REVIEW","NOT_SUPPLIED"
"FSS-AGA-FORM-023","AGA 023.601","19","4","raw PDF page 4; AGA 023.601; Protocol question column","NAMCARs 139.16.2 | NAMCATS 139.16.2","Is the procedure for testing of response in difficult terrain implemented ?","sha256:2a2732af0d6bff1dc88167b9ef84c1476ac46de0884cf685e864c66961773da3","all-forms-preview-023-0019","PROPOSED_SAFETY_CRITICAL","AERODROME_OPERATIONAL_SAFETY","true","SOURCE_MAPPING_REQUIRED","NOT_ATTESTED","CANDIDATE_INTERPRETATION_REQUIRES_EXPERT_REVIEW","NOT_SUPPLIED"
"FSS-AGA-FORM-023","AGA 023.602","20","4","raw PDF page 4; AGA 023.602; Protocol question column","NAMCARs 139.16.2 | NAMCATS 139.16.2","Does the aerodrome operator conduct periodic review of difficult terrain?","sha256:29011ed9b18af6dba345eb32f3d91e01995406a107c1e211ba54f2e3b403451e","all-forms-preview-023-0020","PROPOSED_SAFETY_CRITICAL","AERODROME_OPERATIONAL_SAFETY","true","SOURCE_MAPPING_REQUIRED","NOT_ATTESTED","CANDIDATE_INTERPRETATION_REQUIRES_EXPERT_REVIEW","NOT_SUPPLIED"
"FSS-AGA-FORM-024","AGA 024.101","1","1","raw PDF page 1; AGA 024.101; Protocol question column","NAMCARs 139.08.15 | NAMCATS 139.08.15","Does the certificate/license holder keep at least one complete and current copy of the environment management programme?","sha256:6dc11c1c9874dc0c5175e223b4ede0d0c3121e45acf3d13a014ca53422498535","all-forms-preview-024-0001","PROPOSED_HIGH_OPERATIONAL","OPERATIONAL_ASSURANCE","false","SOURCE_MAPPING_REQUIRED","NOT_ATTESTED","CANDIDATE_INTERPRETATION_REQUIRES_EXPERT_REVIEW","NOT_SUPPLIED"
"FSS-AGA-FORM-024","AGA 024.103","2","1","raw PDF page 1; AGA 024.103; Protocol question column","NAMCARs 139.08.15 | NAMCATS 139.08.15","Is the environment management programme distributed in accordance with the approved procedure?","sha256:bd36966f7237a184e9c3c32704f0711654ee48ae468d904f9848ac8a299e5e72","all-forms-preview-024-0002","PROPOSED_HIGH_OPERATIONAL","OPERATIONAL_ASSURANCE","false","SOURCE_MAPPING_REQUIRED","NOT_ATTESTED","CANDIDATE_INTERPRETATION_REQUIRES_EXPERT_REVIEW","NOT_SUPPLIED"
"FSS-AGA-FORM-024","AGA 024.105","3","1","raw PDF page 1; AGA 024.105; Protocol question column","NAMCARs 139.08.15 | NAMCATS 139.08.15 | NAMCATS 139.08","Is the environment management programme controlled in accordance with the approved procedure?","sha256:748b0225be67ab6b1cd80f537e5ce3e0ce2f9772fe8bdd97d94eaec20dc76b43","all-forms-preview-024-0003","PROPOSED_HIGH_OPERATIONAL","OPERATIONAL_ASSURANCE","false","SOURCE_MAPPING_REQUIRED","NOT_ATTESTED","CANDIDATE_INTERPRETATION_REQUIRES_EXPERT_REVIEW","NOT_SUPPLIED"
"FSS-AGA-FORM-024","AGA 024.107","4","1","raw PDF page 1; AGA 024.107; Protocol question column","NAMCARs 139.08.15 | NAMCATS 139.08.15 | NAMCARs 139.0","Is the environment management system amended in accordance with the approved procedure?","sha256:30271c4e7c23b54acd1488a426ddaff868060272e3d665a570617af307c3a7b7","all-forms-preview-024-0004","PROPOSED_HIGH_OPERATIONAL","OPERATIONAL_ASSURANCE","false","SOURCE_MAPPING_REQUIRED","NOT_ATTESTED","CANDIDATE_INTERPRETATION_REQUIRES_EXPERT_REVIEW","NOT_SUPPLIED"
"FSS-AGA-FORM-024","AGA 024.109","5","1","raw PDF page 1; AGA 024.109; Protocol question column","NAMCARs 139.08.15 | NAMCATS 139.08.15","Are applicable parts of the environment management programme available to Yes No N/A Sample categories of personnel Verify availability of the parts of the manual they require to carry Satisfactory Not satisfactory Name of Applicant: Yes/ Satisfactory Aerodrome: Yes/ Not Satisfactory Date of initial review: No/ Not Satisfactory Names and titles of inspectors/designated officers: Not Applicable Total Protocol Questions Regulatory ref. Protocol question Reply Guidance for review of protocol question Status of implementation Evidence/ Notes/Co mments Yes/Sat: Yes/Not Sat: No/Not Sat: N/A: FSS–AGA–FORM 024 31 March 2023 2 of 4 those personnel who require those parts to carry out their duties?","sha256:69ca5d0b5b2d7850045176a78c415ef07dcc0b5875b46048332bfda47bd016ff","all-forms-preview-024-0005","PROPOSED_HIGH_OPERATIONAL","OPERATIONAL_ASSURANCE","false","SOURCE_MAPPING_REQUIRED","NOT_ATTESTED","CANDIDATE_INTERPRETATION_REQUIRES_EXPERT_REVIEW","NOT_SUPPLIED"
"FSS-AGA-FORM-024","AGA 024.111","6","2","raw PDF page 2; AGA 024.111; Protocol question column","NAMCARs 139.08.15 | NAMCATS 139.08.15","Is the information provided in the organizational chart consistent with the existing reporting lines and responsibilities under the environment management programme?","sha256:d5833bf89c0d5d4399dcd22c2571cc6e3a90ae8a2049ff48824b9f072516905b","all-forms-preview-024-0006","PROPOSED_HIGH_OPERATIONAL","OPERATIONAL_ASSURANCE","false","SOURCE_MAPPING_REQUIRED","NOT_ATTESTED","CANDIDATE_INTERPRETATION_REQUIRES_EXPERT_REVIEW","NOT_SUPPLIED"
"FSS-AGA-FORM-024","AGA 024.113","7","2","raw PDF page 2; AGA 024.113; Protocol question column","NAMCARs 139.08.15 | NAMCATS 139.08.15","Are environmental management meeting(s) conducted periodically to indicate identify all environmental issues and mitigating measures to rectify thereof?","sha256:d81dd9157f05b79a0caa09840bb05c9de9fdcd3ff5655e2f69a86b3887689d66","all-forms-preview-024-0007","PROPOSED_HIGH_OPERATIONAL","OPERATIONAL_ASSURANCE","false","SOURCE_MAPPING_REQUIRED","NOT_ATTESTED","CANDIDATE_INTERPRETATION_REQUIRES_EXPERT_REVIEW","NOT_SUPPLIED"
"FSS-AGA-FORM-024","AGA 024.201","8","2","raw PDF page 2; AGA 024.201; Protocol question column","NAMCARs 139.08.15 | NAMCATS 139.08.15 | NAMCARs 139.16.5 | NAMCATS 139.16.5","Is there a procedure/programme in place for the assessment, monitoring, recording, and reporting of the bird and wildlife strike hazard on, or in the vicinity of (name of aerodrome)?","sha256:1b26811cf1647a7e3bc89b6d8e80387749dba3f075ee634648c5a91590c4d1bb","all-forms-preview-024-0008","PROPOSED_SAFETY_CRITICAL","AERODROME_OPERATIONAL_SAFETY","true","SOURCE_MAPPING_REQUIRED","NOT_ATTESTED","CANDIDATE_INTERPRETATION_REQUIRES_EXPERT_REVIEW","NOT_SUPPLIED"
"FSS-AGA-FORM-024","AGA 024.203","9","3","raw PDF page 3; AGA 024.203; Protocol question column","NAMCARs 139.16.5 | NAMCATS 139.16.5 | NAMCARs 139.08.15","Is there a procedure in place to periodical review the bird and wildlife hazard assessment?","sha256:d7de635c66d86b03c942fa80802ad4cb0ee288cc0f9c7976885bdb6bef1df71e","all-forms-preview-024-0009","PROPOSED_SAFETY_CRITICAL","AERODROME_OPERATIONAL_SAFETY","true","SOURCE_MAPPING_REQUIRED","NOT_ATTESTED","CANDIDATE_INTERPRETATION_REQUIRES_EXPERT_REVIEW","NOT_SUPPLIED"
"FSS-AGA-FORM-024","AGA 024.205","10","3","raw PDF page 3; AGA 024.205; Protocol question column","NAMCARs 139.16.5 | NAMCATS 139.16.5 | NAMCARs 139.08.15 | NAMCATS 139.08.15","Are the personnel responsible for monitoring the bird and wildlife on or in the vicinity of the (name of aerodrome) suitably trained?","sha256:190227f1bf037f5c94e959f23a196f633cd845b91449d2537d2e32380da6ada0","all-forms-preview-024-0010","PROPOSED_SAFETY_CRITICAL","AERODROME_OPERATIONAL_SAFETY","true","SOURCE_MAPPING_REQUIRED","NOT_ATTESTED","CANDIDATE_INTERPRETATION_REQUIRES_EXPERT_REVIEW","NOT_SUPPLIED"
"FSS-AGA-FORM-024","AGA 024.207","11","3","raw PDF page 3; AGA 024.207; Protocol question column","NAMCARs 139.16.5 | NAMCATS 139.16.5 | NAMCARs 139.08.15 | NAMCATS 139.08.15","Is there an awareness/promotion programme in place to sensitize personnel on the wildlife hazard?","sha256:16c2e039da24502e67bf86bba20f299af589e310f4e446d6670016f162310ff4","all-forms-preview-024-0011","PROPOSED_SAFETY_CRITICAL","AERODROME_OPERATIONAL_SAFETY","true","SOURCE_MAPPING_REQUIRED","NOT_ATTESTED","CANDIDATE_INTERPRETATION_REQUIRES_EXPERT_REVIEW","NOT_SUPPLIED"
"FSS-AGA-FORM-024","AGA 024.209","12","3","raw PDF page 3; AGA 024.209; Protocol question column","NAMCARs 139.08.15 | NAMCATS 139.08.15","Are bird and wildlife strike reports submitted to the Executive Director?","sha256:32677859d550142b83860c7e1b129f8fae727987d208e09f11b7d6d25272c447","all-forms-preview-024-0012","PROPOSED_SAFETY_CRITICAL","AERODROME_OPERATIONAL_SAFETY","true","SOURCE_MAPPING_REQUIRED","NOT_ATTESTED","CANDIDATE_INTERPRETATION_REQUIRES_EXPERT_REVIEW","NOT_SUPPLIED"
"FSS-AGA-FORM-024","AGA 024.211","13","3","raw PDF page 3; AGA 024.211; Protocol question column","NAMCARs 139.08.15 | NAMCATS 139.08.15","Is the bird and wildlife hazard reviewed for effectiveness after each incident?","sha256:4db1bea842ab0831aae270f01a5fed7aec9be4737682373a7df98e095639de31","all-forms-preview-024-0013","PROPOSED_SAFETY_CRITICAL","AERODROME_OPERATIONAL_SAFETY","true","SOURCE_MAPPING_REQUIRED","NOT_ATTESTED","CANDIDATE_INTERPRETATION_REQUIRES_EXPERT_REVIEW","NOT_SUPPLIED"
"FSS-AGA-FORM-024","AGA 024.213","14","3","raw PDF page 3; AGA 024.213; Protocol question column","NAMCARs 139.08.15 | NAMCATS 139.08.15","Are the bird and wildlife control measures reviewed for effectiveness after each actual strike?","sha256:d4590804348f10b0bc4e0384bd553b539431cb1c31588d8a41c8d907f36e2760","all-forms-preview-024-0014","PROPOSED_SAFETY_CRITICAL","AERODROME_OPERATIONAL_SAFETY","true","SOURCE_MAPPING_REQUIRED","NOT_ATTESTED","CANDIDATE_INTERPRETATION_REQUIRES_EXPERT_REVIEW","NOT_SUPPLIED"
"FSS-AGA-FORM-024","AGA 024.215","15","3","raw PDF page 3; AGA 024.215; Protocol question column","NAMCARs 139.08.15 | NAMCATS 139.08.15","Are the bird and wildlife control measures tested for effectiveness to minimise the likelihood of collisions between wildlife and aircraft?","sha256:de0057a7464da01d94bd31fe6f58cfbc104698b6267774abcd95108fd11a302e","all-forms-preview-024-0015","PROPOSED_SAFETY_CRITICAL","AERODROME_OPERATIONAL_SAFETY","true","SOURCE_MAPPING_REQUIRED","NOT_ATTESTED","CANDIDATE_INTERPRETATION_REQUIRES_EXPERT_REVIEW","NOT_SUPPLIED"
"FSS-AGA-FORM-024","AGA 024.217","16","3","raw PDF page 3; AGA 024.217; Protocol question column","NAMCARs 139.08.15 | NAMCATS 139.08.15","Are the presence of birds and wildlife that have been assessed as constituting an ongoing hazard to Yes No N/A Check written records notifying the AIS on ongoing birds and wildlife hazard Check appropriate Satisfactory Not satisfactory Regulatory ref. Protocol question Reply Guidance for review of protocol question Status of implementation Evidence/ Notes/Co mments Yes/Sat: Yes/Not Sat: No/Not Sat: N/A: FSS–AGA–FORM 024 31 March 2023 4 of 4 aircraft published?","sha256:557553668b2d983e7193cf5a8b07502c20b10fa60d5de9da2b8b4481625412f4","all-forms-preview-024-0016","PROPOSED_SAFETY_CRITICAL","AERODROME_OPERATIONAL_SAFETY","true","SOURCE_MAPPING_REQUIRED","NOT_ATTESTED","CANDIDATE_INTERPRETATION_REQUIRES_EXPERT_REVIEW","NOT_SUPPLIED"
"FSS-AGA-FORM-024","AGA 024.219","17","4","raw PDF page 4; AGA 024.219; Protocol question column","NAMCARs 139.08.15 | NAMCATS 139.08.15","Is the land development(s) in the vicinity of the (name of aerodrome) that may attract birds and wildlife taken into consideration?","sha256:775b1b58df9e19b21332bc078485fa6136ff301f462ed7356f898f132d730bf8","all-forms-preview-024-0017","PROPOSED_SAFETY_CRITICAL","AERODROME_OPERATIONAL_SAFETY","true","SOURCE_MAPPING_REQUIRED","NOT_ATTESTED","CANDIDATE_INTERPRETATION_REQUIRES_EXPERT_REVIEW","NOT_SUPPLIED"
"FSS-AGA-FORM-027","AGA 027.101","1","1","raw PDF page 1; AGA 027.101; Protocol question column","NAMCARs 139.02.4","Is the application submitted in the form prescribed in NAMCATS-AH?","sha256:d57bf16d5e62216f0105ea3b4a0fbb5f76dee89c0f2fb0eb0d66abfedb5734fd","all-forms-preview-027-0001","PROPOSED_CONTROL_ASSURANCE","GOVERNANCE_AND_RECORDS","false","SOURCE_MAPPING_REQUIRED","NOT_ATTESTED","CANDIDATE_INTERPRETATION_REQUIRES_EXPERT_REVIEW","NOT_SUPPLIED"
"FSS-AGA-FORM-027","AGA 027.103","2","1","raw PDF page 1; AGA 027.103; Protocol question column","NAMCARs 139.02.4","Does the form specify the type of application (issuance of an aerodrome certificate/license, amendment of aerodrome certificate/license, renewal of an aerodrome certificate/license, or issuance of certificate of intent)?","sha256:f58b610118b7824364c2074fc3937055a551f841cb9642bde57a23a5a0b3d0f3","all-forms-preview-027-0002","PROPOSED_HIGH_OPERATIONAL","OPERATIONAL_ASSURANCE","false","SOURCE_MAPPING_REQUIRED","NOT_ATTESTED","CANDIDATE_INTERPRETATION_REQUIRES_EXPERT_REVIEW","NOT_SUPPLIED"
"FSS-AGA-FORM-027","AGA 027.105","3","1","raw PDF page 1; AGA 027.105; Protocol question column","NAMCARs 139.02.4","Is the full name of the applicant provided?","sha256:674f8ebdbb9043ef0a36adf6cac768a021d91455976d633d898d0df677c3c775","all-forms-preview-027-0003","PROPOSED_CONTROL_ASSURANCE","GOVERNANCE_AND_RECORDS","false","SOURCE_MAPPING_REQUIRED","NOT_ATTESTED","CANDIDATE_INTERPRETATION_REQUIRES_EXPERT_REVIEW","NOT_SUPPLIED"
"FSS-AGA-FORM-027","AGA 027.107","4","1","raw PDF page 1; AGA 027.107; Protocol question column","NAMCARs 139.02.4","Is the trade name of the applicant provided?","sha256:1975b07cbd126c7a1b15bdcb0481a923039aed8d50efc047d306267dbd551d9c","all-forms-preview-027-0004","PROPOSED_CONTROL_ASSURANCE","GOVERNANCE_AND_RECORDS","false","SOURCE_MAPPING_REQUIRED","NOT_ATTESTED","CANDIDATE_INTERPRETATION_REQUIRES_EXPERT_REVIEW","NOT_SUPPLIED"
"FSS-AGA-FORM-027","AGA 027.111","5","2","raw PDF page 2; AGA 027.111; Protocol question column","NAMCARs 139.02.4","Are all contact details of the applicant provided?","sha256:16498546cc571cc772d4b99f1d42bc6b11bf001c912305b134d1cbe8f8efa5d9","all-forms-preview-027-0005","PROPOSED_CONTROL_ASSURANCE","GOVERNANCE_AND_RECORDS","false","SOURCE_MAPPING_REQUIRED","NOT_ATTESTED","CANDIDATE_INTERPRETATION_REQUIRES_EXPERT_REVIEW","NOT_SUPPLIED"
"FSS-AGA-FORM-027","AGA 027.113","6","2","raw PDF page 2; AGA 027.113; Protocol question column","NAMCARs 139.02.4","Are all legal information of the applicant provided?","sha256:e4972a1f7e7489a353bd30cbb9735a3cf4b7f54373527aab80b5690d0417a6d9","all-forms-preview-027-0006","PROPOSED_CONTROL_ASSURANCE","GOVERNANCE_AND_RECORDS","false","SOURCE_MAPPING_REQUIRED","NOT_ATTESTED","CANDIDATE_INTERPRETATION_REQUIRES_EXPERT_REVIEW","NOT_SUPPLIED"
"FSS-AGA-FORM-027","AGA 027.115","7","2","raw PDF page 2; AGA 027.115; Protocol question column","NAMCARs 139.02.4","Is the particulars of the owner/s of the aerodrome site provided?","sha256:ddc722c9bfe4cf53ec7072e3f4d8016c3b545afb166e5998dcc1604b5ccfad36","all-forms-preview-027-0007","PROPOSED_CONTROL_ASSURANCE","GOVERNANCE_AND_RECORDS","false","SOURCE_MAPPING_REQUIRED","NOT_ATTESTED","CANDIDATE_INTERPRETATION_REQUIRES_EXPERT_REVIEW","NOT_SUPPLIED"
"FSS-AGA-FORM-027","AGA 027.117","8","2","raw PDF page 2; AGA 027.117; Protocol question column","NAMCARs 139.02.4 | NAMCARs 139.03.7","Is the particulars of the aerodrome site provided?","sha256:756bc1adce73179e6a0fa0b82254a63ed34d227b8f659066d16f62423a60f99c","all-forms-preview-027-0008","PROPOSED_CONTROL_ASSURANCE","GOVERNANCE_AND_RECORDS","false","SOURCE_MAPPING_REQUIRED","NOT_ATTESTED","CANDIDATE_INTERPRETATION_REQUIRES_EXPERT_REVIEW","NOT_SUPPLIED"
"FSS-AGA-FORM-027","AGA 027.119","9","2","raw PDF page 2; AGA 027.119; Protocol question column","NAMCARs 139.02.4 | NAMCARs 139.03.7","Is the Certificate/Licence number and expiry date provided for renewal and/or amendment of Certificate/License provided?","sha256:0bf5626d776efcde17e4b5aebb4ecff19ea29699105d6964e0e3e53ed665622d","all-forms-preview-027-0009","PROPOSED_HIGH_OPERATIONAL","OPERATIONAL_ASSURANCE","false","SOURCE_MAPPING_REQUIRED","NOT_ATTESTED","CANDIDATE_INTERPRETATION_REQUIRES_EXPERT_REVIEW","NOT_SUPPLIED"
"FSS-AGA-FORM-027","AGA 027.123","10","2","raw PDF page 2; AGA 027.123; Protocol question column","NAMCARs 139.02.4 | NAMCARs 139.03.7","Is the Aerodrome Category provided?","sha256:8d0ff0ae5b70cafef39c1f71ba69cc9d89c8a6013e19a61e0885f26213a30efe","all-forms-preview-027-0010","PROPOSED_CONTROL_ASSURANCE","GOVERNANCE_AND_RECORDS","false","SOURCE_MAPPING_REQUIRED","NOT_ATTESTED","CANDIDATE_INTERPRETATION_REQUIRES_EXPERT_REVIEW","NOT_SUPPLIED"
"FSS-AGA-FORM-027","AGA 027.125","11","2","raw PDF page 2; AGA 027.125; Protocol question column","NAMCARs 139.03.7 | NAMCARs 139.02.4","Is the critical aircraft or largest aircraft intended to be served provided?","sha256:648d8d4610d227faedfa78afc329667b52ba22af26439576f275b9c2c4e2c48d","all-forms-preview-027-0011","PROPOSED_SAFETY_CRITICAL","AERODROME_OPERATIONAL_SAFETY","true","SOURCE_MAPPING_REQUIRED","NOT_ATTESTED","CANDIDATE_INTERPRETATION_REQUIRES_EXPERT_REVIEW","NOT_SUPPLIED"
"FSS-AGA-FORM-027","AGA 027.127","12","2","raw PDF page 2; AGA 027.127; Protocol question column","NAMCARs 139.02.4 | NAMCARs 139.03.4","Is the Non- compliance and deviation of the aerodrome design, operations, maintenance, and airspace classification provided, if applicable?","sha256:59b95267c3b534a8a641824e8c7351d84a56a8bc7c9e599bb1e8568a80d7407b","all-forms-preview-027-0012","PROPOSED_HIGH_OPERATIONAL","OPERATIONAL_ASSURANCE","false","SOURCE_MAPPING_REQUIRED","NOT_ATTESTED","CANDIDATE_INTERPRETATION_REQUIRES_EXPERT_REVIEW","NOT_SUPPLIED"
"FSS-AGA-FORM-027","AGA 027.201","13","2","raw PDF page 2; AGA 027.201; Protocol question column","NAMCARs 139.02.4 | NAMCARs 139.03.4","Is the aerodrome manual submitted?","sha256:7ec1463004a3581193c10be3fececcf8ab20c37be0631d6501022fa449c7627e","all-forms-preview-027-0013","PROPOSED_HIGH_OPERATIONAL","OPERATIONAL_ASSURANCE","false","SOURCE_MAPPING_REQUIRED","NOT_ATTESTED","CANDIDATE_INTERPRETATION_REQUIRES_EXPERT_REVIEW","NOT_SUPPLIED"
"FSS-AGA-FORM-027","AGA 027.205","14","3","raw PDF page 3; AGA 027.205; Protocol question column","NAMCARs 139.02.4 | NAMCARs 139.02.2 | NAMCARs 139.03.4","are the plans of the aerodromes provided?","sha256:14bfd2b6d7191918417e8332b9e8e01b9c6402df46f1294f85fff1a7b32e0662","all-forms-preview-027-0014","PROPOSED_CONTROL_ASSURANCE","GOVERNANCE_AND_RECORDS","false","SOURCE_MAPPING_REQUIRED","NOT_ATTESTED","CANDIDATE_INTERPRETATION_REQUIRES_EXPERT_REVIEW","NOT_SUPPLIED"
"FSS-AGA-FORM-027","AGA 027.207","15","3","raw PDF page 3; AGA 027.207; Protocol question column","NAMCARs 139.02.2 | NAMCARs 139.03.4","is the written approval of the local authority provided?","sha256:42e44e3fbb900d56868c59c256d2ab05422b80b67e8a022278ec27c29c6557b0","all-forms-preview-027-0015","PROPOSED_CONTROL_ASSURANCE","GOVERNANCE_AND_RECORDS","false","SOURCE_MAPPING_REQUIRED","NOT_ATTESTED","CANDIDATE_INTERPRETATION_REQUIRES_EXPERT_REVIEW","NOT_SUPPLIED"
"FSS-AGA-FORM-027","AGA 027.209","16","3","raw PDF page 3; AGA 027.209; Protocol question column","NAMCARs 139.03.4 | NAMCARs 139.02.4","is an environmental assessment provided?","sha256:88253db2a2a270bad5ffb1cccbbfb89372edc1a7d2313e99f1016ac5d19c244b","all-forms-preview-027-0016","PROPOSED_CONTROL_ASSURANCE","GOVERNANCE_AND_RECORDS","false","SOURCE_MAPPING_REQUIRED","NOT_ATTESTED","CANDIDATE_INTERPRETATION_REQUIRES_EXPERT_REVIEW","NOT_SUPPLIED"
"FSS-AGA-FORM-027","AGA 027.211","17","3","raw PDF page 3; AGA 027.211; Protocol question column","NAMCARs 139.02.4","is the written approval from all interested government institutions provided?","sha256:79801bd5e307c219afccdcdc1455f495e80e5304f316510161637ceeba80a4a5","all-forms-preview-027-0017","PROPOSED_CONTROL_ASSURANCE","GOVERNANCE_AND_RECORDS","false","SOURCE_MAPPING_REQUIRED","NOT_ATTESTED","CANDIDATE_INTERPRETATION_REQUIRES_EXPERT_REVIEW","NOT_SUPPLIED"
"FSS-AGA-FORM-027","AGA 027.213","18","3","raw PDF page 3; AGA 027.213; Protocol question column","NAMCARs 139.02.4","Is proof of adequate funding provided?","sha256:b3bcc386d9d8b5ba5ee06c5d21ecb0e924ee7f005cdfde38189f5d6f3c93a7a7","all-forms-preview-027-0018","PROPOSED_CONTROL_ASSURANCE","GOVERNANCE_AND_RECORDS","false","SOURCE_MAPPING_REQUIRED","NOT_ATTESTED","CANDIDATE_INTERPRETATION_REQUIRES_EXPERT_REVIEW","NOT_SUPPLIED"
"FSS-AGA-FORM-027","AGA 027.217","19","4","raw PDF page 4; AGA 027.217; Protocol question column","NAMCARs 139.02.4","Is the Deed of ownership provided?","sha256:1ae8d62346ad933af654f4a2f8a7a286a5b82ef330c36f14fda11c4a9d34daa1","all-forms-preview-027-0019","PROPOSED_CONTROL_ASSURANCE","GOVERNANCE_AND_RECORDS","false","SOURCE_MAPPING_REQUIRED","NOT_ATTESTED","CANDIDATE_INTERPRETATION_REQUIRES_EXPERT_REVIEW","NOT_SUPPLIED"
"FSS-AGA-FORM-027","AGA 027.219","20","4","raw PDF page 4; AGA 027.219; Protocol question column","NAMCARs 139.02.4 | NAMCARs 139.03.4","Is written permission from the owner of the aerodrome site provided?","sha256:ed5284b79484665c37fa97dbd584d2704290f68f6c5daebdd637e841a167f111","all-forms-preview-027-0020","PROPOSED_CONTROL_ASSURANCE","GOVERNANCE_AND_RECORDS","false","SOURCE_MAPPING_REQUIRED","NOT_ATTESTED","CANDIDATE_INTERPRETATION_REQUIRES_EXPERT_REVIEW","NOT_SUPPLIED"
"FSS-AGA-FORM-027","AGA 027.221","21","4","raw PDF page 4; AGA 027.221; Protocol question column","NAMCARs 139.02.4 | NAMCARs 139.03.4","are the particulars of non- compliance provided?","sha256:00bca23fe390b600c7f92021adc07582d2a25bf5d28b308305098675ff504279","all-forms-preview-027-0021","PROPOSED_CONTROL_ASSURANCE","GOVERNANCE_AND_RECORDS","false","SOURCE_MAPPING_REQUIRED","NOT_ATTESTED","CANDIDATE_INTERPRETATION_REQUIRES_EXPERT_REVIEW","NOT_SUPPLIED"
"FSS-AGA-FORM-027","AGA 027.223","22","4","raw PDF page 4; AGA 027.223; Protocol question column","NAMCARs 139.02.4 | NAMCARs 139.03.4 | NAMCARs 139.03.7 | NAMCARs 139.03.8","Is the proof of payment of the application fee attached?","sha256:0f0e3cf410e72d985f7bfc6acd9b511e778325401e0584979ae93e3cda64aff3","all-forms-preview-027-0022","PROPOSED_CONTROL_ASSURANCE","GOVERNANCE_AND_RECORDS","false","SOURCE_MAPPING_REQUIRED","NOT_ATTESTED","CANDIDATE_INTERPRETATION_REQUIRES_EXPERT_REVIEW","NOT_SUPPLIED"
"FSS-AGA-FORM-027","AGA 027.301","23","4","raw PDF page 4; AGA 027.301; Protocol question column","NAMCARs 139.02.4 | NAMCARs 139.03.4 | NAMCARs 139.03.7 | NAMCARs 139.03.8 | NAMCARs 139.04.4 | NAMCARs 139.04.7 | NAMCARs 139.04.8","Is the form duly signed and dated?","sha256:defffb813785a2a871f5a2ae0f448027ea308ab4f00077a8bfd7e4b0bbd901d3","all-forms-preview-027-0023","PROPOSED_CONTROL_ASSURANCE","GOVERNANCE_AND_RECORDS","false","SOURCE_MAPPING_REQUIRED","NOT_ATTESTED","CANDIDATE_INTERPRETATION_REQUIRES_EXPERT_REVIEW","NOT_SUPPLIED"
"FSS-AGA-FORM-028","AGA 028.101","1","1","raw PDF page 1; AGA 028.101; Protocol question column","NAMCARs 139.02.4 | NAMCARs 139.03.4","Does the flight operations assessment confirm that the operation of an aerodrome at the proposed location will not jeopardize aviation safety?","sha256:50575839883365286513fc6d9c59671267fe50e43c1d9bfec41350ba1ba1ef8a","all-forms-preview-028-0001","PROPOSED_HIGH_OPERATIONAL","OPERATIONAL_ASSURANCE","false","SOURCE_MAPPING_REQUIRED","NOT_ATTESTED","CANDIDATE_INTERPRETATION_REQUIRES_EXPERT_REVIEW","NOT_SUPPLIED"
"FSS-AGA-FORM-028","AGA 028.103","2","1","raw PDF page 1; AGA 028.103; Protocol question column","NAMCARs 139.02.4 | NAMCARs 139.03.4","Does the assessment of the organization confirm that the applicant and his/her staff have the necessary competence and experience to operate and maintain the aerodrome properly?","sha256:06ebac22427c84451faa22be078c00e3e96b705fde45cf44bccf703c136af1c0","all-forms-preview-028-0002","PROPOSED_HIGH_OPERATIONAL","OPERATIONAL_ASSURANCE","false","SOURCE_MAPPING_REQUIRED","NOT_ATTESTED","CANDIDATE_INTERPRETATION_REQUIRES_EXPERT_REVIEW","NOT_SUPPLIED"
"FSS-AGA-FORM-028","AGA 028.105","3","1","raw PDF page 1; AGA 028.105; Protocol question column","NAMCARs 139.03.4","Does the evaluation of the aerodrome manual confirm that the aerodrome manual prepared for the applicant’s aerodrome and submitted with the application contains all the relevant information?","sha256:8bbffe9ddcc4d4fdbc30c155ae5c3999f7134166bccebeb7a96351c3c5cf4e88","all-forms-preview-028-0003","PROPOSED_HIGH_OPERATIONAL","OPERATIONAL_ASSURANCE","false","SOURCE_MAPPING_REQUIRED","NOT_ATTESTED","CANDIDATE_INTERPRETATION_REQUIRES_EXPERT_REVIEW","NOT_SUPPLIED"
"FSS-AGA-FORM-028","AGA 028.107","4","1","raw PDF page 1; AGA 028.107; Protocol question column","NAMCARs 139.03.4","Does the inspection of the aerodrome facilities and equipment confirm that Yes No Check results of the review of the inspections of the aerodrome facilities Satisfactory Not satisfactory Name of Applicant: Yes/ Satisfactory Aerodrome: Yes/ Not Satisfactory Date of initial review: No/ Not Satisfactory Names and titles of inspectors/designated officers: Not Applicable Total Protocol Questions NAM ref. Protocol question Reply Guidance for review of protocol question Status of implementation Evidence/Not es/Comments Yes/Sat: Yes/Not Sat: No/Not Sat: N/A: FSS–AGA–FORM -028 31 March 2023 2 of 2 NAMCATS-AH 139.03.4 the aerodrome facilities, services and equipment are in accordance with the standards and practices specified in Namibia regulations?","sha256:f536d4d5faae2b710c5ce16554faeb9f4e2748c792cb0a002d91b7354204bfd2","all-forms-preview-028-0004","PROPOSED_HIGH_OPERATIONAL","OPERATIONAL_ASSURANCE","false","SOURCE_MAPPING_REQUIRED","NOT_ATTESTED","CANDIDATE_INTERPRETATION_REQUIRES_EXPERT_REVIEW","NOT_SUPPLIED"
"FSS-AGA-FORM-028","AGA 028.109","5","2","raw PDF page 2; AGA 028.109; Protocol question column","NAMCARs 139.03.4","Does the aerodrome operating procedures make satisfactory provision for the safety of aircraft, control and supervision of the operations and maintenance of the aerodrome?","sha256:063ed2d61369712ed9dfda6435394e84a3e62962799447e3e30d7ab42ecfc991","all-forms-preview-028-0005","PROPOSED_SAFETY_CRITICAL","AERODROME_OPERATIONAL_SAFETY","true","SOURCE_MAPPING_REQUIRED","NOT_ATTESTED","CANDIDATE_INTERPRETATION_REQUIRES_EXPERT_REVIEW","NOT_SUPPLIED"
"FSS-AGA-FORM-028","AGA 028.110","6","2","raw PDF page 2; AGA 028.110; Protocol question column","NAMCARs 139.03.4","Has the applicant established an acceptable safety management system for the safety of aircraft, control and supervision of the operations and maintenance of the aerodrome?","sha256:a45157aef0237e5cbb5738cc490d3aa135d1729cebad4132f98c2af97c772cf3","all-forms-preview-028-0006","PROPOSED_SAFETY_CRITICAL","AERODROME_OPERATIONAL_SAFETY","true","SOURCE_MAPPING_REQUIRED","NOT_ATTESTED","CANDIDATE_INTERPRETATION_REQUIRES_EXPERT_REVIEW","NOT_SUPPLIED"
"FSS-AGA-FORM-028","AGA 028.111","7","2","raw PDF page 2; AGA 028.111; Protocol question column","NAMCARs 139.03.4","Does the established quality management system make satisfactory provision for the safety of aircraft, control and supervision of the operations and maintenance of the aerodrome?","sha256:cc99e9a26ef7d6fa0ec48586bf7dd9867fdb049219b57f521d91f28969079302","all-forms-preview-028-0007","PROPOSED_SAFETY_CRITICAL","AERODROME_OPERATIONAL_SAFETY","true","SOURCE_MAPPING_REQUIRED","NOT_ATTESTED","CANDIDATE_INTERPRETATION_REQUIRES_EXPERT_REVIEW","NOT_SUPPLIED"
"FSS-AGA-FORM-028","AGA 028.113","8","2","raw PDF page 2; AGA 028.113; Protocol question column","NAMCARs 139.03.4","Does the aerodrome operator comply with the aerodrome security requirements?","sha256:1e3b776f7e524a343cae8931153baa80835f9e689377b92bb9df2d92beec0849","all-forms-preview-028-0008","PROPOSED_HIGH_OPERATIONAL","OPERATIONAL_ASSURANCE","false","SOURCE_MAPPING_REQUIRED","NOT_ATTESTED","CANDIDATE_INTERPRETATION_REQUIRES_EXPERT_REVIEW","NOT_SUPPLIED"
"FSS-AGA-FORM-030","AGA 030.101","1","1","raw PDF page 1; AGA 030.101; Protocol question column","NAMCARs 139.13.2","Are vehicles and other mobile objects, excluding aircraft, on the movement area of an aerodrome marked?","sha256:834fe66aa28ee5201ef8fac7c26d82dab76c36c29b0c150089e90025749557e1","all-forms-preview-030-0001","PROPOSED_SAFETY_CRITICAL","AERODROME_OPERATIONAL_SAFETY","true","SOURCE_MAPPING_REQUIRED","NOT_ATTESTED","CANDIDATE_INTERPRETATION_REQUIRES_EXPERT_REVIEW","NOT_SUPPLIED"
"FSS-AGA-FORM-030","AGA 030.103","2","1","raw PDF page 1; AGA 030.103; Protocol question column","NAMCARs 139.13.2 | NAMCARs 139.1","Are elevated aeronautical ground lights within the movement area marked so as to be conspicuous by day?","sha256:43249355b5daf5b16ea6f879b172c95224a5a816ec1b13cb8991d1d6a8de1eef","all-forms-preview-030-0002","PROPOSED_SAFETY_CRITICAL","AERODROME_OPERATIONAL_SAFETY","true","SOURCE_MAPPING_REQUIRED","NOT_ATTESTED","CANDIDATE_INTERPRETATION_REQUIRES_EXPERT_REVIEW","NOT_SUPPLIED"
"FSS-AGA-FORM-030","AGA 030.105","3","1","raw PDF page 1; AGA 030.105; Protocol question column","NAMCARs 139.13.2","Are obstacle lights installed on elevated ground lights or signs in the movement area?","sha256:a91aca9479d0856294c909b1f4218e83e6cce0bcd100ef9dd65e19eaf76f7f0d","all-forms-preview-030-0003","PROPOSED_SAFETY_CRITICAL","AERODROME_OPERATIONAL_SAFETY","true","SOURCE_MAPPING_REQUIRED","NOT_ATTESTED","CANDIDATE_INTERPRETATION_REQUIRES_EXPERT_REVIEW","NOT_SUPPLIED"
"FSS-AGA-FORM-030","AGA 030.107","4","2","raw PDF page 2; AGA 030.107; Protocol question column","NAMCARs 139.13.2","Are all obstacles within the distance specified from the centre line of a taxiway, an apron taxiway, or aircraft stand taxilane marked and, if the taxiway, apron taxiway, or aircraft stand taxilane is used at night, lighted?","sha256:d3c6d41971dcd29e068b2065ea5fe6c826099fcfb86124af50b34dbf40c19d0c","all-forms-preview-030-0004","PROPOSED_SAFETY_CRITICAL","AERODROME_OPERATIONAL_SAFETY","true","SOURCE_MAPPING_REQUIRED","NOT_ATTESTED","CANDIDATE_INTERPRETATION_REQUIRES_EXPERT_REVIEW","NOT_SUPPLIED"
"FSS-AGA-FORM-030","AGA 030.109","5","2","raw PDF page 2; AGA 030.109; Protocol question column","NAMCARs 139.13.2","Are all fixed obstacle that extends above a take-off climb surface within 3 000 m of the inner edge of the take- off climb surface marked?","sha256:dde656962fb39fe6ed4a2f71db50174af6db12e4c3e24796bcd91dc7c7139c76","all-forms-preview-030-0005","PROPOSED_SAFETY_CRITICAL","AERODROME_OPERATIONAL_SAFETY","true","SOURCE_MAPPING_REQUIRED","NOT_ATTESTED","CANDIDATE_INTERPRETATION_REQUIRES_EXPERT_REVIEW","NOT_SUPPLIED"
"FSS-AGA-FORM-030","AGA 030.111","6","2","raw PDF page 2; AGA 030.111; Protocol question column","NAMCARs 139.13.2","Are all fixed obstacles, other than an obstacle, adjacent to a take-off climb surface marked and, if the runway is used at night, lighted if such marking and lighting is considered necessary to ensure its avoidance?","sha256:d3e1c92aeea275bbf72ff83eb75880a5b6293fcbc67c770afa74fb64656c4293","all-forms-preview-030-0006","PROPOSED_SAFETY_CRITICAL","AERODROME_OPERATIONAL_SAFETY","true","SOURCE_MAPPING_REQUIRED","NOT_ATTESTED","CANDIDATE_INTERPRETATION_REQUIRES_EXPERT_REVIEW","NOT_SUPPLIED"
"FSS-AGA-FORM-030","AGA 030.113","7","3","raw PDF page 3; AGA 030.113; Protocol question column","NAMCARs 139.13.2","Are all fixed obstacle that extends above the approach surface within 3 000 m of the inner edge or above the transitional surface marked and, if the runway is used at night, lighted?","sha256:1c9bfd8243dea58004000bd6fb8eb2b1bd286cbdf35fc807207d23f4ea42b11e","all-forms-preview-030-0007","PROPOSED_SAFETY_CRITICAL","AERODROME_OPERATIONAL_SAFETY","true","SOURCE_MAPPING_REQUIRED","NOT_ATTESTED","CANDIDATE_INTERPRETATION_REQUIRES_EXPERT_REVIEW","NOT_SUPPLIED"
"FSS-AGA-FORM-030","AGA 030.115","8","3","raw PDF page 3; AGA 030.115; Protocol question column","NAMCARs 139.13.2","Are all fixed obstacle that extends above the obstacle protection surface marked and, if the runway is used at night, lighted?","sha256:ee5905b834a0984793d424c5a6a8ee33980e0c414e949d663760c6e92666bbaa","all-forms-preview-030-0008","PROPOSED_SAFETY_CRITICAL","AERODROME_OPERATIONAL_SAFETY","true","SOURCE_MAPPING_REQUIRED","NOT_ATTESTED","CANDIDATE_INTERPRETATION_REQUIRES_EXPERT_REVIEW","NOT_SUPPLIED"
"FSS-AGA-FORM-030","AGA 030.117","9","3","raw PDF page 3; AGA 030.117; Protocol question column","NAMCARs 139.13.2","Are all other objects inside the obstacle limitation surfaces marked and/or lighted?","sha256:d47f487fa351e35ae26de7b66dd85a85fd8c22bb08a319720ec7466ef355b3ab","all-forms-preview-030-0009","PROPOSED_SAFETY_CRITICAL","AERODROME_OPERATIONAL_SAFETY","true","SOURCE_MAPPING_REQUIRED","NOT_ATTESTED","CANDIDATE_INTERPRETATION_REQUIRES_EXPERT_REVIEW","NOT_SUPPLIED"
"FSS-AGA-FORM-030","AGA 030.119","10","4","raw PDF page 4; AGA 030.119; Protocol question column","NAMCARs 139.13.2","Are overhead wires, cables, etc., crossing a river, waterway, valley, or highway marked and their supporting towers marked and lighted?","sha256:d1eaca00576354e5ad272ff52e5c9776b1dd82dcb65d0c519cbb1122b153e146","all-forms-preview-030-0010","PROPOSED_SAFETY_CRITICAL","AERODROME_OPERATIONAL_SAFETY","true","SOURCE_MAPPING_REQUIRED","NOT_ATTESTED","CANDIDATE_INTERPRETATION_REQUIRES_EXPERT_REVIEW","NOT_SUPPLIED"
"FSS-AGA-FORM-030","AGA 030.201","11","4","raw PDF page 4; AGA 030.201; Protocol question column","NAMCARs 139.13.2","Are objects in areas beyond the limits of the obstacle limitation surfaces, which extend to a height of 150 m or more above ground elevation marked and lighted?","sha256:dceaa791fa09e5ac1655d8f556dec9fd4721ae0c7f6d00f19c154b2f3c7e1399","all-forms-preview-030-0011","PROPOSED_SAFETY_CRITICAL","AERODROME_OPERATIONAL_SAFETY","true","SOURCE_MAPPING_REQUIRED","NOT_ATTESTED","CANDIDATE_INTERPRETATION_REQUIRES_EXPERT_REVIEW","NOT_SUPPLIED"
"FSS-AGA-FORM-030","AGA 030.203","12","4","raw PDF page 4; AGA 030.203; Protocol question column","NAMCARs 139.13.2","Are all other objects outside the obstacles limitation surfaces that are identified as hazard to aircraft?","sha256:228778498ef2de706d3dace31554479896e49131e7321a3c2fba6169bc69c531","all-forms-preview-030-0012","PROPOSED_SAFETY_CRITICAL","AERODROME_OPERATIONAL_SAFETY","true","SOURCE_MAPPING_REQUIRED","NOT_ATTESTED","CANDIDATE_INTERPRETATION_REQUIRES_EXPERT_REVIEW","NOT_SUPPLIED"
"FSS-AGA-FORM-030","AGA 030.205","13","4","raw PDF page 4; AGA 030.205; Protocol question column","NAMCARs 139.13.2","Are the objects that are required to be lighted, indicated by obstacles lights conform to the requirements?","sha256:2701dd9d27012b532f3972c4a6abc2cbb875241a3bbb7e09afefb2bd7328a148","all-forms-preview-030-0013","PROPOSED_SAFETY_CRITICAL","AERODROME_OPERATIONAL_SAFETY","true","SOURCE_MAPPING_REQUIRED","NOT_ATTESTED","CANDIDATE_INTERPRETATION_REQUIRES_EXPERT_REVIEW","NOT_SUPPLIED"
"FSS-AGA-FORM-030","AGA 030.301","14","5","raw PDF page 5; AGA 030.301; Protocol question column","NAMCARs 139.13.2","Are the mobile objects that are required to be marked, coloured, or display flags that conform to the requirements?","sha256:3d60716716a9a508f049eed099749620b1fcdebb67bf777c245946efa231a978","all-forms-preview-030-0014","PROPOSED_SAFETY_CRITICAL","AERODROME_OPERATIONAL_SAFETY","true","SOURCE_MAPPING_REQUIRED","NOT_ATTESTED","CANDIDATE_INTERPRETATION_REQUIRES_EXPERT_REVIEW","NOT_SUPPLIED"
"FSS-AGA-FORM-030","AGA 030.303","15","5","raw PDF page 5; AGA 030.303; Protocol question column","NAMCARs 139.13.2","Are the fixed objects that are required to be marked, and coloured in accordance with the requirements?","sha256:9b8d35dd2aabbfd2065e35e7bc42597335db1adb487ccac64f07c8ca624f943a","all-forms-preview-030-0015","PROPOSED_SAFETY_CRITICAL","AERODROME_OPERATIONAL_SAFETY","true","SOURCE_MAPPING_REQUIRED","NOT_ATTESTED","CANDIDATE_INTERPRETATION_REQUIRES_EXPERT_REVIEW","NOT_SUPPLIED"
"FSS-AGA-FORM-030","AGA 030.305","16","5","raw PDF page 5; AGA 030.305; Protocol question column","NAMCARs 139.13.2","Are wind turbines that are identified as obstacles, marked in accordance conform to the requirements?","sha256:175b6d6a66470dd5d51fdf7303d9cf26711c40d2fe34994646d31ecf87ca0032","all-forms-preview-030-0016","PROPOSED_SAFETY_CRITICAL","AERODROME_OPERATIONAL_SAFETY","true","SOURCE_MAPPING_REQUIRED","NOT_ATTESTED","CANDIDATE_INTERPRETATION_REQUIRES_EXPERT_REVIEW","NOT_SUPPLIED"
"FSS-AGA-FORM-030","AGA 030.307","17","5","raw PDF page 5; AGA 030.307; Protocol question column","NAMCARs 139.13.2","Are overhead wires, cables, etc., and supporting towers that are identified as obstacles, marked in accordance conform to the requirements?","sha256:4eb5d8a508f12f16a7c135c67a11f6a83d0e249f464deda20d1dbb2892c9d1b4","all-forms-preview-030-0017","PROPOSED_SAFETY_CRITICAL","AERODROME_OPERATIONAL_SAFETY","true","SOURCE_MAPPING_REQUIRED","NOT_ATTESTED","CANDIDATE_INTERPRETATION_REQUIRES_EXPERT_REVIEW","NOT_SUPPLIED"
"FSS-AGA-FORM-031","AGA 031.101","1","1","raw PDF page 1; AGA 031.101; Protocol question column","NAMCARs 139.14.2","Are closed marking displayed on a runway or taxiway or portion thereof which is permanently closed to the use of all aircraft and conform to the requirements?","sha256:3fdf1f48af4c0b4d2cc5b840e4f4444c66b824d696121f914f42644747ea71d9","all-forms-preview-031-0001","PROPOSED_SAFETY_CRITICAL","AERODROME_OPERATIONAL_SAFETY","true","SOURCE_MAPPING_REQUIRED","NOT_ATTESTED","CANDIDATE_INTERPRETATION_REQUIRES_EXPERT_REVIEW","NOT_SUPPLIED"
"FSS-AGA-FORM-031","AGA 031.103","2","1","raw PDF page 1; AGA 031.103; Protocol question column","NAMCARs 139.14.2","Are the boundary between the load- bearing surface and shoulders for taxiways, runway turn pads, holding bays and aprons, and other non- load-bearing surfaces which cannot readily be distinguished from load-bearing surfaces and which, if used by aircraft, might result in damage to the aircraft marked by a taxi side stripe marking conform to the requirements?","sha256:5ef44cc73d125c60537e8be4912e8f2f5b47f3f66d260891a875848216c6165b","all-forms-preview-031-0002","PROPOSED_SAFETY_CRITICAL","AERODROME_OPERATIONAL_SAFETY","true","SOURCE_MAPPING_REQUIRED","NOT_ATTESTED","CANDIDATE_INTERPRETATION_REQUIRES_EXPERT_REVIEW","NOT_SUPPLIED"
"FSS-AGA-FORM-031","AGA 031.105","3","2","raw PDF page 2; AGA 031.105; Protocol question column","NAMCARs 139.14.2","When the surface before a threshold is paved and exceeds 60 m in length and is not suitable for normal use by aircraft, is the entire length before the threshold marked with a chevron marking conform to the requirements?","sha256:f7a998130292f4350a7ea531e8f71b1514f4d2a0ff87c233cb7c64f6a30e13ef","all-forms-preview-031-0003","PROPOSED_SAFETY_CRITICAL","AERODROME_OPERATIONAL_SAFETY","true","SOURCE_MAPPING_REQUIRED","NOT_ATTESTED","CANDIDATE_INTERPRETATION_REQUIRES_EXPERT_REVIEW","NOT_SUPPLIED"
"FSS-AGA-FORM-031","AGA 031.107","4","2","raw PDF page 2; AGA 031.107; Protocol question column","NAMCARs 139.14.2","Are unserviceability markers displayed wherever any portion of a taxiway, apron, or holding bay that are unfit for the movement of aircraft but it is still possible for aircraft to bypass the area safely, and conform to the requirements?","sha256:547c268e4be39939b4f74e470af386d8fa9b40926da716ca61e6316d561decad","all-forms-preview-031-0004","PROPOSED_SAFETY_CRITICAL","AERODROME_OPERATIONAL_SAFETY","true","SOURCE_MAPPING_REQUIRED","NOT_ATTESTED","CANDIDATE_INTERPRETATION_REQUIRES_EXPERT_REVIEW","NOT_SUPPLIED"
"FSS-AGA-FORM-031","AGA 031.109","5","2","raw PDF page 2; AGA 031.109; Protocol question column","NAMCARs 139.14.2","Are unserviceability lights used wherever a portion of the movement area is normally used at night, unfit for the movement of aircraft but it is still possible for aircraft to bypass the area safely?","sha256:e858233066c99799501e2b1be4812295cae947e0aced05e29b61231e17659203","all-forms-preview-031-0005","PROPOSED_SAFETY_CRITICAL","AERODROME_OPERATIONAL_SAFETY","true","SOURCE_MAPPING_REQUIRED","NOT_ATTESTED","CANDIDATE_INTERPRETATION_REQUIRES_EXPERT_REVIEW","NOT_SUPPLIED"
"FSS-AGA-FORM-034","AGA 034.102","1","1","raw PDF page 1; AGA 034.102; Protocol question column","NAMCARs 139.01.8 | NAMCARs 139.12.4 | NAMCATS 139.12.4","Is the aerodrome provided with signalling lamp?","sha256:3e1c3cd0267979a384a469f5a561230b9f1eb542c862114f817f1f61fe35fd65","all-forms-preview-034-0001","PROPOSED_REVIEW_REQUIRED","UNCLASSIFIED","false","SOURCE_MAPPING_REQUIRED","NOT_ATTESTED","CANDIDATE_INTERPRETATION_REQUIRES_EXPERT_REVIEW","NOT_SUPPLIED"
"FSS-AGA-FORM-034","AGA 034.106","2","1","raw PDF page 1; AGA 034.106; Protocol question column","NAMCARs 139.01.8 | NAMCARs 139.12.4 | NAMCATS 139.12.4 | NAMCARs 139.12.7 | NAMCATS 139.12.7","Has the applicant conducted an assessment to determine the need for an aerodrome beacon ?","sha256:f1ae6c18d17ad1b4f033cd39b00f45e4ddec4e5b31e42329bb3f0d200e048887","all-forms-preview-034-0002","PROPOSED_REVIEW_REQUIRED","UNCLASSIFIED","false","SOURCE_MAPPING_REQUIRED","NOT_ATTESTED","CANDIDATE_INTERPRETATION_REQUIRES_EXPERT_REVIEW","NOT_SUPPLIED"
"FSS-AGA-FORM-034","AGA 034.108","3","1","raw PDF page 1; AGA 034.108; Protocol question column","NAMCARs 139.01.8 | NAMCARs 139.12.7 | NAMCATS 139.12.7","if the answer to 034.106 is YES, is the aerodrome beacon provided conform to the requirements?","sha256:dba427b44917d3999584067a145bec37a5f930e40323ac6e82662b04d689fb09","all-forms-preview-034-0003","PROPOSED_REVIEW_REQUIRED","UNCLASSIFIED","false","SOURCE_MAPPING_REQUIRED","NOT_ATTESTED","CANDIDATE_INTERPRETATION_REQUIRES_EXPERT_REVIEW","NOT_SUPPLIED"
"FSS-AGA-FORM-034","AGA 034.112","4","2","raw PDF page 2; AGA 034.112; Protocol question column","NAMCATS 139.12.7 | NAMCARs 139.01.8 | NAMCARs 139.12.7","if the answer to 034.108 is NO, has the applicant conducted an assessment to determine the need for an aerodrome identification beacon?","sha256:c1d0773ace3597f41020717de8789b0a905200b4bbbda63db7905afe8452a6aa","all-forms-preview-034-0004","PROPOSED_REVIEW_REQUIRED","UNCLASSIFIED","false","SOURCE_MAPPING_REQUIRED","NOT_ATTESTED","CANDIDATE_INTERPRETATION_REQUIRES_EXPERT_REVIEW","NOT_SUPPLIED"
"FSS-AGA-FORM-034","AGA 034.114","5","2","raw PDF page 2; AGA 034.114; Protocol question column","NAMCARs 139.01.8 | NAMCARs 139.12.7 | NAMCATS 139.12.7 | NAMCARs 139.12.6","if the answer to 034.110 is YES, is the identification beacon provided conform to the requirements?","sha256:e93df01781595824d476a4f4019152a6ca925278029e59b9a9692ec4a765b127","all-forms-preview-034-0005","PROPOSED_REVIEW_REQUIRED","UNCLASSIFIED","false","SOURCE_MAPPING_REQUIRED","NOT_ATTESTED","CANDIDATE_INTERPRETATION_REQUIRES_EXPERT_REVIEW","NOT_SUPPLIED"
"FSS-AGA-FORM-034","AGA 034.205","6","2","raw PDF page 2; AGA 034.205; Protocol question column","NAMCARs 139.12.7 | NAMCATS 139.12.7 | NAMCARs 139.01.8 | NAMCARs 139.12.6 | NAMCATS 139.12.6 | NAMCARs 139.12.2 | NAMCATS 139.12.2","Are threshold markings provided and conform to the specifications?","sha256:719b98fb6e742ae39dffbb4a72ac21909234a7477d1c5bd615a5dd3ed4b71f38","all-forms-preview-034-0006","PROPOSED_REVIEW_REQUIRED","UNCLASSIFIED","false","SOURCE_MAPPING_REQUIRED","NOT_ATTESTED","CANDIDATE_INTERPRETATION_REQUIRES_EXPERT_REVIEW","NOT_SUPPLIED"
"FSS-AGA-FORM-034","AGA 034.302","7","2","raw PDF page 2; AGA 034.302; Protocol question column","NAMCARs 139.01.8 | NAMCARs 139.12.7 | NAMCATS 139.12.7 | NAMCARs 139.12.6 | NAMCATS 139.12.6 | NAMCARs 139.12.2 | NAMCATS 139.12.2","Is the aerodrome provided with wind direction indicator?","sha256:45ead6095b2d239cc8f8bece88d410682de95651e0829c60d4781539b24fc622","all-forms-preview-034-0007","PROPOSED_REVIEW_REQUIRED","UNCLASSIFIED","false","SOURCE_MAPPING_REQUIRED","NOT_ATTESTED","CANDIDATE_INTERPRETATION_REQUIRES_EXPERT_REVIEW","NOT_SUPPLIED"
"FSS-AGA-FORM-034","AGA 034.207","8","2","raw PDF page 2; AGA 034.207; Protocol question column","NAMCARs 139.12.6 | NAMCATS 139.12.6 | NAMCARs 139.01.8 | NAMCARs 139.12.2 | NAMCATS 139.12.2 | NAMCARs 139.12.7 | NAMCATS 139.12.7","Are stopway lights or edge markers provided and conform to the specifications?","sha256:9d458177c9ade146a0f92f3c4a5fca33d3d7e718b3e83b1dc12670ed7660d290","all-forms-preview-034-0008","PROPOSED_REVIEW_REQUIRED","UNCLASSIFIED","false","SOURCE_MAPPING_REQUIRED","NOT_ATTESTED","CANDIDATE_INTERPRETATION_REQUIRES_EXPERT_REVIEW","NOT_SUPPLIED"
"FSS-AGA-FORM-034","AGA 034.209","9","2","raw PDF page 2; AGA 034.209; Protocol question column","NAMCARs 139.01.8 | NAMCARs 139.12.7 | NAMCATS 139.12.7 | NAMCARs 139.12.8 | NAMCATS 139.12.8","Is guidance provided to pick up and hold the extended runway centre line?","sha256:75c5e60aac693337738d271bc29beb7c35eb9c65ef8c853dca1cb95625a9a9cb","all-forms-preview-034-0009","PROPOSED_SAFETY_CRITICAL","AERODROME_OPERATIONAL_SAFETY","true","SOURCE_MAPPING_REQUIRED","NOT_ATTESTED","CANDIDATE_INTERPRETATION_REQUIRES_EXPERT_REVIEW","NOT_SUPPLIED"
"FSS-AGA-FORM-034","AGA 034.211","10","2","raw PDF page 2; AGA 034.211; Protocol question column","NAMCARs 139.01.8 | NAMCARs 139.12.7 | NAMCATS 139.12.7 | NAMCARs 139.12.8 | NAMCATS 139.12.8","is a visual approach slope indicator system provided?","sha256:53215cefd16acf13fc75fc32dd1a4648dbe1873382c12458dc3b39d9660e63e0","all-forms-preview-034-0010","PROPOSED_REVIEW_REQUIRED","UNCLASSIFIED","false","SOURCE_MAPPING_REQUIRED","NOT_ATTESTED","CANDIDATE_INTERPRETATION_REQUIRES_EXPERT_REVIEW","NOT_SUPPLIED"
"FSS-AGA-FORM-034","AGA 034.306","11","3","raw PDF page 3; AGA 034.306; Protocol question column","NAMCARs 139.01.8 | NAMCARs 139.12.7 | NAMCATS 139.12.7 | NAMCARs 139.12.6 | NAMCATS 139.12.6 | NAMCARs 139.12.8 | NAMCATS 139.12.8","Is the aerodrome provided with runway centre line markings or lights?","sha256:efb6eaf60f7e141f45e300ba345ec5d388ba1b4541dffe0b81c1eb8cc226a66a","all-forms-preview-034-0011","PROPOSED_SAFETY_CRITICAL","AERODROME_OPERATIONAL_SAFETY","true","SOURCE_MAPPING_REQUIRED","NOT_ATTESTED","CANDIDATE_INTERPRETATION_REQUIRES_EXPERT_REVIEW","NOT_SUPPLIED"
"FSS-AGA-FORM-034","AGA 034.310","12","3","raw PDF page 3; AGA 034.310; Protocol question column","NAMCARs 139.01.8 | NAMCARs 139.12.6 | NAMCATS 139.12.6 | NAMCARs 139.12.8 | NAMCATS 139.12.8 | NAMCARs 139.12.7 | NAMCATS 139.12.7","Is the aerodrome provided with runway exit guidance?","sha256:4054aca2f3eef5b3554a957d328e1798e653a1f3afcdb7454317015759ec77d5","all-forms-preview-034-0012","PROPOSED_SAFETY_CRITICAL","AERODROME_OPERATIONAL_SAFETY","true","SOURCE_MAPPING_REQUIRED","NOT_ATTESTED","CANDIDATE_INTERPRETATION_REQUIRES_EXPERT_REVIEW","NOT_SUPPLIED"
"FSS-AGA-FORM-034","AGA 034.402","13","3","raw PDF page 3; AGA 034.402; Protocol question column","NAMCARs 139.01.8 | NAMCARs 139.12.6 | NAMCATS 139.12.6 | NAMCARs 139.12.8 | NAMCATS 139.12.8 | NAMCARs 139.12.7 | NAMCATS 139.12.7","Is the aerodrome provided with runway turnpad lights?","sha256:9648a51c2d03cb1967bc2e051f15d0cb9c83e693f4ccde678c5a953fa604d47c","all-forms-preview-034-0013","PROPOSED_SAFETY_CRITICAL","AERODROME_OPERATIONAL_SAFETY","true","SOURCE_MAPPING_REQUIRED","NOT_ATTESTED","CANDIDATE_INTERPRETATION_REQUIRES_EXPERT_REVIEW","NOT_SUPPLIED"
"FSS-AGA-FORM-034","AGA 034.406","14","3","raw PDF page 3; AGA 034.406; Protocol question column","NAMCARs 139.01.8 | NAMCARs 139.12.8 | NAMCATS 139.12.8 | NAMCARs 139.12.7 | NAMCATS 139.12.7","Is the aerodrome provided with taxiing guidance?","sha256:beb70ca2a55b792229196681cf5e9ca917b972793e8aee46c1e1b240d5b809d4","all-forms-preview-034-0014","PROPOSED_REVIEW_REQUIRED","UNCLASSIFIED","false","SOURCE_MAPPING_REQUIRED","NOT_ATTESTED","CANDIDATE_INTERPRETATION_REQUIRES_EXPERT_REVIEW","NOT_SUPPLIED"
"FSS-AGA-FORM-034","AGA 034.408","15","4","raw PDF page 4; AGA 034.408; Protocol question column","NAMCARs 139.01.8 | NAMCARs 139.12.7 | NAMCATS 139.12.7 | NAMCARs 139.12.8 | NAMCATS 139.12.8","Is the aerodrome provided with apron floodlighting?","sha256:3adaf946ddab3bbd6b42882998a8df74dd6bb5bd5630f1ead8e65305b4d0d125","all-forms-preview-034-0015","PROPOSED_HIGH_OPERATIONAL","OPERATIONAL_ASSURANCE","false","SOURCE_MAPPING_REQUIRED","NOT_ATTESTED","CANDIDATE_INTERPRETATION_REQUIRES_EXPERT_REVIEW","NOT_SUPPLIED"
"FSS-AGA-FORM-034","AGA 034.410","16","5","raw PDF page 5; AGA 034.410; Protocol question column","NAMCARs 139.01.8 | NAMCARs 139.12.8 | NAMCATS 139.12.8","Are the signs or markers on the aerodrome retroflected or illuminated?","sha256:0596ef59676a08d90a9fc7f90ab8f9b7e9702fc8e5cf1cfbdc13bce5335df074","all-forms-preview-034-0016","PROPOSED_REVIEW_REQUIRED","UNCLASSIFIED","false","SOURCE_MAPPING_REQUIRED","NOT_ATTESTED","CANDIDATE_INTERPRETATION_REQUIRES_EXPERT_REVIEW","NOT_SUPPLIED"
"FSS-AGA-FORM-037","AGA 037.101","1","1","raw PDF page 1; AGA 037.101; Protocol question column","NAMCARs 139.01.12","Has the applicant developed a fire prevention programme for the (name of aerodrome) and aerodrome buildings?","sha256:ec08fba6ea0f9e6ff0eec37e864e30079cf2576eeb55c68b57b97809019122b8","all-forms-preview-037-0001","PROPOSED_SAFETY_CRITICAL","AERODROME_OPERATIONAL_SAFETY","true","SOURCE_MAPPING_REQUIRED","NOT_ATTESTED","CANDIDATE_INTERPRETATION_REQUIRES_EXPERT_REVIEW","NOT_SUPPLIED"
"FSS-AGA-FORM-037","AGA 037.103","2","1","raw PDF page 1; AGA 037.103; Protocol question column","NAMCARs 139.01.12","If the answer in AGA 037.101 is NO, has the applicant arranged with the local authority for a fire prevention programme, provided there is no rescue and fire fighting service?","sha256:cf6b90db3d918d96cc84556595060d77230b2f887e15e77dd0f09793eab8a21a","all-forms-preview-037-0002","PROPOSED_SAFETY_CRITICAL","AERODROME_OPERATIONAL_SAFETY","true","SOURCE_MAPPING_REQUIRED","NOT_ATTESTED","CANDIDATE_INTERPRETATION_REQUIRES_EXPERT_REVIEW","NOT_SUPPLIED"
"FSS-AGA-FORM-037","AGA 037.105","3","1","raw PDF page 1; AGA 037.105; Protocol question column","NAMCARs 139.01.12","Has the applicant display in conspicuous places appropriate signage in respect of the acts prohibited?","sha256:96e1462fd418e00839e80bcae3f89649964f795452f3e9a572521eed1161a23f","all-forms-preview-037-0003","PROPOSED_SAFETY_CRITICAL","AERODROME_OPERATIONAL_SAFETY","true","SOURCE_MAPPING_REQUIRED","NOT_ATTESTED","CANDIDATE_INTERPRETATION_REQUIRES_EXPERT_REVIEW","NOT_SUPPLIED"
"FSS-AGA-FORM-037","AGA 037.107","4","2","raw PDF page 2; AGA 037.107; Protocol question column","NAMCARs 139.01.12","Has the applicant provided notices for employees and persons visiting not to wilfully give a false alarm?","sha256:f0cf02a9f41a78c6c51b3ce499afce749e75f085e47d42cf2b6f3465b4529a6d","all-forms-preview-037-0004","PROPOSED_SAFETY_CRITICAL","AERODROME_OPERATIONAL_SAFETY","true","SOURCE_MAPPING_REQUIRED","NOT_ATTESTED","CANDIDATE_INTERPRETATION_REQUIRES_EXPERT_REVIEW","NOT_SUPPLIED"
"FSS-AGA-FORM-037","AGA 037.109","5","2","raw PDF page 2; AGA 037.109; Protocol question column","NAMCARs 139.01.12","Has the applicant prohibited smoking or bringing an open flame within 30m of an aircraft or of any vehicle used for the supply of fuel to an aircraft or a store or dump of liquid fuel or explosives?","sha256:176393780d180e2ee6e9caff60ef652d42ab3b25102dc7e9d70d5d78bf216402","all-forms-preview-037-0005","PROPOSED_SAFETY_CRITICAL","AERODROME_OPERATIONAL_SAFETY","true","SOURCE_MAPPING_REQUIRED","NOT_ATTESTED","CANDIDATE_INTERPRETATION_REQUIRES_EXPERT_REVIEW","NOT_SUPPLIED"
"FSS-AGA-FORM-037","AGA 037.111","6","2","raw PDF page 2; AGA 037.111; Protocol question column","NAMCARs 139.01.12","Has the applicant provided notices for employees and persons visiting not to tamper with for hose reel, hydrant or any other item of equipment provided for fire fighting purpose?","sha256:50da215ea3eb5844f9e2f49454ea128004b74e5de4ab9854a70098c0d5b3005b","all-forms-preview-037-0006","PROPOSED_SAFETY_CRITICAL","AERODROME_OPERATIONAL_SAFETY","true","SOURCE_MAPPING_REQUIRED","NOT_ATTESTED","CANDIDATE_INTERPRETATION_REQUIRES_EXPERT_REVIEW","NOT_SUPPLIED"
"FSS-AGA-FORM-037","AGA 037.113","7","2","raw PDF page 2; AGA 037.113; Protocol question column","NAMCARs 139.01.12","Has the applicant provided guidance on receptacles appropriate for keeping, storing, discarding or discharging flammable liquid, gas, or other like material?","sha256:ba9c3e1bf1847611cd55a53172aa025ff955a377a4c53ead3bc890a41913e135","all-forms-preview-037-0007","PROPOSED_SAFETY_CRITICAL","AERODROME_OPERATIONAL_SAFETY","true","SOURCE_MAPPING_REQUIRED","NOT_ATTESTED","CANDIDATE_INTERPRETATION_REQUIRES_EXPERT_REVIEW","NOT_SUPPLIED"
"FSS-AGA-FORM-037","AGA 037.115","8","3","raw PDF page 3; AGA 037.115; Protocol question column","NAMCARs 139.01.12","Has the applicant developed and implemented a procedure for approval of places for keeping, storing, discarding or discharging flammable liquid, gas, or other like material?","sha256:4733d1d6b3dacfefeb67ee2264e7406416675f14f85e08c6f8743d38eaa14add","all-forms-preview-037-0008","PROPOSED_SAFETY_CRITICAL","AERODROME_OPERATIONAL_SAFETY","true","SOURCE_MAPPING_REQUIRED","NOT_ATTESTED","CANDIDATE_INTERPRETATION_REQUIRES_EXPERT_REVIEW","NOT_SUPPLIED"
"FSS-AGA-FORM-037","AGA 037.117","9","3","raw PDF page 3; AGA 037.117; Protocol question column","NAMCARs 139.01.12","Has the applicant developed and implemented a procedure to prevent the storing or stacking of any material or equipment in a manner that may constitute a fire hazard?","sha256:379a89a9f2bb162fdd113e16bfa6f968900f175303202988178d6c6fdea0bb4f","all-forms-preview-037-0009","PROPOSED_SAFETY_CRITICAL","AERODROME_OPERATIONAL_SAFETY","true","SOURCE_MAPPING_REQUIRED","NOT_ATTESTED","CANDIDATE_INTERPRETATION_REQUIRES_EXPERT_REVIEW","NOT_SUPPLIED"
"FSS-AGA-FORM-037","AGA 037.119","10","3","raw PDF page 3; AGA 037.119; Protocol question column","NAMCARs 139.01.12","Has the applicant established a procedure to prevent unsafe practices on the aerodrome or within its vicinity?","sha256:c78dde1f4f24520df3d859a3c9ac63131e68d995b34df02dbdb59deeee87bcbf","all-forms-preview-037-0010","PROPOSED_SAFETY_CRITICAL","AERODROME_OPERATIONAL_SAFETY","true","SOURCE_MAPPING_REQUIRED","NOT_ATTESTED","CANDIDATE_INTERPRETATION_REQUIRES_EXPERT_REVIEW","NOT_SUPPLIED"
"FSS-AGA-FORM-037","AGA 037.121","11","3","raw PDF page 3; AGA 037.121; Protocol question column","NAMCARs 139.01.12","Has the applicant established and implemented a procedure to alert the rescue and fire fighting concerned to be on standby for the duration of unsafe practices?","sha256:1c123d224b18ce36b6e92adc127d3f0a3a1ce8d50758dc916fa097043e6786f2","all-forms-preview-037-0011","PROPOSED_SAFETY_CRITICAL","AERODROME_OPERATIONAL_SAFETY","true","SOURCE_MAPPING_REQUIRED","NOT_ATTESTED","CANDIDATE_INTERPRETATION_REQUIRES_EXPERT_REVIEW","NOT_SUPPLIED"
"FSS-AGA-FORM-040","AGA 040.101","1","1","raw PDF page 1; AGA 040.101; Protocol question column","NAMCARs 139.02.16 | NAMCARs 139.03.16","Do the proposed quality indicators represent the type of traffic/operations?","sha256:3661b07a3bbda5ab2aad104142ab2f2de10f3e2a9452a3910a11604bd03e8b91","all-forms-preview-040-0001","PROPOSED_HIGH_OPERATIONAL","OPERATIONAL_ASSURANCE","false","SOURCE_MAPPING_REQUIRED","NOT_ATTESTED","CANDIDATE_INTERPRETATION_REQUIRES_EXPERT_REVIEW","NOT_SUPPLIED"
"FSS-AGA-FORM-040","AGA 040.103","2","1","raw PDF page 1; AGA 040.103; Protocol question column","NAMCARs 139.02.16 | NAMCARs 139.03.16","Are the values of the proposed quality targets acceptable for safe and orderly operations?","sha256:f9bf6e782436f6659e2ce8b970720ad3e08c4aefff553926668fea4c075f91f7","all-forms-preview-040-0002","PROPOSED_HIGH_OPERATIONAL","OPERATIONAL_ASSURANCE","false","SOURCE_MAPPING_REQUIRED","NOT_ATTESTED","CANDIDATE_INTERPRETATION_REQUIRES_EXPERT_REVIEW","NOT_SUPPLIED"
"FSS-AGA-FORM-040","AGA 040.107","3","1","raw PDF page 1; AGA 040.107; Protocol question column","NAMCARs 139.02.16 | NAMCARs 139.03.16","Is the proposed level of safety / quality acceptable for Yes No N/A Verify Proposed level of safety/quality Satisfactory Not satisfactory Name of Applicant: Yes/ Satisfactory Aerodrome: Yes/ Not Satisfactory Date of initial review: No/ Not Satisfactory Names and titles of inspectors/designated officers: Not Applicable Total Protocol Questions NAM ref. Protocol question Reply Guidance for review of protocol question Status of implementation Evidence/ Notes/Co mments Yes/Sat: Yes/Not Sat: No/Not Sat: N/A: FSS–AGA–FORM 040 31 March 2023 2 of 6 NAMCARs 139.03.16 (1) safe and orderly operations?","sha256:656c47e2bac8632d663a15e232db2225761ab9419a5e4803320e4d0144b55770","all-forms-preview-040-0003","PROPOSED_HIGH_OPERATIONAL","OPERATIONAL_ASSURANCE","false","SOURCE_MAPPING_REQUIRED","NOT_ATTESTED","CANDIDATE_INTERPRETATION_REQUIRES_EXPERT_REVIEW","NOT_SUPPLIED"
"FSS-AGA-FORM-040","AGA 040.201","4","2","raw PDF page 2; AGA 040.201; Protocol question column","NAMCARs 139.03.16 | NAMCARs 139.02.16","Does the proposed procedure for internal review include regular review involving all persons responsible for the quality assurance system?","sha256:4cc1388288ff1a9073e0c246a7ca12ce3df50bb36ff0bad2bc656a0ec693adf3","all-forms-preview-040-0004","PROPOSED_HIGH_OPERATIONAL","OPERATIONAL_ASSURANCE","false","SOURCE_MAPPING_REQUIRED","NOT_ATTESTED","CANDIDATE_INTERPRETATION_REQUIRES_EXPERT_REVIEW","NOT_SUPPLIED"
"FSS-AGA-FORM-040","AGA 040.203","5","2","raw PDF page 2; AGA 040.203; Protocol question column","NAMCARs 139.03.16 | NAMCARs 139.02.16","Does the proposed procedure for internal review foster the incorporation into the quality assurance system of lessons learnt or information derived from the reporting process?","sha256:1cc1ed897a412beba039cc165e389ddeed3c3732f6da6f93fc16c00f9a811620","all-forms-preview-040-0005","PROPOSED_HIGH_OPERATIONAL","OPERATIONAL_ASSURANCE","false","SOURCE_MAPPING_REQUIRED","NOT_ATTESTED","CANDIDATE_INTERPRETATION_REQUIRES_EXPERT_REVIEW","NOT_SUPPLIED"
"FSS-AGA-FORM-040","AGA 040.211","6","2","raw PDF page 2; AGA 040.211; Protocol question column","NAMCARs 139.02.16 | NAMCARs 139.03.16","Does the proposed procedure for recording and communicating findings provide for standardized recording of the findings and timely communication to key personnel listed in the quality assurance system?","sha256:a15a30f5fc16b1d84dc80e930e3eecd7229c57bfdf924735a9d285ac7fde42d3","all-forms-preview-040-0006","PROPOSED_HIGH_OPERATIONAL","OPERATIONAL_ASSURANCE","false","SOURCE_MAPPING_REQUIRED","NOT_ATTESTED","CANDIDATE_INTERPRETATION_REQUIRES_EXPERT_REVIEW","NOT_SUPPLIED"
"FSS-AGA-FORM-040","AGA 040.221","7","3","raw PDF page 3; AGA 040.221; Protocol question column","NAMCARs 139.02.16 | NAMCARs 139.03.16","Does the proposed procedure for integrating information into the quality assurance system provide for integration of all types of quality indicators including facility malfunction reports, incidents, occurrences, complaints and defects?","sha256:8a2ae0b79b87c6a3ab8c0c8961facd2e05b116cdc12a904fe0a56c9134d35afd","all-forms-preview-040-0007","PROPOSED_SAFETY_CRITICAL","AERODROME_OPERATIONAL_SAFETY","true","SOURCE_MAPPING_REQUIRED","NOT_ATTESTED","CANDIDATE_INTERPRETATION_REQUIRES_EXPERT_REVIEW","NOT_SUPPLIED"
"FSS-AGA-FORM-040","AGA 040.223","8","3","raw PDF page 3; AGA 040.223; Protocol question column","NAMCARs 139.02.16 | NAMCARs 139.03.16","Are the proposed processes for integrating information into the quality assurance system suitable?","sha256:107fa6e3e164a2aac8b49fa259c3fbc0f80cd66647826b66bd5727887cc690a9","all-forms-preview-040-0008","PROPOSED_HIGH_OPERATIONAL","OPERATIONAL_ASSURANCE","false","SOURCE_MAPPING_REQUIRED","NOT_ATTESTED","CANDIDATE_INTERPRETATION_REQUIRES_EXPERT_REVIEW","NOT_SUPPLIED"
"FSS-AGA-FORM-040","AGA 040.231","9","3","raw PDF page 3; AGA 040.231; Protocol question column","NAMCARs 139.02.16 | NAMCARs 139.03.16","Does the proposed procedure for management analysis and overview include tactical involving all persons responsible for the quality assurance system at tactical level?","sha256:9bab4cf15b998f65ea1b7498422d809c7dac81e774d3ee62deb7ff17b52e2048","all-forms-preview-040-0009","PROPOSED_HIGH_OPERATIONAL","OPERATIONAL_ASSURANCE","false","SOURCE_MAPPING_REQUIRED","NOT_ATTESTED","CANDIDATE_INTERPRETATION_REQUIRES_EXPERT_REVIEW","NOT_SUPPLIED"
"FSS-AGA-FORM-040","AGA 040.233","10","4","raw PDF page 4; AGA 040.233; Protocol question column","NAMCARs 139.02.16 | NAMCARs 139.03.16","Does the proposed procedure for management analysis and overview include strategic actions involving all persons responsible for the quality assurance system at strategical level?","sha256:4839776a7822b60e331dd02e1f5dd69228f48f243a038af4037cc1d308ddbb9c","all-forms-preview-040-0010","PROPOSED_HIGH_OPERATIONAL","OPERATIONAL_ASSURANCE","false","SOURCE_MAPPING_REQUIRED","NOT_ATTESTED","CANDIDATE_INTERPRETATION_REQUIRES_EXPERT_REVIEW","NOT_SUPPLIED"
"FSS-AGA-FORM-040","AGA 040.241","11","4","raw PDF page 4; AGA 040.241; Protocol question column","NAMCARs 139.02.16 | NAMCARs 139.03.16","Does the proposed procedure for rectifying deficiencies provide for timely implementation of corrective actions?","sha256:483e21f752e65210c9f98c2d0fcb7e41b255ce33bf5835d8492d78c237483410","all-forms-preview-040-0011","PROPOSED_HIGH_OPERATIONAL","OPERATIONAL_ASSURANCE","false","SOURCE_MAPPING_REQUIRED","NOT_ATTESTED","CANDIDATE_INTERPRETATION_REQUIRES_EXPERT_REVIEW","NOT_SUPPLIED"
"FSS-AGA-FORM-040","AGA 040.251","12","4","raw PDF page 4; AGA 040.251; Protocol question column","NAMCARs 139.02.16 | NAMCARs 139.03.16","Does the proposed procedure for documenting the review process provide for availability of all information required in safety inspections and audits?","sha256:1dafcf45da1dca430f01cdf9c4c515dd0cb5f0cae923f859df781cfb6baca502","all-forms-preview-040-0012","PROPOSED_HIGH_OPERATIONAL","OPERATIONAL_ASSURANCE","false","SOURCE_MAPPING_REQUIRED","NOT_ATTESTED","CANDIDATE_INTERPRETATION_REQUIRES_EXPERT_REVIEW","NOT_SUPPLIED"
"FSS-AGA-FORM-040","AGA 040.301","13","4","raw PDF page 4; AGA 040.301; Protocol question column","NAMCARs 139.02.16 | NAMCARs 139.03.16","Is the proposed list of responsible persons conform to the requirements?","sha256:1c7ecc195fb3fd8abaa28c4736276d6808dbcdb850b20f2fd6074bae45375251","all-forms-preview-040-0013","PROPOSED_HIGH_OPERATIONAL","OPERATIONAL_ASSURANCE","false","SOURCE_MAPPING_REQUIRED","NOT_ATTESTED","CANDIDATE_INTERPRETATION_REQUIRES_EXPERT_REVIEW","NOT_SUPPLIED"
"FSS-AGA-FORM-040","AGA 040.401","14","4","raw PDF page 4; AGA 040.401; Protocol question column","NAMCARs 139.02.16 | NAMCARs 139.03.16","Is the proposed training programme commensurate with the level of involvement in the quality assurance of each category of personnel?","sha256:389d5212f21be4862dce0693a3a4571bae02311cea18ccaf6230438926f4a014","all-forms-preview-040-0014","PROPOSED_HIGH_OPERATIONAL","OPERATIONAL_ASSURANCE","false","SOURCE_MAPPING_REQUIRED","NOT_ATTESTED","CANDIDATE_INTERPRETATION_REQUIRES_EXPERT_REVIEW","NOT_SUPPLIED"
"FSS-AGA-FORM-040","AGA 040.411","15","5","raw PDF page 5; AGA 040.411; Protocol question column","NAMCARs 139.02.16 | NAMCARs 139.03.16","Is the communication programme commensurate suitable?","sha256:603377d7705c03dbec75a2418f69eeee60f2de90c1d31537e9954811ad234756","all-forms-preview-040-0015","PROPOSED_HIGH_OPERATIONAL","OPERATIONAL_ASSURANCE","false","SOURCE_MAPPING_REQUIRED","NOT_ATTESTED","CANDIDATE_INTERPRETATION_REQUIRES_EXPERT_REVIEW","NOT_SUPPLIED"
"FSS-AGA-FORM-040","AGA 040.501","16","5","raw PDF page 5; AGA 040.501; Protocol question column","NAMCARs 139.02.16 | NAMCARs 139.03.16","Is the proposed documentation of the quality assurance system conform to the requirements?","sha256:d68086f7b72f9d4f776a27ff88c4c77202c40ad6767570c97067fcdc43704f46","all-forms-preview-040-0016","PROPOSED_HIGH_OPERATIONAL","OPERATIONAL_ASSURANCE","false","SOURCE_MAPPING_REQUIRED","NOT_ATTESTED","CANDIDATE_INTERPRETATION_REQUIRES_EXPERT_REVIEW","NOT_SUPPLIED"
"FSS-AGA-FORM-041","AGA 041.102","1","1","raw PDF page 1; AGA 041.102; Protocol question column","","Are runway surface friction characteristics for maintenance purposes periodically measured with a continuous friction measuring device using self-wetting features and documented?","sha256:3e571289e19143b5719f557fc63a08884fbf4cb15a261bc9bb6947e4ff767745","all-forms-preview-041-0001","PROPOSED_SAFETY_CRITICAL","AERODROME_OPERATIONAL_SAFETY","true","SOURCE_MAPPING_REQUIRED","NOT_ATTESTED","CANDIDATE_INTERPRETATION_REQUIRES_EXPERT_REVIEW","NOT_SUPPLIED"
"FSS-AGA-FORM-041","AGA 041.104","2","1","raw PDF page 1; AGA 041.104; Protocol question column","","Is the frequency of the measurement of runway surface friction characteristics sufficient to determine the trend of the surface friction characteristics of the runway?","sha256:2bbeaa65152f8df0cb31dbaab103ab3d372c6586f7ddcd347e474825efb2a2af","all-forms-preview-041-0002","PROPOSED_SAFETY_CRITICAL","AERODROME_OPERATIONAL_SAFETY","true","SOURCE_MAPPING_REQUIRED","NOT_ATTESTED","CANDIDATE_INTERPRETATION_REQUIRES_EXPERT_REVIEW","NOT_SUPPLIED"
"FSS-AGA-FORM-041","AGA 041.106","3","1","raw PDF page 1; AGA 041.106; Protocol question column","","Are corrective maintenance actions taken to prevent the runway friction characteristics for either the entire runway or a portion thereof from falling below a minimum friction level specified by Namibia?","sha256:d33ca39c505005f38f73557247af23b12463b774f77efeae3992a7f1a67e6b85","all-forms-preview-041-0003","PROPOSED_SAFETY_CRITICAL","AERODROME_OPERATIONAL_SAFETY","true","SOURCE_MAPPING_REQUIRED","NOT_ATTESTED","CANDIDATE_INTERPRETATION_REQUIRES_EXPERT_REVIEW","NOT_SUPPLIED"
"FSS-AGA-FORM-041","AGA 041.108","4","2","raw PDF page 2; AGA 041.108; Protocol question column","","When there is reason to believe that that the drainage characteristics of a runway, or portions thereof, are poor due to slopes or depressions, are the runway surface friction characteristics assessed under natural or simulated conditions that are representative of local rain, and corrective maintenance action as necessary?","sha256:c0c21315d7e270b573e0e4cd36d345aaed261b06e0c13eb34d14b978e01320f5","all-forms-preview-041-0004","PROPOSED_SAFETY_CRITICAL","AERODROME_OPERATIONAL_SAFETY","true","SOURCE_MAPPING_REQUIRED","NOT_ATTESTED","CANDIDATE_INTERPRETATION_REQUIRES_EXPERT_REVIEW","NOT_SUPPLIED"
"FSS-AGA-FORM-041","AGA 041.110","5","2","raw PDF page 2; AGA 041.110; Protocol question column","","Is there a procedure in place to ensure that when the friction of any portion of the runway is found to be below the minimum friction level?","sha256:954ebd4115ad049ebb937597b12f097a40fb2dbd86609c86e913150779872e64","all-forms-preview-041-0005","PROPOSED_SAFETY_CRITICAL","AERODROME_OPERATIONAL_SAFETY","true","SOURCE_MAPPING_REQUIRED","NOT_ATTESTED","CANDIDATE_INTERPRETATION_REQUIRES_EXPERT_REVIEW","NOT_SUPPLIED"
"FSS-AGA-FORM-041","AGA 041.112","6","2","raw PDF page 2; AGA 041.112; Protocol question column","","Is there a programme in place to ensure than standing water, mud, dust, sand, oil, rubber deposits and other contaminants are removed from the surface of runways in use as rapidly and completely as possible to minimize accumulation?","sha256:6b4e7cd4bbf565acb24981b00c211926ef5eeaeb22bd939ce0f80857082a453d","all-forms-preview-041-0006","PROPOSED_SAFETY_CRITICAL","AERODROME_OPERATIONAL_SAFETY","true","SOURCE_MAPPING_REQUIRED","NOT_ATTESTED","CANDIDATE_INTERPRETATION_REQUIRES_EXPERT_REVIEW","NOT_SUPPLIED"
"FSS-AGA-FORM-041","AGA 041.114","7","2","raw PDF page 2; AGA 041.114; Protocol question column","","Is there a procedure on pavement maintenance to ensure that the friction level does not fall below the required level?","sha256:9960f3c03dc5c293ba6073569c0656eec5742a202fb71ea8793586d75d1702d5","all-forms-preview-041-0007","PROPOSED_SAFETY_CRITICAL","AERODROME_OPERATIONAL_SAFETY","true","SOURCE_MAPPING_REQUIRED","NOT_ATTESTED","CANDIDATE_INTERPRETATION_REQUIRES_EXPERT_REVIEW","NOT_SUPPLIED"
"FSS-AGA-FORM-041","AGA 041.118","8","2","raw PDF page 2; AGA 041.118; Protocol question column","","Is the overlay constructed and maintained above the minimum friction level specified by Namibia?","sha256:00621f780fb9505089f955560fd1925fb9bfdc1e4a67cb073bc8525f75c2581f","all-forms-preview-041-0008","PROPOSED_SAFETY_CRITICAL","AERODROME_OPERATIONAL_SAFETY","true","SOURCE_MAPPING_REQUIRED","NOT_ATTESTED","CANDIDATE_INTERPRETATION_REQUIRES_EXPERT_REVIEW","NOT_SUPPLIED"
"FSS-AGA-FORM-041","AGA 041.122","9","3","raw PDF page 3; AGA 041.122; Protocol question column","","Is there a procedure in place to asses the presence of water within the central half of the width of a runway and water depth?","sha256:b1d82c6659dd9ec1eba7c83b7c17d9f601eb4363d10b13e69d82765167fe6199","all-forms-preview-041-0009","PROPOSED_SAFETY_CRITICAL","AERODROME_OPERATIONAL_SAFETY","true","SOURCE_MAPPING_REQUIRED","NOT_ATTESTED","CANDIDATE_INTERPRETATION_REQUIRES_EXPERT_REVIEW","NOT_SUPPLIED"
"FSS-AGA-FORM-047","AGA 047.121","1","1","raw PDF page 1; AGA 047.121; Protocol question column","NAMCARs 139.02.8","Does wildlife hazard assessment contain a description of the wildlife species that have access to the airport, their numbers, locations, local movements, and daily and seasonal occurrences?","sha256:bcaa9310d83bd40df9ee396c944532bcd0325baa4220f341af4303da8bfd26bb","all-forms-preview-047-0001","PROPOSED_SAFETY_CRITICAL","AERODROME_OPERATIONAL_SAFETY","true","SOURCE_MAPPING_REQUIRED","NOT_ATTESTED","CANDIDATE_INTERPRETATION_REQUIRES_EXPERT_REVIEW","NOT_SUPPLIED"
"FSS-AGA-FORM-047","AGA 047.125","2","1","raw PDF page 1; AGA 047.125; Protocol question column","NAMCARs 139.02.8","Does wildlife hazard assessment indicate the duration of the observation?","sha256:6ff01e05d36507d9128f9e3e8e148f40b3c11e591a8bf34f4a0df6c77f269123","all-forms-preview-047-0002","PROPOSED_SAFETY_CRITICAL","AERODROME_OPERATIONAL_SAFETY","true","SOURCE_MAPPING_REQUIRED","NOT_ATTESTED","CANDIDATE_INTERPRETATION_REQUIRES_EXPERT_REVIEW","NOT_SUPPLIED"
"FSS-AGA-FORM-047","AGA 047.129","3","1","raw PDF page 1; AGA 047.129; Protocol question column","NAMCARs 139.02.8","Does wildlife hazard assessment identify potential attractants?","sha256:0092525b1a7b2cc2a315f4bb391abc8a7f37e09a9cb7a8ee4c2dc43450ead3e4","all-forms-preview-047-0003","PROPOSED_SAFETY_CRITICAL","AERODROME_OPERATIONAL_SAFETY","true","SOURCE_MAPPING_REQUIRED","NOT_ATTESTED","CANDIDATE_INTERPRETATION_REQUIRES_EXPERT_REVIEW","NOT_SUPPLIED"
"FSS-AGA-FORM-047","AGA 047.131","4","1","raw PDF page 1; AGA 047.131; Protocol question column","NAMCARs 139.02.8","Does wildlife hazard assessment evaluate potential attractants?","sha256:40391ca388e0b4ec564ff4b977329064a5d84838b8b6074fa34a1cac7cb9f38e","all-forms-preview-047-0004","PROPOSED_SAFETY_CRITICAL","AERODROME_OPERATIONAL_SAFETY","true","SOURCE_MAPPING_REQUIRED","NOT_ATTESTED","CANDIDATE_INTERPRETATION_REQUIRES_EXPERT_REVIEW","NOT_SUPPLIED"
"FSS-AGA-FORM-047","AGA 047.141","5","2","raw PDF page 2; AGA 047.141; Protocol question column","NAMCARs 139.02.8","Does wildlife hazard assessment provide a categorization of the probability of wildlife hazards?","sha256:f34a1f9717364f7c8888afb3fcf0b3fc5e918e1e205447ff9348ed69c5a8a50b","all-forms-preview-047-0005","PROPOSED_SAFETY_CRITICAL","AERODROME_OPERATIONAL_SAFETY","true","SOURCE_MAPPING_REQUIRED","NOT_ATTESTED","CANDIDATE_INTERPRETATION_REQUIRES_EXPERT_REVIEW","NOT_SUPPLIED"
"FSS-AGA-FORM-047","AGA 047.145","6","2","raw PDF page 2; AGA 047.145; Protocol question column","NAMCARs 139.02.8","Does wildlife hazard assessment provide a categorization of the seveirty of wildlife hazards?","sha256:51758bb38fe08746f4059aec2327d3907bec31782d980c5cc42e856dbad770c5","all-forms-preview-047-0006","PROPOSED_SAFETY_CRITICAL","AERODROME_OPERATIONAL_SAFETY","true","SOURCE_MAPPING_REQUIRED","NOT_ATTESTED","CANDIDATE_INTERPRETATION_REQUIRES_EXPERT_REVIEW","NOT_SUPPLIED"
"FSS-AGA-FORM-047","AGA 047.149","7","2","raw PDF page 2; AGA 047.149; Protocol question column","NAMCARs 139.02.8","Does wildlife hazard assessment provide a categorization of the combination of probability/severity of wildlife hazards?","sha256:b8344dd268c2d8b655c00e84cb4e488205fa77ad40bbb9e61782094ffbf91b88","all-forms-preview-047-0007","PROPOSED_SAFETY_CRITICAL","AERODROME_OPERATIONAL_SAFETY","true","SOURCE_MAPPING_REQUIRED","NOT_ATTESTED","CANDIDATE_INTERPRETATION_REQUIRES_EXPERT_REVIEW","NOT_SUPPLIED"
"FSS-AGA-FORM-047","AGA 047.161","8","2","raw PDF page 2; AGA 047.161; Protocol question column","NAMCARs 139.02.8","Does wildlife hazard assessment contain control measures to address the hazards or potential hazards?","sha256:0c5b0111b234c8525d04af745351486c84bbc06cbc06f62535500c22754f5557","all-forms-preview-047-0008","PROPOSED_SAFETY_CRITICAL","AERODROME_OPERATIONAL_SAFETY","true","SOURCE_MAPPING_REQUIRED","NOT_ATTESTED","CANDIDATE_INTERPRETATION_REQUIRES_EXPERT_REVIEW","NOT_SUPPLIED"
"FSS-AGA-FORM-048","AGA 048.100","1","1","PDF page 1; protocol AGA 048.100; Protocol question column","NAMCARs 139.17.2 | NAMCATS 139.17.2","Is a maintenance mechanism established at the aerodrome to maintain facilities in a condition which does not impair the safety, regularity, or efficiency of air navigation?","sha256:77454a231cde8e5f202fae8ab4d02b34f1e1df6e006888888c20d985ed1c8bc5","all-forms-preview-048-0001","PROPOSED_HIGH_OPERATIONAL","OPERATIONAL_ASSURANCE","false","SOURCE_MAPPING_REQUIRED","NOT_ATTESTED","CANDIDATE_INTERPRETATION_REQUIRES_EXPERT_REVIEW","NOT_SUPPLIED"
"FSS-AGA-FORM-048","AGA 048.102","2","1","PDF page 1; protocol AGA 048.102; Protocol question column","NAMCARs 139.17.2 | NAMCATS 139.17.2","Is a system of preventive maintenance of disabled aircraft removal equipment employed to ensure effectiveness of the equipment and compliance with the specified procedure for the removal of disabled aircraft?","sha256:dfd56af6a2395a96797eabe8b274923103e4c878c5177cb4cb04b7cb3ae21b8d","all-forms-preview-048-0002","PROPOSED_SAFETY_CRITICAL","AERODROME_OPERATIONAL_SAFETY","true","SOURCE_MAPPING_REQUIRED","NOT_ATTESTED","CANDIDATE_INTERPRETATION_REQUIRES_EXPERT_REVIEW","NOT_SUPPLIED"
"FSS-AGA-FORM-048","AGA 048.104","3","2","PDF page 2; protocol AGA 048.104; Protocol question column","NAMCARs 139.17.2 | NAMCATS 139.17.2","Is a system of reducing wildlife strikes employed at the aerodrome?","sha256:60cfb95cefa965b5d982da8f3db1a07f12af9beb129d2d203fefb62328d496b8","all-forms-preview-048-0003","PROPOSED_SAFETY_CRITICAL","AERODROME_OPERATIONAL_SAFETY","true","SOURCE_MAPPING_REQUIRED","NOT_ATTESTED","CANDIDATE_INTERPRETATION_REQUIRES_EXPERT_REVIEW","NOT_SUPPLIED"
"FSS-AGA-FORM-048","AGA 048.106","4","2","PDF page 2; protocol AGA 048.106; Protocol question column","NAMCARs 139.17.2 | NAMCATS 139.17.2","Is a system of preventive maintenance of electrical system employed to ensure effectiveness of the equipment and compliance with the specified requirements for primary supply, secondary supply, and switch-over time?","sha256:88f5e557e2514be8511dab7ce16ed0936a0ef52fe1f1c7e099a97a2ed6177914","all-forms-preview-048-0004","PROPOSED_SAFETY_CRITICAL","AERODROME_OPERATIONAL_SAFETY","true","SOURCE_MAPPING_REQUIRED","NOT_ATTESTED","CANDIDATE_INTERPRETATION_REQUIRES_EXPERT_REVIEW","NOT_SUPPLIED"
"FSS-AGA-FORM-048","AGA 048.202","5","2","PDF page 2; protocol AGA 048.202; Protocol question column","NAMCARs 139.17.2 | NAMCATS 139.17.2","Are the surfaces of all movement areas inspected and their conditions monitored regularly as part of an aerodrome preventive and corrective maintenance mechanism with the objective of avoiding and eliminating any loose objects/debris that might cause damage to aircraft or impair the operation of aircraft systems?","sha256:02e9cd3cd9e3303c72b7b6f0e56cb085fa0d4b5ba2e8831add74323a8723fa3c","all-forms-preview-048-0005","PROPOSED_SAFETY_CRITICAL","AERODROME_OPERATIONAL_SAFETY","true","SOURCE_MAPPING_REQUIRED","NOT_ATTESTED","CANDIDATE_INTERPRETATION_REQUIRES_EXPERT_REVIEW","NOT_SUPPLIED"
"FSS-AGA-FORM-048","AGA 048.204","6","3","PDF page 3; protocol AGA 048.204; Protocol question column","NAMCARs 139.17.2 | NAMCATS 139.17.2","Is the surface of the runway and taxiway shoulders maintained to be free of any loose stones or other objects that could be ingested by the aeroplane engines?","sha256:0e56a6b87de8e14f5bb2ccd4dd9cc92b06213d69dd4632114c290da03fa36bc3","all-forms-preview-048-0006","PROPOSED_SAFETY_CRITICAL","AERODROME_OPERATIONAL_SAFETY","true","SOURCE_MAPPING_REQUIRED","NOT_ATTESTED","CANDIDATE_INTERPRETATION_REQUIRES_EXPERT_REVIEW","NOT_SUPPLIED"
"FSS-AGA-FORM-048","AGA 048.206","7","3","PDF page 3; protocol AGA 048.206; Protocol question column","NAMCARs 139.17.2 | NAMCATS 139.17.2","Is there a programme in place to ensure that standing water, mud, dust, sand, oil, rubber deposits and other contaminants are removed from the surface of runways in use as rapidly and completely as possible to minimize accumulation?","sha256:a7fdc97c0eb740b9817021de1bd0cf0d7171c5de36c54574b93f6db0209c9ae6","all-forms-preview-048-0007","PROPOSED_SAFETY_CRITICAL","AERODROME_OPERATIONAL_SAFETY","true","SOURCE_MAPPING_REQUIRED","NOT_ATTESTED","CANDIDATE_INTERPRETATION_REQUIRES_EXPERT_REVIEW","NOT_SUPPLIED"
"FSS-AGA-FORM-048","AGA 048.208","8","3","PDF page 3; protocol AGA 048.208; Protocol question column","NAMCARs 139.17.2 | NAMCATS 139.17.2","Does the preventive maintenance programme include the water hydrant system?","sha256:9b6d6325be0a885ec8d3613d4d3fefdb088ab2a02d6d73f5dc2fd490852faf0c","all-forms-preview-048-0008","PROPOSED_HIGH_OPERATIONAL","OPERATIONAL_ASSURANCE","false","SOURCE_MAPPING_REQUIRED","NOT_ATTESTED","CANDIDATE_INTERPRETATION_REQUIRES_EXPERT_REVIEW","NOT_SUPPLIED"
"FSS-AGA-FORM-048","AGA 048.210","9","3","PDF page 3; protocol AGA 048.210; Protocol question column","NAMCARs 139.17.2 | NAMCATS 139.17.2","Does the preventive maintenance programme include the sweepers and other pavement maintenance vehicles?","sha256:130bad99548f3faaa8081aeae5ac195e6b330ad17d388898181a0ee0c4768b53","all-forms-preview-048-0009","PROPOSED_HIGH_OPERATIONAL","OPERATIONAL_ASSURANCE","false","SOURCE_MAPPING_REQUIRED","NOT_ATTESTED","CANDIDATE_INTERPRETATION_REQUIRES_EXPERT_REVIEW","NOT_SUPPLIED"
"FSS-AGA-FORM-048","AGA 048.302","10","4","PDF page 4; protocol AGA 048.302; Protocol question column","NAMCARs 139.17.6 | NAMCATS 139.17.6","Is a system of preventive maintenance of visual aids employed to ensure lighting, marking, signage and electrical system reliability?","sha256:7595c50673b059628caa40fa76ee436295e53bab325a6cddc64abe4952cc0ec6","all-forms-preview-048-0010","PROPOSED_SAFETY_CRITICAL","AERODROME_OPERATIONAL_SAFETY","true","SOURCE_MAPPING_REQUIRED","NOT_ATTESTED","CANDIDATE_INTERPRETATION_REQUIRES_EXPERT_REVIEW","NOT_SUPPLIED"
"FSS-AGA-FORM-048","AGA 048.304","11","4","PDF page 4; protocol AGA 048.304; Protocol question column","NAMCARs 139.17.6 | NAMCATS 139.17.6","Is there an adequate stock of spare parts available for the maintenance personnel?","sha256:6faf515af549d681b7d794507ce0f7c53e6faf14749f35df121a68e5e5e5fb0b","all-forms-preview-048-0011","PROPOSED_HIGH_OPERATIONAL","OPERATIONAL_ASSURANCE","false","SOURCE_MAPPING_REQUIRED","NOT_ATTESTED","CANDIDATE_INTERPRETATION_REQUIRES_EXPERT_REVIEW","NOT_SUPPLIED"
"FSS-AGA-FORM-048","AGA 048.306","12","4","PDF page 4; protocol AGA 048.306; Protocol question column","NAMCARs 139.17.6 | NAMCATS 139.17.6","Does the maintenance schedule of lights and other equipment follow the recommendations of the manufacturer to ensure the required service standard?","sha256:ec94c931c98988a9296feefa094ef863193b65b21998e8ada4f3f074276d83fe","all-forms-preview-048-0012","PROPOSED_HIGH_OPERATIONAL","OPERATIONAL_ASSURANCE","false","SOURCE_MAPPING_REQUIRED","NOT_ATTESTED","CANDIDATE_INTERPRETATION_REQUIRES_EXPERT_REVIEW","NOT_SUPPLIED"
"FSS-AGA-FORM-048","AGA 048.402","13","4","PDF page 4; protocol AGA 048.402; Protocol question column","NAMCARs 139.16.3 | NAMCATS 139.16.3","Has the aerodrome operator determined the fire category in accordance with the largest aeroplane type conducting regular air operations to and from the aerodrome?","sha256:3c72363a684cadeac4dc25285ba5c506ec31ca78e7387be9f9fa80ac01753e4b","all-forms-preview-048-0013","PROPOSED_SAFETY_CRITICAL","AERODROME_OPERATIONAL_SAFETY","true","SOURCE_MAPPING_REQUIRED","NOT_ATTESTED","CANDIDATE_INTERPRETATION_REQUIRES_EXPERT_REVIEW","NOT_SUPPLIED"
"FSS-AGA-FORM-048","AGA 048.502","14","5","PDF page 5; protocol AGA 048.502; Protocol question column","NAMCARs 139.16.3 | NAMCATS 139.16.3","Has the aerodrome operator determined the number of fire vehicles required to meet the minimum extinguishing agents and rescue equipment?","sha256:1202e283da89f133fc8752c00a2ab46a0686e24a7ac60d3e5cd45362a17d4f71","all-forms-preview-048-0014","PROPOSED_SAFETY_CRITICAL","AERODROME_OPERATIONAL_SAFETY","true","SOURCE_MAPPING_REQUIRED","NOT_ATTESTED","CANDIDATE_INTERPRETATION_REQUIRES_EXPERT_REVIEW","NOT_SUPPLIED"
"FSS-AGA-FORM-048","AGA 048.504","15","5","PDF page 5; protocol AGA 048.504; Protocol question column","NAMCARs 139.16.3 | NAMCATS 139.16.3","Is each rescue and fire fighting vehicle equipped with adequate two-way radio communication?","sha256:059a0e3b2212f369982bdeec3430308ee9c2a2c157ca70079a5b9e433be12f16","all-forms-preview-048-0015","PROPOSED_SAFETY_CRITICAL","AERODROME_OPERATIONAL_SAFETY","true","SOURCE_MAPPING_REQUIRED","NOT_ATTESTED","CANDIDATE_INTERPRETATION_REQUIRES_EXPERT_REVIEW","NOT_SUPPLIED"
"FSS-AGA-FORM-048","AGA 048.506","16","5","PDF page 5; protocol AGA 048.506; Protocol question column","NAMCARs 139.16.3 | NAMCATS 139.16.3","Are each rescue and fire- fighting vehicle equipped with adequate fire-fighting equipment?","sha256:4f0a16150762c48bd8a9aa0ce73fc4cb2057d359f9b894be192b07c643fea432","all-forms-preview-048-0016","PROPOSED_SAFETY_CRITICAL","AERODROME_OPERATIONAL_SAFETY","true","SOURCE_MAPPING_REQUIRED","NOT_ATTESTED","CANDIDATE_INTERPRETATION_REQUIRES_EXPERT_REVIEW","NOT_SUPPLIED"
"FSS-AGA-FORM-048","AGA 048.508","17","6","PDF page 6; protocol AGA 048.508; Protocol question column","NAMCARs 139.16.3 | NAMCATS 139.16.3","Does the Aerodrome have adequate rescue equipment at the scene of any aircraft accident?","sha256:6c500ad7a81771833c1675ba2ae89f85a8909ca3c30b94cb4cc5ee86e1a4aaf9","all-forms-preview-048-0017","PROPOSED_SAFETY_CRITICAL","AERODROME_OPERATIONAL_SAFETY","true","SOURCE_MAPPING_REQUIRED","NOT_ATTESTED","CANDIDATE_INTERPRETATION_REQUIRES_EXPERT_REVIEW","NOT_SUPPLIED"
"FSS-AGA-FORM-048","AGA 048.602","18","7","PDF page 7; protocol AGA 048.602; Protocol question column","NAMCARs 139.16.3 | NAMCATS 139.16.3","Is the response time in optimum visibility and surface conditions conform to the requirements?","sha256:5b19ef5c32e359687a86e021874a7c0133c59d5398db5d8e5a6644d76ff57109","all-forms-preview-048-0018","PROPOSED_REVIEW_REQUIRED","UNCLASSIFIED","false","SOURCE_MAPPING_REQUIRED","NOT_ATTESTED","CANDIDATE_INTERPRETATION_REQUIRES_EXPERT_REVIEW","NOT_SUPPLIED"
"FSS-AGA-FORM-048","AGA 048.604","19","7","PDF page 7; protocol AGA 048.604; Protocol question column","NAMCARs 139.16.3 | NAMCATS 139.16.3","Are the rescue and fire fighting vehicles able to respond 1000 m from the threshold of each runway in the approach?","sha256:129792d55386d05f8f2c8328b12218e798f5c4c962a8d5587a5feb9507a2ee3c","all-forms-preview-048-0019","PROPOSED_SAFETY_CRITICAL","AERODROME_OPERATIONAL_SAFETY","true","SOURCE_MAPPING_REQUIRED","NOT_ATTESTED","CANDIDATE_INTERPRETATION_REQUIRES_EXPERT_REVIEW","NOT_SUPPLIED"
"FSS-AGA-FORM-048","AGA 048.802","20","7","PDF page 7; protocol AGA 048.802; Protocol question column","NAMCARs 139.17.2 | NAMCATS 139.17.2","Does the aerodrome operator have a mechanism in place to maintain fire fighting vehicle or vehicles?","sha256:3dec519d7167f055d04d73ddd079b0440543d735e141f7956e1910747660ec9f","all-forms-preview-048-0020","PROPOSED_SAFETY_CRITICAL","AERODROME_OPERATIONAL_SAFETY","true","SOURCE_MAPPING_REQUIRED","NOT_ATTESTED","CANDIDATE_INTERPRETATION_REQUIRES_EXPERT_REVIEW","NOT_SUPPLIED"
"FSS-AGA-FORM-048","AGA 048.804","21","8","PDF page 8; protocol AGA 048.804; Protocol question column","NAMCARs 139.17.2 | NAMCATS 139.17.2","Does the aerodrome operator carry out maintenance, and testing of the water refill source and associated distribution system regularly?","sha256:3b348536538d0b76625f4c168e52dd8f263112f6124df315e2001f30f1305b19","all-forms-preview-048-0021","PROPOSED_HIGH_OPERATIONAL","OPERATIONAL_ASSURANCE","false","SOURCE_MAPPING_REQUIRED","NOT_ATTESTED","CANDIDATE_INTERPRETATION_REQUIRES_EXPERT_REVIEW","NOT_SUPPLIED"
"FSS-AGA-FORM-048","AGA 048.806","22","8","PDF page 8; protocol AGA 048.806; Protocol question column","NAMCARs 139.17.2 | NAMCATS 139.17.2","Does the aerodrome operator regularly conduct inspection and physical tests where necessary on the emergency gate/s?","sha256:2bab68bfd949035be24cebd07d43d7805a630c40c8c0ed3e8528c9ae9fd8e944","all-forms-preview-048-0022","PROPOSED_SAFETY_CRITICAL","AERODROME_OPERATIONAL_SAFETY","true","SOURCE_MAPPING_REQUIRED","NOT_ATTESTED","CANDIDATE_INTERPRETATION_REQUIRES_EXPERT_REVIEW","NOT_SUPPLIED"
"FSS-AGA-FORM-048","AGA 048.1002","23","8","PDF page 8; protocol AGA 048.1002; Protocol question column","NAMCARs 139.16.3 | NAMCATS 139.16.3","Does the aerodrome operator have an adequate system to assess initial and continuous fitness of rescue and fire fighting personnel?","sha256:6824bb202f07b756dd52d720c64cc6b1ebae5cdc63c44e992f32ac0383a6416e","all-forms-preview-048-0023","PROPOSED_SAFETY_CRITICAL","AERODROME_OPERATIONAL_SAFETY","true","SOURCE_MAPPING_REQUIRED","NOT_ATTESTED","CANDIDATE_INTERPRETATION_REQUIRES_EXPERT_REVIEW","NOT_SUPPLIED"
"FSS-AGA-FORM-048","AGA 048.1004","24","8","PDF page 8; protocol AGA 048.1004; Protocol question column","NAMCARs 139.16.3 | NAMCATS 139.16.3","Are all responding rescue and fire fighting personnel are provided with protective clothing and respiratory equipment?","sha256:7e066e7184bb9aabe64566a1a32f7d576f74ead10860bb8e19317ebaa7b67eb4","all-forms-preview-048-0024","PROPOSED_SAFETY_CRITICAL","AERODROME_OPERATIONAL_SAFETY","true","SOURCE_MAPPING_REQUIRED","NOT_ATTESTED","CANDIDATE_INTERPRETATION_REQUIRES_EXPERT_REVIEW","NOT_SUPPLIED"
"FSS-AGA-FORM-048","AGA 048.1102","25","8","PDF page 8; protocol AGA 048.1102; Protocol question column","NAMCARs 139.01.7 | NAMCATS 139.01.7","Does the aerodrome employ an operating procedure for notification of aerodrome data and reporting changes to aerodrome information?","sha256:8bedf5b0b2933f0ab69bcb335539bc5ef15c789a886fda4664b367c65c6f526a","all-forms-preview-048-0025","PROPOSED_HIGH_OPERATIONAL","OPERATIONAL_ASSURANCE","false","SOURCE_MAPPING_REQUIRED","NOT_ATTESTED","CANDIDATE_INTERPRETATION_REQUIRES_EXPERT_REVIEW","NOT_SUPPLIED"
"FSS-AGA-FORM-048","AGA 048.1104","26","8","PDF page 8; protocol AGA 048.1104; Protocol question column","NAMCARs 139.01.7 | NAMCATS 139.01.7","Does the procedure for notification of aerodrome and reporting changes clearly identify the information that require the issuance of a NOTAM?","sha256:96886c59589376dd35cf9846cfa45704a99a3fd3972a1c7498c98f5323ed6f07","all-forms-preview-048-0026","PROPOSED_SAFETY_CRITICAL","AERODROME_OPERATIONAL_SAFETY","true","SOURCE_MAPPING_REQUIRED","NOT_ATTESTED","CANDIDATE_INTERPRETATION_REQUIRES_EXPERT_REVIEW","NOT_SUPPLIED"
"FSS-AGA-FORM-048","AGA 048.1106","27","9","PDF page 9; protocol AGA 048.1106; Protocol question column","NAMCARs 139.01.7 | NAMCATS 139.01.7","Does the aerodrome employ an operating procedure for reporting safety occurrences?","sha256:4827ca1c12ccc665f7158f06a64698250e2d059269553cf9630d9016474e4af6","all-forms-preview-048-0027","PROPOSED_REVIEW_REQUIRED","UNCLASSIFIED","false","SOURCE_MAPPING_REQUIRED","NOT_ATTESTED","CANDIDATE_INTERPRETATION_REQUIRES_EXPERT_REVIEW","NOT_SUPPLIED"
"FSS-AGA-FORM-048","AGA 048.1108","28","9","PDF page 9; protocol AGA 048.1108; Protocol question column","NAMCARs 139.08.4 | NAMCATS 139.08.4 | NAMCARs 139.08.6 | NAMCATS 139.08.6","Does the incidence reporting procedure include investigation and sharing the report with stakeholders?","sha256:cc6391a5520269ddf3e37ad33b3b7ada64f0a622101266bb3f871d8a1c51346f","all-forms-preview-048-0028","PROPOSED_REVIEW_REQUIRED","UNCLASSIFIED","false","SOURCE_MAPPING_REQUIRED","NOT_ATTESTED","CANDIDATE_INTERPRETATION_REQUIRES_EXPERT_REVIEW","NOT_SUPPLIED"
"FSS-AGA-FORM-050","AGA 050.101","1","1","raw PDF page 1; AGA 050.101; Protocol question column","NAMCARs 139.08.7","Has the aerodrome operator established at the aerodrome a runway safety programme for the prevention of runway incursion?","sha256:64789e1f6ad71961ba288d089be72890b0e452c1eed26baac4a0968b8984e740","all-forms-preview-050-0001","PROPOSED_SAFETY_CRITICAL","AERODROME_OPERATIONAL_SAFETY","true","SOURCE_MAPPING_REQUIRED","NOT_ATTESTED","CANDIDATE_INTERPRETATION_REQUIRES_EXPERT_REVIEW","NOT_SUPPLIED"
"FSS-AGA-FORM-050","AGA 050.103","2","1","raw PDF page 1; AGA 050.103; Protocol question column","NAMCARs 139.08.7","Has the aerodrome operator established a runway safety team (RST) at the aerodromes to oversee the implementation of the runway safety programme?","sha256:db2feb45fa8b303bdcc38a98fcc55c1748d6e652c11c4578ceda21ecf23a0e4b","all-forms-preview-050-0002","PROPOSED_SAFETY_CRITICAL","AERODROME_OPERATIONAL_SAFETY","true","SOURCE_MAPPING_REQUIRED","NOT_ATTESTED","CANDIDATE_INTERPRETATION_REQUIRES_EXPERT_REVIEW","NOT_SUPPLIED"
"FSS-AGA-FORM-050","AGA 050.105","3","1","raw PDF page 1; AGA 050.105; Protocol question column","NAMCARs 139.08.7","Have the primary roles of the runway safety team been specified?","sha256:a9c541321d12afb60e4570b376cd56a582b083b58f0b2ea593968507672b88f8","all-forms-preview-050-0003","PROPOSED_SAFETY_CRITICAL","AERODROME_OPERATIONAL_SAFETY","true","SOURCE_MAPPING_REQUIRED","NOT_ATTESTED","CANDIDATE_INTERPRETATION_REQUIRES_EXPERT_REVIEW","NOT_SUPPLIED"
"FSS-AGA-FORM-050","AGA 050.107","4","1","raw PDF page 1; AGA 050.107; Protocol question column","NAMCARs 139.08.7","Does the RST comprise of all the relevant stakeholders at the aerodrome?","sha256:a81eaac166589777940af827ab91ec64fd0633b408a84c36080aa84c36818f8f","all-forms-preview-050-0004","PROPOSED_SAFETY_CRITICAL","AERODROME_OPERATIONAL_SAFETY","true","SOURCE_MAPPING_REQUIRED","NOT_ATTESTED","CANDIDATE_INTERPRETATION_REQUIRES_EXPERT_REVIEW","NOT_SUPPLIED"
"FSS-AGA-FORM-050","AGA 050.109","5","2","raw PDF page 2; AGA 050.109; Protocol question column","NAMCARs 139.08.7","Has the aerodrome operator clearly define the terms of reference for the RST?","sha256:11ad27f8ea825ac1997cc8cc53fd2cff0723dd609cef33b82f86c277b053a633","all-forms-preview-050-0005","PROPOSED_SAFETY_CRITICAL","AERODROME_OPERATIONAL_SAFETY","true","SOURCE_MAPPING_REQUIRED","NOT_ATTESTED","CANDIDATE_INTERPRETATION_REQUIRES_EXPERT_REVIEW","NOT_SUPPLIED"
"FSS-AGA-FORM-050","AGA 050.111","6","3","raw PDF page 3; AGA 050.111; Protocol question column","NAMCARs 139.08.7","Has the duties and responsibilities of the RST been defined to enable them to meet their terms of reference?","sha256:8d6eb3af0f8ee7f818a2644cb5aa5d4af6a23a457966c1265d18af08db431e47","all-forms-preview-050-0006","PROPOSED_SAFETY_CRITICAL","AERODROME_OPERATIONAL_SAFETY","true","SOURCE_MAPPING_REQUIRED","NOT_ATTESTED","CANDIDATE_INTERPRETATION_REQUIRES_EXPERT_REVIEW","NOT_SUPPLIED"
"FSS-AGA-FORM-050","AGA 050.113","7","5","raw PDF page 5; AGA 050.113; Protocol question column","NAMCARs 139.08.7","Has a person been nominated to act as the Chairperson of the RST?","sha256:70e05709ab00abac73e775f4f55b17c2b0f8fcbd285541352678f57c785bc459","all-forms-preview-050-0007","PROPOSED_SAFETY_CRITICAL","AERODROME_OPERATIONAL_SAFETY","true","SOURCE_MAPPING_REQUIRED","NOT_ATTESTED","CANDIDATE_INTERPRETATION_REQUIRES_EXPERT_REVIEW","NOT_SUPPLIED"
"FSS-AGA-FORM-050","AGA 050.115","8","5","raw PDF page 5; AGA 050.115; Protocol question column","NAMCARs 139.08.7","Have the roles and responsibilities of the Chairperson of the RST been clearly defined?","sha256:89b4cea2b3bef813399ecd7fa07d971a7261dd26fa8078681b2ca97583ff0d6a","all-forms-preview-050-0008","PROPOSED_SAFETY_CRITICAL","AERODROME_OPERATIONAL_SAFETY","true","SOURCE_MAPPING_REQUIRED","NOT_ATTESTED","CANDIDATE_INTERPRETATION_REQUIRES_EXPERT_REVIEW","NOT_SUPPLIED"
"FSS-AGA-FORM-050","AGA 050.119","9","6","raw PDF page 6; AGA 050.119; Protocol question column","NAMCARs 139.08.7","Has the RST developed the outline on the goals/objectives of the runway safety programme?","sha256:ed0cb602396a94da1b8fc421261483a30d64182e3c8392f11d1d83c1804bd941","all-forms-preview-050-0009","PROPOSED_SAFETY_CRITICAL","AERODROME_OPERATIONAL_SAFETY","true","SOURCE_MAPPING_REQUIRED","NOT_ATTESTED","CANDIDATE_INTERPRETATION_REQUIRES_EXPERT_REVIEW","NOT_SUPPLIED"
"FSS-AGA-FORM-050","AGA 050.121","10","7","raw PDF page 7; AGA 050.121; Protocol question column","NAMCARs 139.08.7","Are procedures in place to ensure effective implementation of the runway safety programme?","sha256:571bb4c9d6563131bab1fcbf75abbdca3321f430ab55741604b0df888202e8eb","all-forms-preview-050-0010","PROPOSED_SAFETY_CRITICAL","AERODROME_OPERATIONAL_SAFETY","true","SOURCE_MAPPING_REQUIRED","NOT_ATTESTED","CANDIDATE_INTERPRETATION_REQUIRES_EXPERT_REVIEW","NOT_SUPPLIED"
"FSS-AGA-FORM-050","AGA 050.509","11","9","raw PDF page 9; AGA 050.509; Protocol question column","NAMCARs 139.08.7 | NAMCATS 139.08.7","Has the aerodrome operator established a standardized procedure for reporting and analysing information on runway incursions?","sha256:205862cb9b3e1aad8fe0b0057daa73e3c2a2ac317d4bb9cde7a0515e79cf39c1","all-forms-preview-050-0011","PROPOSED_SAFETY_CRITICAL","AERODROME_OPERATIONAL_SAFETY","true","SOURCE_MAPPING_REQUIRED","NOT_ATTESTED","CANDIDATE_INTERPRETATION_REQUIRES_EXPERT_REVIEW","NOT_SUPPLIED"
"FSS-AGA-FORM-050","AGA 050.205","12","9","raw PDF page 9; AGA 050.205; Protocol question column","NAMCARs 139.08.7 | NAMCATS 139.08.7","Is the runway safety programme implemented as part of the safety management system (SMS) of the aerodrome operator?","sha256:4e764c2a25698f841693bd885bc6f134b40faa806c0442f7da3e6c9c19b7aff6","all-forms-preview-050-0012","PROPOSED_SAFETY_CRITICAL","AERODROME_OPERATIONAL_SAFETY","true","SOURCE_MAPPING_REQUIRED","NOT_ATTESTED","CANDIDATE_INTERPRETATION_REQUIRES_EXPERT_REVIEW","NOT_SUPPLIED"
"FSS-AGA-FORM-050","AGA 050.307","13","9","raw PDF page 9; AGA 050.307; Protocol question column","NAMCARs 139.08.7","Does the aerodrome have in place formal driver training and assessment programme?","sha256:ce5fb5093b327def9b3590d1012dbf48ff00cf4d1b8cfc776de4860799b3438c","all-forms-preview-050-0013","PROPOSED_SAFETY_CRITICAL","AERODROME_OPERATIONAL_SAFETY","true","SOURCE_MAPPING_REQUIRED","NOT_ATTESTED","CANDIDATE_INTERPRETATION_REQUIRES_EXPERT_REVIEW","NOT_SUPPLIED"
"FSS-AGA-FORM-050","AGA 050.309","14","9","raw PDF page 9; AGA 050.309; Protocol question column","NAMCARs 139.08.7","Are arrangements in place for formal communications training and assessment to be conducted for drivers and other personnel who operate on or near the runway?","sha256:e3b7ee2fcef7d72c2aec318166ad40354ac9ce4e8356134dc13233c690b519bf","all-forms-preview-050-0014","PROPOSED_SAFETY_CRITICAL","AERODROME_OPERATIONAL_SAFETY","true","SOURCE_MAPPING_REQUIRED","NOT_ATTESTED","CANDIDATE_INTERPRETATION_REQUIRES_EXPERT_REVIEW","NOT_SUPPLIED"
"FSS-AGA-FORM-050","AGA 050.331","15","9","raw PDF page 9; AGA 050.331; Protocol question column","NAMCARs 139.08.7","Are suitable strategies put in place to mitigate or eliminate the risks?","sha256:4a0a3e8c63247db068b00ab030977969894cf18e8638018c89cae1f57d579d9a","all-forms-preview-050-0015","PROPOSED_SAFETY_CRITICAL","AERODROME_OPERATIONAL_SAFETY","true","SOURCE_MAPPING_REQUIRED","NOT_ATTESTED","CANDIDATE_INTERPRETATION_REQUIRES_EXPERT_REVIEW","NOT_SUPPLIED"
"FSS-AGA-FORM-050","AGA 050.333","16","10","raw PDF page 10; AGA 050.333; Protocol question column","NAMCARs 139.08.7","Has the RST developed a plan specific to the aerodrome containing action items for mitigating runway safety deficiencies at the aerodrome?","sha256:bdfeca600f7401ab37c0e2fdb4e28345cb8ddb4873484c065116351f0784d911","all-forms-preview-050-0016","PROPOSED_SAFETY_CRITICAL","AERODROME_OPERATIONAL_SAFETY","true","SOURCE_MAPPING_REQUIRED","NOT_ATTESTED","CANDIDATE_INTERPRETATION_REQUIRES_EXPERT_REVIEW","NOT_SUPPLIED"
"FSS-AGA-FORM-050","AGA 050.335","17","10","raw PDF page 10; AGA 050.335; Protocol question column","NAMCARs 139.08.7","Does the action plan include specific recommendations for each action item?","sha256:aac4a7259299fa89dd300738b832f9107d81a111a5e273800356e889a387575a","all-forms-preview-050-0017","PROPOSED_SAFETY_CRITICAL","AERODROME_OPERATIONAL_SAFETY","true","SOURCE_MAPPING_REQUIRED","NOT_ATTESTED","CANDIDATE_INTERPRETATION_REQUIRES_EXPERT_REVIEW","NOT_SUPPLIED"
"FSS-AGA-FORM-050","AGA 050.337","18","11","raw PDF page 11; AGA 050.337; Protocol question column","NAMCARs 139.08.7","If the answer to AGA 050.335 is YES Does the action plans include making formal recommendations to affected stakeholders?","sha256:e1f90f91633b4e1e13d24fe75a99402f19ce0ec4b3457d6e34279906f4ffd36e","all-forms-preview-050-0018","PROPOSED_SAFETY_CRITICAL","AERODROME_OPERATIONAL_SAFETY","true","SOURCE_MAPPING_REQUIRED","NOT_ATTESTED","CANDIDATE_INTERPRETATION_REQUIRES_EXPERT_REVIEW","NOT_SUPPLIED"
"FSS-AGA-FORM-050","AGA 050.339","19","11","raw PDF page 11; AGA 050.339; Protocol question column","NAMCARs 139.08.7","Are arrangements in place to ensure follow-up on the implementation of the action items including having a designated person or organization which is responsible for completing the relevant tasks?","sha256:1fdaa49f20e6a641ea2cfcc43296bc233d7a142b0c32d4148b1ce149634ff936","all-forms-preview-050-0019","PROPOSED_SAFETY_CRITICAL","AERODROME_OPERATIONAL_SAFETY","true","SOURCE_MAPPING_REQUIRED","NOT_ATTESTED","CANDIDATE_INTERPRETATION_REQUIRES_EXPERT_REVIEW","NOT_SUPPLIED"
"FSS-AGA-FORM-050","AGA 050.341","20","11","raw PDF page 11; AGA 050.341; Protocol question column","NAMCARs 139.08.7","Does the action plan have realistic time frames to accomplish the work associated with each action item?","sha256:93d6455edbf829c50a858887db2a0f7f89b0585721321a55264f1f34a799696a","all-forms-preview-050-0020","PROPOSED_SAFETY_CRITICAL","AERODROME_OPERATIONAL_SAFETY","true","SOURCE_MAPPING_REQUIRED","NOT_ATTESTED","CANDIDATE_INTERPRETATION_REQUIRES_EXPERT_REVIEW","NOT_SUPPLIED"
"FSS-AGA-FORM-050","AGA 050.343","21","12","raw PDF page 12; AGA 050.343; Protocol question column","NAMCARs 139.08.7","Does the RST have a mechanism in place for re-evaluating the action plans and action items where results of the assessment shows little or no improvement in the number, type or severity of runway incursions?","sha256:c11d2f49067b05dc685259caa692fa7c9634e09d29caa5f64e3346bf36419606","all-forms-preview-050-0021","PROPOSED_SAFETY_CRITICAL","AERODROME_OPERATIONAL_SAFETY","true","SOURCE_MAPPING_REQUIRED","NOT_ATTESTED","CANDIDATE_INTERPRETATION_REQUIRES_EXPERT_REVIEW","NOT_SUPPLIED"
"FSS-AGA-FORM-050","AGA 050.351","22","12","raw PDF page 12; AGA 050.351; Protocol question column","NAMCARs 139.08.7","Does the RST ensure that runway incursion prevention education and awareness campaigns are periodically updated to maintain effectiveness and interest of the audience?","sha256:a4f1566e4d05059cdda931802706203cceace9afc5246c2bb8b4dc2d5dfbc0c6","all-forms-preview-050-0022","PROPOSED_SAFETY_CRITICAL","AERODROME_OPERATIONAL_SAFETY","true","SOURCE_MAPPING_REQUIRED","NOT_ATTESTED","CANDIDATE_INTERPRETATION_REQUIRES_EXPERT_REVIEW","NOT_SUPPLIED"
"FSS-AGA-FORM-050","AGA 050.353","23","12","raw PDF page 12; AGA 050.353; Protocol question column","NAMCARs 139.08.7","Does the RST ensure that the scope of the runway incursion prevention education and awareness campaigns are adjusted to meet the operational needs of the target audience?","sha256:15880648aa351a0041dcc80d2c7db66bd44521c192a82c54107e70ee6e71797f","all-forms-preview-050-0023","PROPOSED_SAFETY_CRITICAL","AERODROME_OPERATIONAL_SAFETY","true","SOURCE_MAPPING_REQUIRED","NOT_ATTESTED","CANDIDATE_INTERPRETATION_REQUIRES_EXPERT_REVIEW","NOT_SUPPLIED"
"FSS-AGA-FORM-050","AGA 050.357","24","12","raw PDF page 12; AGA 050.357; Protocol question column","NAMCARs 139.08.7","Does the RST continually monitor the runway safety activities and identify areas in need of improvement?","sha256:4a436c8391670585945a240c23c3476f2c80de4e9457533380cc49e27659de44","all-forms-preview-050-0024","PROPOSED_SAFETY_CRITICAL","AERODROME_OPERATIONAL_SAFETY","true","SOURCE_MAPPING_REQUIRED","NOT_ATTESTED","CANDIDATE_INTERPRETATION_REQUIRES_EXPERT_REVIEW","NOT_SUPPLIED"
"FSS-AGA-FORM-050","AGA 050.359","25","12","raw PDF page 12; AGA 050.359; Protocol question column","NAMCARs 139.08.7","Does the RST carry out internal and external reviews of the runway safety programme to ensure improvement of runway safety?","sha256:72d9020d6e769b06dcd3cdb61d2b39444e8aefd0e502a21cb941305e10072fed","all-forms-preview-050-0025","PROPOSED_SAFETY_CRITICAL","AERODROME_OPERATIONAL_SAFETY","true","SOURCE_MAPPING_REQUIRED","NOT_ATTESTED","CANDIDATE_INTERPRETATION_REQUIRES_EXPERT_REVIEW","NOT_SUPPLIED"
"FSS-AGA-FORM-050","AGA 050.361","26","12","raw PDF page 12; AGA 050.361; Protocol question column","NAMCARs 139.08.7","Does the RST at least once every six months during a scheduled meeting discuss and review items Yes No Verify that the items discuss and reviewed include: the runway safety team terms of Satisfactory Not satisfactory NAM ref. Protocol question Reply Guidance for review of protocol question Status of implementation Evidence/ Notes/Co mments Yes/Sat: Yes/Not Sat: No/Not Sat: N/A: FSS–AGA–FORM 050 31 January 2021 13 of 17 for the purpose of improvement?","sha256:4a269f4aae554ed7cb5d322a37d9a8b9717e128fd2ba44365a7828daa680aabd","all-forms-preview-050-0026","PROPOSED_SAFETY_CRITICAL","AERODROME_OPERATIONAL_SAFETY","true","SOURCE_MAPPING_REQUIRED","NOT_ATTESTED","CANDIDATE_INTERPRETATION_REQUIRES_EXPERT_REVIEW","NOT_SUPPLIED"
"FSS-AGA-FORM-050","AGA 050.373","27","14","raw PDF page 14; AGA 050.373; Protocol question column","NAMCARs 139.08.7","Has the aerodrome operator ensured that runway safety related data is shared with other aviation safety organizations both nationally and internationally to enhance lesson learning?","sha256:7f0e0e41470ebf50c04d5387f694044580fb9cc17af13e20ec86c518568bf4fc","all-forms-preview-050-0027","PROPOSED_SAFETY_CRITICAL","AERODROME_OPERATIONAL_SAFETY","true","SOURCE_MAPPING_REQUIRED","NOT_ATTESTED","CANDIDATE_INTERPRETATION_REQUIRES_EXPERT_REVIEW","NOT_SUPPLIED"
"FSS-AGA-FORM-050","AGA 050.375","28","14","raw PDF page 14; AGA 050.375; Protocol question column","NAMCARs 139.08.7","Has the aerodrome operator ensured that time-critical aerodrome information that may affect operations on or near the runway is provided to pilots in “real time” using radiotelephony communications?","sha256:84c5ede408c8ba56d5c29f59debe1949223573ef1c374b2a0d26a77a161a47cf","all-forms-preview-050-0028","PROPOSED_SAFETY_CRITICAL","AERODROME_OPERATIONAL_SAFETY","true","SOURCE_MAPPING_REQUIRED","NOT_ATTESTED","CANDIDATE_INTERPRETATION_REQUIRES_EXPERT_REVIEW","NOT_SUPPLIED"
"FSS-AGA-FORM-050","AGA 050.377","29","14","raw PDF page 14; AGA 050.377; Protocol question column","NAMCARs 139.08.7","Has the aerodrome operator ensured that the collection, provision and dissemination of runway safety related aeronautical information is in accordance with prescribed standards?","sha256:71a0f8c4789e5827b993f5301ee96b4643794871262dc0efece87b434bdef3cc","all-forms-preview-050-0029","PROPOSED_SAFETY_CRITICAL","AERODROME_OPERATIONAL_SAFETY","true","SOURCE_MAPPING_REQUIRED","NOT_ATTESTED","CANDIDATE_INTERPRETATION_REQUIRES_EXPERT_REVIEW","NOT_SUPPLIED"
"FSS-AGA-FORM-050","AGA 050.383","30","14","raw PDF page 14; AGA 050.383; Protocol question column","NAMCARs 139.08.7","Has a process been put in place to enable users of aeronautical information to provide feedback on the accuracy of the runway safety-related aeronautical information received?","sha256:3876af0698b353bdad91db8683d48fef02322f13ab055091592039ada096b212","all-forms-preview-050-0030","PROPOSED_SAFETY_CRITICAL","AERODROME_OPERATIONAL_SAFETY","true","SOURCE_MAPPING_REQUIRED","NOT_ATTESTED","CANDIDATE_INTERPRETATION_REQUIRES_EXPERT_REVIEW","NOT_SUPPLIED"
"FSS-AGA-FORM-050","AGA 050.385","31","14","raw PDF page 14; AGA 050.385; Protocol question column","NAMCARs 139.08.7","Has the aerodrome operator put in place necessary mechanisms to ensure effective collaboration of all parties involved in or with an interest in runway incursion?","sha256:661b07a6a491fc0ef1d3ca14b5e1ea611b7a54e4f09a9fbd168a71faff1c203f","all-forms-preview-050-0031","PROPOSED_SAFETY_CRITICAL","AERODROME_OPERATIONAL_SAFETY","true","SOURCE_MAPPING_REQUIRED","NOT_ATTESTED","CANDIDATE_INTERPRETATION_REQUIRES_EXPERT_REVIEW","NOT_SUPPLIED"
"FSS-AGA-FORM-050","AGA 050.387","32","15","raw PDF page 15; AGA 050.387; Protocol question column","NAMCARs 139.08.7","Has the aerodrome operator put in place necessary mechanisms to engage the various stakeholders at the aerodrome in ensuring that the runway incursion prevention programme is successful and achieves its intended objective?","sha256:0ba9446af2c0ce34bd251f0dda5f776d28ec6d397cf13af9f40d5146688a745b","all-forms-preview-050-0032","PROPOSED_SAFETY_CRITICAL","AERODROME_OPERATIONAL_SAFETY","true","SOURCE_MAPPING_REQUIRED","NOT_ATTESTED","CANDIDATE_INTERPRETATION_REQUIRES_EXPERT_REVIEW","NOT_SUPPLIED"
"FSS-AGA-FORM-050","AGA 050.388","33","15","raw PDF page 15; AGA 050.388; Protocol question column","NAMCARs 139.08.7","Has the RST identified a person responsible for keeping records of observed and identified hazards, safety events and corrective actions for the purpose of trend analysis?","sha256:c034228ccc79c0ab97684c511a25ff87d72142d2b51f75320e3425520a8ec6d3","all-forms-preview-050-0033","PROPOSED_SAFETY_CRITICAL","AERODROME_OPERATIONAL_SAFETY","true","SOURCE_MAPPING_REQUIRED","NOT_ATTESTED","CANDIDATE_INTERPRETATION_REQUIRES_EXPERT_REVIEW","NOT_SUPPLIED"
"FSS-AGA-FORM-050","AGA 050.389","34","15","raw PDF page 15; AGA 050.389; Protocol question column","NAMCARs 139.08.7","Has the RST in collaboration with other RSTs from other aerodromes put in place a mechanism that allow for data sharing across various locations and which will support the teams in identifying proper mitigation strategies?","sha256:709258de0bdb5a1915c5ab03776f8b1f151b8fd2996c75423979397ff70e1b78","all-forms-preview-050-0034","PROPOSED_SAFETY_CRITICAL","AERODROME_OPERATIONAL_SAFETY","true","SOURCE_MAPPING_REQUIRED","NOT_ATTESTED","CANDIDATE_INTERPRETATION_REQUIRES_EXPERT_REVIEW","NOT_SUPPLIED"
"FSS-AGA-FORM-050","AGA 050.391","35","16","raw PDF page 16; AGA 050.391; Protocol question column","NAMCARs 139.08.7","Does the aerodrome operator carry out periodic review of the runway safety programme?","sha256:e51b8ed14200b33494c056efdd71f815dcca2bf91e90f1e0a3e2ec231d3cf0da","all-forms-preview-050-0035","PROPOSED_SAFETY_CRITICAL","AERODROME_OPERATIONAL_SAFETY","true","SOURCE_MAPPING_REQUIRED","NOT_ATTESTED","CANDIDATE_INTERPRETATION_REQUIRES_EXPERT_REVIEW","NOT_SUPPLIED"
"FSS-AGA-FORM-051","AGA 051.101","1","1","raw PDF page 1; AGA 051.101; Protocol question column","NAMCARs 139.08.6 | NAMCARs 140.02.1","Has the aerodrome operator developed a framework for the implementation and maintenance of an SMS at the aerodrome in accordance with the size and complexity of the aerodrome?","sha256:2f8a791e620175d5d385a24c08c065dbfcf93bffd52343c5b83b7c642e7d6c2f","all-forms-preview-051-0001","PROPOSED_SAFETY_CRITICAL","AERODROME_OPERATIONAL_SAFETY","true","SOURCE_MAPPING_REQUIRED","NOT_ATTESTED","CANDIDATE_INTERPRETATION_REQUIRES_EXPERT_REVIEW","NOT_SUPPLIED"
"FSS-AGA-FORM-051","AGA 051.103","2","1","raw PDF page 1; AGA 051.103; Protocol question column","NAMCARs 139.08.6 | NAMCARs 140.02.1","Has the aerodrome operator conducted an SMS gap analysis to develop the SMS framework?","sha256:1a7897bea71098a41be7a803bb2246e5d32bb3d796bae3e77735a79a1c363a94","all-forms-preview-051-0002","PROPOSED_SAFETY_CRITICAL","AERODROME_OPERATIONAL_SAFETY","true","SOURCE_MAPPING_REQUIRED","NOT_ATTESTED","CANDIDATE_INTERPRETATION_REQUIRES_EXPERT_REVIEW","NOT_SUPPLIED"
"FSS-AGA-FORM-051","AGA 051.111","3","4","raw PDF page 4; AGA 051.111; Protocol question column","NAMCARs 139.08.6","Has the aerodrome operator integrated existing systems into the aerodrome SMS framework?","sha256:690c5da3febf4dc8b7af878dc7ad0805e52586cf25bff9c46d3e7bddfbeb6149","all-forms-preview-051-0003","PROPOSED_SAFETY_CRITICAL","AERODROME_OPERATIONAL_SAFETY","true","SOURCE_MAPPING_REQUIRED","NOT_ATTESTED","CANDIDATE_INTERPRETATION_REQUIRES_EXPERT_REVIEW","NOT_SUPPLIED"
"FSS-AGA-FORM-051","AGA 051.201","4","5","raw PDF page 5; AGA 051.201; Protocol question column","NAMCARs 139.08.6","Has the aerodrome operator defined its safety policy in accordance with the regulatory requirements?","sha256:fa378c5e44e1155768093890126dc36f6f83e40abd0c11f7ed9fcbf4a740440f","all-forms-preview-051-0004","PROPOSED_SAFETY_CRITICAL","AERODROME_OPERATIONAL_SAFETY","true","SOURCE_MAPPING_REQUIRED","NOT_ATTESTED","CANDIDATE_INTERPRETATION_REQUIRES_EXPERT_REVIEW","NOT_SUPPLIED"
"FSS-AGA-FORM-051","AGA 051.203","5","6","raw PDF page 6; AGA 051.203; Protocol question column","NAMCARs 139.08.6","Does the organizational commitment regarding safety comply to the requirements?","sha256:30f32610b43e47f87f700a6b2f7b9d3c875c07c4735738881cd94ac9cf7c4a51","all-forms-preview-051-0005","PROPOSED_SAFETY_CRITICAL","AERODROME_OPERATIONAL_SAFETY","true","SOURCE_MAPPING_REQUIRED","NOT_ATTESTED","CANDIDATE_INTERPRETATION_REQUIRES_EXPERT_REVIEW","NOT_SUPPLIED"
"FSS-AGA-FORM-051","AGA 051.205","6","6","raw PDF page 6; AGA 051.205; Protocol question column","NAMCARs 139.08.6","Does the The aerodrome operator ensure that management understands the responsibilities and provide resources to satisfy safety compliance?","sha256:212c84c2dbea3f3bb8eef2d98b537a4c835c8e2f7862b590e56a4f615bd6a56a","all-forms-preview-051-0006","PROPOSED_SAFETY_CRITICAL","AERODROME_OPERATIONAL_SAFETY","true","SOURCE_MAPPING_REQUIRED","NOT_ATTESTED","CANDIDATE_INTERPRETATION_REQUIRES_EXPERT_REVIEW","NOT_SUPPLIED"
"FSS-AGA-FORM-051","AGA 051.207","7","7","raw PDF page 7; AGA 051.207; Protocol question column","NAMCARs 139.08.6","Does the aerodrome operator clearly detail a “Reporting Culture” which promotes confidence within the organisation and enables the reporting of genuine errors?","sha256:28f1bab26170ad2d8dd19a33d19a92bb910e0dd7f7a3d3cb418c51e138a8bafb","all-forms-preview-051-0007","PROPOSED_SAFETY_CRITICAL","AERODROME_OPERATIONAL_SAFETY","true","SOURCE_MAPPING_REQUIRED","NOT_ATTESTED","CANDIDATE_INTERPRETATION_REQUIRES_EXPERT_REVIEW","NOT_SUPPLIED"
"FSS-AGA-FORM-051","AGA 051.209","8","7","raw PDF page 7; AGA 051.209; Protocol question column","NAMCARs 139.08.6","Does the aerdrome operator define acceptable and unacceptable behaviours?","sha256:42da902d6caa79c91e5dcdf12828dfee49a500f36b4777bfb34be19ffb8dbacd","all-forms-preview-051-0008","PROPOSED_SAFETY_CRITICAL","AERODROME_OPERATIONAL_SAFETY","true","SOURCE_MAPPING_REQUIRED","NOT_ATTESTED","CANDIDATE_INTERPRETATION_REQUIRES_EXPERT_REVIEW","NOT_SUPPLIED"
"FSS-AGA-FORM-051","AGA 051.211","9","7","raw PDF page 7; AGA 051.211; Protocol question column","NAMCARs 139.08.6","Has the aerodrome operator communicated the safety policy, with visible endorsement throughout the organisation?","sha256:fbddb8af380acee10794b80d2fad603d1afc524f5ada0e185ac1249894437b4b","all-forms-preview-051-0009","PROPOSED_SAFETY_CRITICAL","AERODROME_OPERATIONAL_SAFETY","true","SOURCE_MAPPING_REQUIRED","NOT_ATTESTED","CANDIDATE_INTERPRETATION_REQUIRES_EXPERT_REVIEW","NOT_SUPPLIED"
"FSS-AGA-FORM-051","AGA 051.213","10","7","raw PDF page 7; AGA 051.213; Protocol question column","NAMCARs 139.08.6","Does the aerodrome operator periodically review the SMS manual?","sha256:2408da6f7f90a939f509f3dfad0759234ad14e68f6e780601e64783e64824d11","all-forms-preview-051-0010","PROPOSED_SAFETY_CRITICAL","AERODROME_OPERATIONAL_SAFETY","true","SOURCE_MAPPING_REQUIRED","NOT_ATTESTED","CANDIDATE_INTERPRETATION_REQUIRES_EXPERT_REVIEW","NOT_SUPPLIED"
"FSS-AGA-FORM-051","AGA 051.215","11","8","raw PDF page 8; AGA 051.215; Protocol question column","NAMCARs 139.08.6 | NAMCARs 140.02.1","Has the aerodrome operator set the safety objectives and standards for safety performance consisting of statements of intended safety outcomes?","sha256:c625ea57f0aa7265cf1c20e4258f229a3b92cd74f575d3cfc361b3b0334ccec3","all-forms-preview-051-0011","PROPOSED_SAFETY_CRITICAL","AERODROME_OPERATIONAL_SAFETY","true","SOURCE_MAPPING_REQUIRED","NOT_ATTESTED","CANDIDATE_INTERPRETATION_REQUIRES_EXPERT_REVIEW","NOT_SUPPLIED"
"FSS-AGA-FORM-051","AGA 051.223","12","9","raw PDF page 9; AGA 051.223; Protocol question column","NAMCARs 139.08.6 | NAMCARs 140.02.1","Has the aerodrome operator identified the accountable executive who, has ultimate responsibility and accountability, on behalf of the organization, for the implementation and maintenance of the SMS?","sha256:654f1584ada1e6bf87016efbfabeb50cfb09aab99e4a34b3cd945326151c3aae","all-forms-preview-051-0012","PROPOSED_SAFETY_CRITICAL","AERODROME_OPERATIONAL_SAFETY","true","SOURCE_MAPPING_REQUIRED","NOT_ATTESTED","CANDIDATE_INTERPRETATION_REQUIRES_EXPERT_REVIEW","NOT_SUPPLIED"
"FSS-AGA-FORM-051","AGA 051.225","13","9","raw PDF page 9; AGA 051.225; Protocol question column","NAMCARs 139.08.6","Has the aerodrome operator identified the accountabilities and responsibilities of all members of management with respect to the safety performance of the SMS?","sha256:3de5b2b094fa69eb7072427b3b1386c55c558f56a8834bb2fb164804d98d332b","all-forms-preview-051-0013","PROPOSED_SAFETY_CRITICAL","AERODROME_OPERATIONAL_SAFETY","true","SOURCE_MAPPING_REQUIRED","NOT_ATTESTED","CANDIDATE_INTERPRETATION_REQUIRES_EXPERT_REVIEW","NOT_SUPPLIED"
"FSS-AGA-FORM-051","AGA 051.229","14","10","raw PDF page 10; AGA 051.229; Protocol question column","NAMCARs 139.08.6","Has the aerodrome operator appointed a safety manager who is responsible for the effective implementation and maintenance of the SMS?","sha256:5f940fafee5e80fc7d0ab78e02b1e7d5e002e2a1f499185f1742930ab7806588","all-forms-preview-051-0014","PROPOSED_SAFETY_CRITICAL","AERODROME_OPERATIONAL_SAFETY","true","SOURCE_MAPPING_REQUIRED","NOT_ATTESTED","CANDIDATE_INTERPRETATION_REQUIRES_EXPERT_REVIEW","NOT_SUPPLIED"
"FSS-AGA-FORM-051","AGA 051.231","15","10","raw PDF page 10; AGA 051.231; Protocol question column","NAMCARs 139.08.6 | NAMCARs 140.02.3 | NAMCATS 140.02.3","Has the aerodrome operator established and implemented a safety review committee (SRC)?","sha256:cffdd397c4a7feb88738f4310594f7086e781f9cc8a94f811efcd11379479888","all-forms-preview-051-0015","PROPOSED_SAFETY_CRITICAL","AERODROME_OPERATIONAL_SAFETY","true","SOURCE_MAPPING_REQUIRED","NOT_ATTESTED","CANDIDATE_INTERPRETATION_REQUIRES_EXPERT_REVIEW","NOT_SUPPLIED"
"FSS-AGA-FORM-051","AGA 051.235","16","11","raw PDF page 11; AGA 051.235; Protocol question column","NAMCARs 139.08.6 | NAMCARs 140.02.3 | NAMCATS 140.02.3","Does the aerodrome operator established and implemented Safety Committee or safety action group(s)(SAG)?","sha256:a1d0e791f8143d8046714e7b26edfb8a9b19543f3104e61042b0dde484cc57e7","all-forms-preview-051-0016","PROPOSED_SAFETY_CRITICAL","AERODROME_OPERATIONAL_SAFETY","true","SOURCE_MAPPING_REQUIRED","NOT_ATTESTED","CANDIDATE_INTERPRETATION_REQUIRES_EXPERT_REVIEW","NOT_SUPPLIED"
"FSS-AGA-FORM-051","AGA 051.239","17","11","raw PDF page 11; AGA 051.239; Protocol question column","NAMCARs 139.08.6 | NAMCARs 140.02.3","Does the aerodrome operator properly coordinate emergency response planning (ERP)?","sha256:b7d68491e319fd54c10b12356a73a5793a2ebb3af7115f58a7b45162ae43818e","all-forms-preview-051-0017","PROPOSED_SAFETY_CRITICAL","AERODROME_OPERATIONAL_SAFETY","true","SOURCE_MAPPING_REQUIRED","NOT_ATTESTED","CANDIDATE_INTERPRETATION_REQUIRES_EXPERT_REVIEW","NOT_SUPPLIED"
"FSS-AGA-FORM-051","AGA 051.241","18","12","raw PDF page 12; AGA 051.241; Protocol question column","NAMCARs 139.08.6","Has the aerodrome operator maintain SMS documentation?","sha256:befcb4a41ec7a5e6446e827dbf1a818a66ebe9321d56df02a9eae424f437f604","all-forms-preview-051-0018","PROPOSED_SAFETY_CRITICAL","AERODROME_OPERATIONAL_SAFETY","true","SOURCE_MAPPING_REQUIRED","NOT_ATTESTED","CANDIDATE_INTERPRETATION_REQUIRES_EXPERT_REVIEW","NOT_SUPPLIED"
"FSS-AGA-FORM-051","AGA 051.301","19","12","raw PDF page 12; AGA 051.301; Protocol question column","NAMCARs 139.08.6 | NAMCARs 140.02.2","Has the aerodrome operator implemented and maintained a formal process that ensures that hazards associated with its aviation products or services are identified?","sha256:a5085b8f257edc776936ca8c2cfa74c9af25100b64b1368bda1849042881205e","all-forms-preview-051-0019","PROPOSED_SAFETY_CRITICAL","AERODROME_OPERATIONAL_SAFETY","true","SOURCE_MAPPING_REQUIRED","NOT_ATTESTED","CANDIDATE_INTERPRETATION_REQUIRES_EXPERT_REVIEW","NOT_SUPPLIED"
"FSS-AGA-FORM-051","AGA 051.303","20","13","raw PDF page 13; AGA 051.303; Protocol question column","NAMCARs 139.08.6 | NAMCARs 140.02.2","Has the aerodrome operator implemented and maintained a formal process that ensures safety analysis, assessment and control of the safety risks associated with identified hazards?","sha256:53386437d18b3229a813238275abe4715600a9703212697a5132913932475aa4","all-forms-preview-051-0020","PROPOSED_SAFETY_CRITICAL","AERODROME_OPERATIONAL_SAFETY","true","SOURCE_MAPPING_REQUIRED","NOT_ATTESTED","CANDIDATE_INTERPRETATION_REQUIRES_EXPERT_REVIEW","NOT_SUPPLIED"
"FSS-AGA-FORM-051","AGA 051.305","21","13","raw PDF page 13; AGA 051.305; Protocol question column","NAMCARs 140.02.2 | NAMCARs 139.08.6","Has the aerodrome operator implemented a level of management responsibility for risk management?","sha256:8c6109d7708ad66a3bbd46b95eab41ddfe18fe3bd517381a83eba5058b5b0557","all-forms-preview-051-0021","PROPOSED_SAFETY_CRITICAL","AERODROME_OPERATIONAL_SAFETY","true","SOURCE_MAPPING_REQUIRED","NOT_ATTESTED","CANDIDATE_INTERPRETATION_REQUIRES_EXPERT_REVIEW","NOT_SUPPLIED"
"FSS-AGA-FORM-051","AGA 051.401","22","13","raw PDF page 13; AGA 051.401; Protocol question column","NAMCARs 139.08.6 | NAMCARs 140.02.2","Has the aerodrome operator maintain the means to verify the safety performance of the organization and to validate the effectiveness of safety risk controls?","sha256:256a20d97121816bbf8bffe780fd43bd5cc9b01bba2753aef41a7e31968c74b3","all-forms-preview-051-0022","PROPOSED_SAFETY_CRITICAL","AERODROME_OPERATIONAL_SAFETY","true","SOURCE_MAPPING_REQUIRED","NOT_ATTESTED","CANDIDATE_INTERPRETATION_REQUIRES_EXPERT_REVIEW","NOT_SUPPLIED"
"FSS-AGA-FORM-051","AGA 051.403","23","13","raw PDF page 13; AGA 051.403; Protocol question column","NAMCARs 139.08.6 | NAMCARs 140.02.2","Does the aerodrome operator use information and data to measure the safety performance generated through the safety reporting systems?","sha256:850f3e3bdc890eba6fbf2ba3b829d02098c580559b362d6b4b5f4e60b31d68a8","all-forms-preview-051-0023","PROPOSED_SAFETY_CRITICAL","AERODROME_OPERATIONAL_SAFETY","true","SOURCE_MAPPING_REQUIRED","NOT_ATTESTED","CANDIDATE_INTERPRETATION_REQUIRES_EXPERT_REVIEW","NOT_SUPPLIED"
"FSS-AGA-FORM-051","AGA 051.409","24","15","raw PDF page 15; AGA 051.409; Protocol question column","NAMCARs 139.08.6 | NAMCARs 140.02.2","Are the established reporting systems effectively implemented?","sha256:230676876139e82829db0673a29c8abff7ea011d2f472bd9d8e799e81a3fd96f","all-forms-preview-051-0024","PROPOSED_SAFETY_CRITICAL","AERODROME_OPERATIONAL_SAFETY","true","SOURCE_MAPPING_REQUIRED","NOT_ATTESTED","CANDIDATE_INTERPRETATION_REQUIRES_EXPERT_REVIEW","NOT_SUPPLIED"
"FSS-AGA-FORM-051","AGA 051.411","25","15","raw PDF page 15; AGA 051.411; Protocol question column","NAMCARs 139.08.6 | NAMCARs 140.02.2","Are the established internal safety investigations effectively implemented?","sha256:ef44385aab56f74b55fedd8fea74f6f99a352e5c304a5dd6207a4fb35f85605a","all-forms-preview-051-0025","PROPOSED_SAFETY_CRITICAL","AERODROME_OPERATIONAL_SAFETY","true","SOURCE_MAPPING_REQUIRED","NOT_ATTESTED","CANDIDATE_INTERPRETATION_REQUIRES_EXPERT_REVIEW","NOT_SUPPLIED"
"FSS-AGA-FORM-051","AGA 051.413","26","16","raw PDF page 16; AGA 051.413; Protocol question column","NAMCARs 139.08.6 | NAMCARs 140.02.2","Has the aerodrome operator developed and maintained a process to identify changes which may affect the level of safety risk associated with its aviation products or services?","sha256:c036eaf5cd1c1f4ec660d34af25ac298cda580abe5867c5ac3491c20dc8fc6fb","all-forms-preview-051-0026","PROPOSED_SAFETY_CRITICAL","AERODROME_OPERATIONAL_SAFETY","true","SOURCE_MAPPING_REQUIRED","NOT_ATTESTED","CANDIDATE_INTERPRETATION_REQUIRES_EXPERT_REVIEW","NOT_SUPPLIED"
"FSS-AGA-FORM-051","AGA 051.417","27","17","raw PDF page 17; AGA 051.417; Protocol question column","NAMCARs 139.08.6 | NAMCARs 140.02.2","Does the aerodrome operator monitor and assess the effectiveness of its SMS processes to enable continuous improvement of the overall performance of the SMS?","sha256:b9747c2ec3a1daec9f79bd15a7fe514d0b4c960b52a3ac3be958504d493c7195","all-forms-preview-051-0027","PROPOSED_SAFETY_CRITICAL","AERODROME_OPERATIONAL_SAFETY","true","SOURCE_MAPPING_REQUIRED","NOT_ATTESTED","CANDIDATE_INTERPRETATION_REQUIRES_EXPERT_REVIEW","NOT_SUPPLIED"
"FSS-AGA-FORM-051","AGA 051.419","28","17","raw PDF page 17; AGA 051.419; Protocol question column","NAMCARs 139.08.6 | NAMCARs 140.02.2","Does the aerodrome operator have an evaluation processes that contribute to their ability to achieve continuous improvement in safety performance?","sha256:0a73f3ae3b0e47602fe726669d35fa31b5c188b5213b04387c2190f1fa24a4c6","all-forms-preview-051-0028","PROPOSED_SAFETY_CRITICAL","AERODROME_OPERATIONAL_SAFETY","true","SOURCE_MAPPING_REQUIRED","NOT_ATTESTED","CANDIDATE_INTERPRETATION_REQUIRES_EXPERT_REVIEW","NOT_SUPPLIED"
"FSS-AGA-FORM-051","AGA 051.421","29","18","raw PDF page 18; AGA 051.421; Protocol question column","NAMCARs 139.08.6 | NAMCARs 140.02.2","Does the aerodrome operator have an audit processes that contribute to their ability to achieve continuous improvement in safety performance?","sha256:cc9e95688b9a8d86b6c4e5532cee036fe7b0b273cda69b0c72a13d6ab859bdfe","all-forms-preview-051-0029","PROPOSED_SAFETY_CRITICAL","AERODROME_OPERATIONAL_SAFETY","true","SOURCE_MAPPING_REQUIRED","NOT_ATTESTED","CANDIDATE_INTERPRETATION_REQUIRES_EXPERT_REVIEW","NOT_SUPPLIED"
"FSS-AGA-FORM-051","AGA 051.423","30","18","raw PDF page 18; AGA 051.423; Protocol question column","NAMCARs 139.08.6 | NAMCARs 140.02.2","Does the aerodrome operator conduct external audits of the SMS to enhance the internal audit system and provide independent oversight?","sha256:8def2ae3a865009a43d2ccd5095216379bde91659e6391be999d3a74c654f301","all-forms-preview-051-0030","PROPOSED_SAFETY_CRITICAL","AERODROME_OPERATIONAL_SAFETY","true","SOURCE_MAPPING_REQUIRED","NOT_ATTESTED","CANDIDATE_INTERPRETATION_REQUIRES_EXPERT_REVIEW","NOT_SUPPLIED"
"FSS-AGA-FORM-051","AGA 051.501","31","18","raw PDF page 18; AGA 051.501; Protocol question column","NAMCARs 139.08.6 | NAMCARs 140.02.2","Has the aerodrome operator implemented a safety training programme that ensures that personnel are trained and competent to perform their SMS duties?","sha256:c0b4eb06016df99fbdd776cf440c8dd28e7552459137b3e0905cd93239dc4229","all-forms-preview-051-0031","PROPOSED_SAFETY_CRITICAL","AERODROME_OPERATIONAL_SAFETY","true","SOURCE_MAPPING_REQUIRED","NOT_ATTESTED","CANDIDATE_INTERPRETATION_REQUIRES_EXPERT_REVIEW","NOT_SUPPLIED"
"FSS-AGA-FORM-051","AGA 051.503","32","19","raw PDF page 19; AGA 051.503; Protocol question column","NAMCARs 139.08.6 | NAMCARs 140.02.2","Has the aerodrome operator implemented documentation to support the SMS training plan?","sha256:b2e7db339429ef5194d3359c8656d1460cef4486fd0e5739b8f850bd4d2e5acf","all-forms-preview-051-0032","PROPOSED_SAFETY_CRITICAL","AERODROME_OPERATIONAL_SAFETY","true","SOURCE_MAPPING_REQUIRED","NOT_ATTESTED","CANDIDATE_INTERPRETATION_REQUIRES_EXPERT_REVIEW","NOT_SUPPLIED"
"FSS-AGA-FORM-051","AGA 051.505","33","19","raw PDF page 19; AGA 051.505; Protocol question column","NAMCARs 139.08.6 | NAMCARs 140.02.2","Has the aerodrome operator maintained a formal means for safety communication?","sha256:d5e80028806e621d1cdee036fd6688750ca6733ed4a34bc194d7735b01da5999","all-forms-preview-051-0033","PROPOSED_SAFETY_CRITICAL","AERODROME_OPERATIONAL_SAFETY","true","SOURCE_MAPPING_REQUIRED","NOT_ATTESTED","CANDIDATE_INTERPRETATION_REQUIRES_EXPERT_REVIEW","NOT_SUPPLIED"
"FSS-AGA-FORM-053","AGA 053.102","1","1","raw PDF page 1; AGA 053.102; Protocol question column","NAMCARs 139.08.6","Are the objectives of the study clearly defined?","sha256:9a86869662337057c97d0413ce5a8ed8bf68f88eba89e9562efa142f4242d170","all-forms-preview-053-0001","PROPOSED_HIGH_OPERATIONAL","OPERATIONAL_ASSURANCE","false","SOURCE_MAPPING_REQUIRED","NOT_ATTESTED","CANDIDATE_INTERPRETATION_REQUIRES_EXPERT_REVIEW","NOT_SUPPLIED"
"FSS-AGA-FORM-053","AGA 053.104","2","1","raw PDF page 1; AGA 053.104; Protocol question column","NAMCARs 139.08.6","Has the risk assessment been done using appropriate risk management tools?","sha256:625e50956379849daf6aff0be9932f7f2abba2a6e7afa07c2a12775c2008ce44","all-forms-preview-053-0002","PROPOSED_HIGH_OPERATIONAL","OPERATIONAL_ASSURANCE","false","SOURCE_MAPPING_REQUIRED","NOT_ATTESTED","CANDIDATE_INTERPRETATION_REQUIRES_EXPERT_REVIEW","NOT_SUPPLIED"
"FSS-AGA-FORM-053","AGA 053.106","3","1","raw PDF page 1; AGA 053.106; Protocol question column","NAMCARs 139.08.6","Is the risk assessment done by the applicant adequate for all the risks identified for the activity this application refers to?","sha256:a0676fd1e7e93573176402d7354aa986b5312e44474a83a1fadb4eea2a63b957","all-forms-preview-053-0003","PROPOSED_HIGH_OPERATIONAL","OPERATIONAL_ASSURANCE","false","SOURCE_MAPPING_REQUIRED","NOT_ATTESTED","CANDIDATE_INTERPRETATION_REQUIRES_EXPERT_REVIEW","NOT_SUPPLIED"
"FSS-AGA-FORM-053","AGA 053.108","4","1","raw PDF page 1; AGA 053.108; Protocol question column","NAMCARs 139.08.6","Does the risk assessment address all hazards associated with the process?","sha256:51c302d1f697d1e8cf37222d9a8f811ad1a329c48e540e950bdb902214f4a21e","all-forms-preview-053-0004","PROPOSED_HIGH_OPERATIONAL","OPERATIONAL_ASSURANCE","false","SOURCE_MAPPING_REQUIRED","NOT_ATTESTED","CANDIDATE_INTERPRETATION_REQUIRES_EXPERT_REVIEW","NOT_SUPPLIED"
"FSS-AGA-FORM-053","AGA 053.110","5","1","raw PDF page 1; AGA 053.110; Protocol question column","NAMCARs 139.08.6","Does the risk assessment consider appropriate probability weighting?","sha256:54fc613785e14666443540e99393ec86ff1d12a7507a314dc259fa17ad9b70a0","all-forms-preview-053-0005","PROPOSED_HIGH_OPERATIONAL","OPERATIONAL_ASSURANCE","false","SOURCE_MAPPING_REQUIRED","NOT_ATTESTED","CANDIDATE_INTERPRETATION_REQUIRES_EXPERT_REVIEW","NOT_SUPPLIED"
"FSS-AGA-FORM-053","AGA 053.114","6","1","raw PDF page 1; AGA 053.114; Protocol question column","NAMCARs 139.08.6","Does the risk assessment consider appropriate severity weighting?","sha256:12af7aa26284b92771edeb9652037b40a21e69d3782ff10024eb4a322d6c7706","all-forms-preview-053-0006","PROPOSED_HIGH_OPERATIONAL","OPERATIONAL_ASSURANCE","false","SOURCE_MAPPING_REQUIRED","NOT_ATTESTED","CANDIDATE_INTERPRETATION_REQUIRES_EXPERT_REVIEW","NOT_SUPPLIED"
"FSS-AGA-FORM-053","AGA 053.116","7","2","raw PDF page 2; AGA 053.116; Protocol question column","NAMCARs 139.08.6","Does the risk assessment use an acceptable matrix to combine probability and severity?","sha256:06c581ecbcc68541ae2d730b84e18b86e480a43f1e7645b7027f444d0628d9cf","all-forms-preview-053-0007","PROPOSED_HIGH_OPERATIONAL","OPERATIONAL_ASSURANCE","false","SOURCE_MAPPING_REQUIRED","NOT_ATTESTED","CANDIDATE_INTERPRETATION_REQUIRES_EXPERT_REVIEW","NOT_SUPPLIED"
"FSS-AGA-FORM-053","AGA 053.118","8","2","raw PDF page 2; AGA 053.118; Protocol question column","NAMCARs 139.08.6","Does the risk mitigation control the risk to an acceptable level of safety?","sha256:97ea65182b090f65a34847500ce01a62f68616914d2c1220f7cb85572cd78de4","all-forms-preview-053-0008","PROPOSED_HIGH_OPERATIONAL","OPERATIONAL_ASSURANCE","false","SOURCE_MAPPING_REQUIRED","NOT_ATTESTED","CANDIDATE_INTERPRETATION_REQUIRES_EXPERT_REVIEW","NOT_SUPPLIED"
"FSS-AGA-FORM-053","AGA 053.120","9","2","raw PDF page 2; AGA 053.120; Protocol question column","NAMCARs 139.08.6","Are the proposed mitigations appropriate for the management of the risk assessed?","sha256:33f27da4c167277a5f15525bd2d7878344d38068601322d32a1cf515a163dfd9","all-forms-preview-053-0009","PROPOSED_HIGH_OPERATIONAL","OPERATIONAL_ASSURANCE","false","SOURCE_MAPPING_REQUIRED","NOT_ATTESTED","CANDIDATE_INTERPRETATION_REQUIRES_EXPERT_REVIEW","NOT_SUPPLIED"
"FSS-AGA-FORM-053","AGA 053.122","10","2","raw PDF page 2; AGA 053.122; Protocol question column","NAMCARs 139.08.6","Has the mitigation been assigned to a responsible party?","sha256:24314dd8573872db859b925d7003d1d33733d44a31a14bcce68f3a5f0dd9f503","all-forms-preview-053-0010","PROPOSED_HIGH_OPERATIONAL","OPERATIONAL_ASSURANCE","false","SOURCE_MAPPING_REQUIRED","NOT_ATTESTED","CANDIDATE_INTERPRETATION_REQUIRES_EXPERT_REVIEW","NOT_SUPPLIED"
"FSS-AGA-FORM-053","AGA 053.124","11","2","raw PDF page 2; AGA 053.124; Protocol question column","NAMCARs 139.08.6","Does the mitigation have a time frame for completion?","sha256:6584349fbd235b44ad0b2d727b4f300011d74b67b0f32c9fca17e0f2e696b2fb","all-forms-preview-053-0011","PROPOSED_HIGH_OPERATIONAL","OPERATIONAL_ASSURANCE","false","SOURCE_MAPPING_REQUIRED","NOT_ATTESTED","CANDIDATE_INTERPRETATION_REQUIRES_EXPERT_REVIEW","NOT_SUPPLIED"
"FSS-AGA-FORM-053","AGA 053.126","12","2","raw PDF page 2; AGA 053.126; Protocol question column","NAMCARs 139.08.6","Is the risk assessment completed by an appropriately qualified party and signed by a third party (accountable executive or equivalent, as applicable)?","sha256:f68255d40c00573cf364b0f191763f7491adfe42c3678aa603799862f560db67","all-forms-preview-053-0012","PROPOSED_HIGH_OPERATIONAL","OPERATIONAL_ASSURANCE","false","SOURCE_MAPPING_REQUIRED","NOT_ATTESTED","CANDIDATE_INTERPRETATION_REQUIRES_EXPERT_REVIEW","NOT_SUPPLIED"
"FSS-AGA-FORM-053","AGA 053.128","13","2","raw PDF page 2; AGA 053.128; Protocol question column","NAMCARs 139.08.6","Does the study report include the feedback received from aviation stakeholders regarding the proposed changes?","sha256:6b5e1da4230e1e34b4fe0ed5c4d947cd3fb399e3a9f31b12b31072f7d156ae3d","all-forms-preview-053-0013","PROPOSED_HIGH_OPERATIONAL","OPERATIONAL_ASSURANCE","false","SOURCE_MAPPING_REQUIRED","NOT_ATTESTED","CANDIDATE_INTERPRETATION_REQUIRES_EXPERT_REVIEW","NOT_SUPPLIED"
"FSS-AGA-FORM-053","AGA 053.130","14","2","raw PDF page 2; AGA 053.130; Protocol question column","NAMCARs 139.08.6","Does the risk assessment have a conclusion, that is to continue the action or continue the operation after implementation of the mitigations etc?","sha256:1af4bc7c7c9ba4d4b5aabd5086486cbbe134f3cf44cd1989106aa451345db3ec","all-forms-preview-053-0014","PROPOSED_HIGH_OPERATIONAL","OPERATIONAL_ASSURANCE","false","SOURCE_MAPPING_REQUIRED","NOT_ATTESTED","CANDIDATE_INTERPRETATION_REQUIRES_EXPERT_REVIEW","NOT_SUPPLIED"
